north: 2387132.610888
south: 2383922.610888
east: 592458.135509
west: 590068.135509
rows: 321
cols: 239
0.000000 0.000000 0.000000 0.000000 0.000000 0.000000 0.000000 0.000000 0.000000 0.000000 0.000000 0.000000 0.000000 0.000000 0.000000 0.000000 0.000000 0.000000 0.000000 0.000000 0.000000 0.000000 0.000000 0.000000 0.000000 0.000000 0.000000 0.000000 0.000000 0.000000 0.000000 0.000000 0.000000 0.000000 0.000000 0.000000 0.000000 0.000000 0.000000 0.000000 0.000000 0.000000 0.000000 0.000000 0.000000 0.000000 0.000000 0.000000 0.000000 0.000000 0.000000 0.000000 0.000000 0.000000 0.000000 0.000000 0.000000 0.000000 0.000000 0.000000 0.000000 0.000000 0.000000 0.000000 0.000000 0.000000 0.000000 0.000000 0.000000 0.000000 0.000000 0.000000 0.000000 0.000000 0.000000 0.000000 0.000000 0.000000 0.000000 0.000000 0.000000 0.000000 0.000000 -0.484298 -0.500000 -0.500000 0.000000 0.000000 0.000000 0.000000 0.000000 0.000000 0.000000 0.000000 0.000000 0.000000 0.000000 0.000000 0.000000 0.000000 0.000000 0.000000 0.000000 0.000000 0.000000 0.000000 0.000000 0.000000 0.000000 0.000000 0.000000 0.000000 0.000000 0.000000 0.000000 0.000000 0.000000 0.000000 0.000000 0.000000 0.000000 0.000000 0.000000 0.000000 0.000000 0.000000 0.000000 0.000000 0.000000 0.000000 0.000000 0.000000 0.000000 0.000000 0.000000 0.000000 0.000000 0.000000 0.000000 0.000000 0.000000 0.000000 0.000000 0.000000 0.000000 0.000000 0.000000 0.000000 0.000000 0.000000 0.000000 0.000000 0.000000 0.000000 0.000000 0.000000 0.000000 0.000000 0.000000 0.000000 0.000000 0.000000 0.000000 0.000000 0.000000 0.000000 0.000000 0.000000 0.000000 0.000000 0.000000 0.000000 0.000000 0.000000 0.000000 0.000000 0.000000 0.000000 0.000000 0.000000 0.000000 0.000000 0.000000 0.000000 0.000000 0.000000 0.000000 0.000000 0.000000 0.000000 0.000000 0.000000 0.000000 0.000000 0.000000 0.000000 0.000000 0.000000 0.000000 0.000000 0.000000 0.000000 0.000000 0.000000 0.000000 0.000000 0.000000 0.000000 0.000000 0.000000 0.000000 0.000000 0.000000 0.000000 0.000000 0.000000 0.000000 0.000000 0.000000 0.000000 0.000000 0.000000 0.000000 0.000000 0.000000 0.000000 0.000000 0.000000 0.000000 0.000000 0.000000 0.000000 0.000000 0.000000 0.000000 0.000000 0.000000 0.000000 0.000000 
0.000000 0.000000 0.000000 0.000000 0.000000 0.000000 0.000000 0.000000 0.000000 0.000000 0.000000 0.000000 0.000000 0.000000 0.000000 0.000000 0.000000 0.000000 0.000000 0.000000 0.000000 0.000000 0.000000 0.000000 0.000000 0.000000 0.000000 0.000000 0.000000 0.000000 0.000000 0.000000 0.000000 0.000000 0.000000 0.000000 0.000000 0.000000 0.000000 0.000000 0.000000 0.000000 0.000000 0.000000 0.000000 0.000000 0.000000 0.000000 0.000000 0.000000 0.000000 0.000000 0.000000 0.000000 0.000000 0.000000 0.000000 0.000000 0.000000 0.000000 0.000000 0.000000 0.000000 0.000000 0.000000 0.000000 0.000000 0.000000 0.000000 0.000000 0.000000 0.000000 0.000000 0.000000 0.000000 0.000000 0.000000 0.000000 -0.375636 0.054851 0.371712 1.185384 1.099351 0.443938 -0.320543 -0.479067 -0.488250 0.000000 0.000000 0.000000 0.000000 0.000000 0.000000 0.000000 0.000000 0.000000 0.000000 0.000000 0.000000 0.000000 0.000000 0.000000 0.000000 0.000000 0.000000 0.000000 0.000000 0.000000 0.000000 0.000000 0.000000 0.000000 0.000000 0.000000 0.000000 0.000000 0.000000 0.000000 0.000000 0.000000 0.000000 0.000000 0.000000 0.000000 0.000000 0.000000 0.000000 0.000000 0.000000 0.000000 0.000000 0.000000 0.000000 0.000000 0.000000 0.000000 0.000000 0.000000 0.000000 0.000000 0.000000 0.000000 0.000000 0.000000 0.000000 0.000000 0.000000 0.000000 0.000000 0.000000 0.000000 0.000000 0.000000 0.000000 0.000000 0.000000 0.000000 0.000000 0.000000 0.000000 0.000000 0.000000 0.000000 0.000000 0.000000 0.000000 0.000000 0.000000 0.000000 0.000000 0.000000 0.000000 0.000000 0.000000 0.000000 0.000000 0.000000 0.000000 0.000000 0.000000 0.000000 0.000000 0.000000 0.000000 0.000000 0.000000 0.000000 0.000000 0.000000 0.000000 0.000000 0.000000 0.000000 0.000000 0.000000 0.000000 0.000000 0.000000 0.000000 0.000000 0.000000 0.000000 0.000000 0.000000 0.000000 0.000000 0.000000 0.000000 0.000000 0.000000 0.000000 0.000000 0.000000 0.000000 0.000000 0.000000 0.000000 0.000000 0.000000 0.000000 0.000000 0.000000 0.000000 0.000000 0.000000 0.000000 0.000000 0.000000 0.000000 0.000000 0.000000 0.000000 0.000000 0.000000 0.000000 0.000000 0.000000 0.000000 0.000000 
0.000000 0.000000 0.000000 0.000000 0.000000 0.000000 0.000000 0.000000 0.000000 0.000000 0.000000 0.000000 0.000000 0.000000 0.000000 0.000000 0.000000 0.000000 0.000000 0.000000 0.000000 0.000000 0.000000 0.000000 0.000000 0.000000 0.000000 0.000000 0.000000 0.000000 0.000000 0.000000 0.000000 0.000000 0.000000 0.000000 0.000000 0.000000 0.000000 0.000000 0.000000 0.000000 0.000000 0.000000 0.000000 0.000000 0.000000 0.000000 0.000000 0.000000 0.000000 0.000000 0.000000 0.000000 0.000000 0.000000 0.000000 0.000000 0.000000 0.000000 0.000000 0.000000 0.000000 0.000000 0.000000 0.000000 0.000000 0.000000 0.000000 0.000000 0.000000 0.000000 0.000000 0.000000 0.000000 0.000000 0.625411 0.289552 0.500170 1.738459 1.948957 2.129557 1.844498 1.701938 1.209273 0.468024 0.203422 -0.442026 0.000000 0.000000 0.000000 0.000000 0.000000 0.000000 0.000000 0.000000 0.000000 0.000000 0.000000 0.000000 0.000000 0.000000 0.000000 0.000000 0.000000 0.000000 0.000000 0.000000 0.000000 0.000000 0.000000 0.000000 0.000000 0.000000 0.000000 0.000000 0.000000 0.000000 0.000000 0.000000 0.000000 0.000000 0.000000 0.000000 0.000000 0.000000 0.000000 0.000000 0.000000 0.000000 0.000000 0.000000 0.000000 0.000000 0.000000 0.000000 0.000000 0.000000 0.000000 0.000000 0.000000 0.000000 0.000000 0.000000 0.000000 0.000000 0.000000 0.000000 0.000000 0.000000 0.000000 0.000000 0.000000 0.000000 0.000000 0.000000 0.000000 0.000000 0.000000 0.000000 0.000000 0.000000 0.000000 0.000000 0.000000 0.000000 0.000000 0.000000 0.000000 0.000000 0.000000 0.000000 0.000000 0.000000 0.000000 0.000000 0.000000 0.000000 0.000000 0.000000 0.000000 0.000000 0.000000 0.000000 0.000000 0.000000 0.000000 0.000000 0.000000 0.000000 0.000000 0.000000 0.000000 0.000000 0.000000 0.000000 0.000000 0.000000 0.000000 0.000000 0.000000 0.000000 0.000000 0.000000 0.000000 0.000000 0.000000 0.000000 0.000000 0.000000 0.000000 0.000000 0.000000 0.000000 0.000000 0.000000 0.000000 0.000000 0.000000 0.000000 0.000000 0.000000 0.000000 0.000000 0.000000 0.000000 0.000000 0.000000 0.000000 0.000000 0.000000 0.000000 0.000000 0.000000 0.000000 0.000000 0.000000 0.000000 0.000000 
0.000000 0.000000 0.000000 0.000000 0.000000 0.000000 0.000000 0.000000 0.000000 0.000000 0.000000 0.000000 0.000000 0.000000 0.000000 0.000000 0.000000 0.000000 0.000000 0.000000 0.000000 0.000000 0.000000 0.000000 0.000000 0.000000 0.000000 0.000000 0.000000 0.000000 0.000000 0.000000 0.000000 0.000000 0.000000 0.000000 0.000000 0.000000 0.000000 0.000000 0.000000 0.000000 0.000000 0.000000 0.000000 0.000000 0.000000 0.000000 0.000000 0.000000 0.000000 0.000000 0.000000 0.000000 0.000000 0.000000 0.000000 0.000000 0.000000 0.000000 0.000000 0.000000 0.000000 0.000000 0.000000 0.000000 0.000000 0.000000 0.000000 0.000000 0.000000 0.000000 0.000000 -0.499999 0.080802 1.159796 1.778760 1.895246 2.145352 3.178720 4.075603 3.350323 2.880915 2.837980 2.247689 1.917193 1.280222 -0.071387 -0.448531 0.000000 0.000000 0.000000 0.000000 0.000000 0.000000 0.000000 0.000000 0.000000 0.000000 0.000000 0.000000 0.000000 0.000000 0.000000 0.000000 0.000000 0.000000 0.000000 0.000000 0.000000 0.000000 0.000000 0.000000 0.000000 0.000000 0.000000 0.000000 0.000000 0.000000 0.000000 0.000000 0.000000 0.000000 0.000000 0.000000 0.000000 0.000000 0.000000 0.000000 0.000000 0.000000 0.000000 0.000000 0.000000 0.000000 0.000000 0.000000 0.000000 0.000000 0.000000 0.000000 0.000000 0.000000 0.000000 0.000000 0.000000 0.000000 0.000000 0.000000 0.000000 0.000000 0.000000 0.000000 0.000000 0.000000 0.000000 0.000000 0.000000 0.000000 0.000000 0.000000 0.000000 0.000000 0.000000 0.000000 0.000000 0.000000 0.000000 0.000000 0.000000 0.000000 0.000000 0.000000 0.000000 0.000000 0.000000 0.000000 0.000000 0.000000 0.000000 0.000000 0.000000 0.000000 0.000000 0.000000 0.000000 0.000000 0.000000 0.000000 0.000000 0.000000 0.000000 0.000000 0.000000 0.000000 0.000000 0.000000 0.000000 0.000000 0.000000 0.000000 0.000000 0.000000 0.000000 0.000000 0.000000 0.000000 0.000000 0.000000 0.000000 0.000000 0.000000 0.000000 0.000000 0.000000 0.000000 0.000000 0.000000 0.000000 0.000000 0.000000 0.000000 0.000000 0.000000 0.000000 0.000000 0.000000 0.000000 0.000000 0.000000 0.000000 0.000000 0.000000 0.000000 0.000000 0.000000 0.000000 0.000000 0.000000 
0.000000 0.000000 0.000000 0.000000 0.000000 0.000000 0.000000 0.000000 0.000000 0.000000 0.000000 0.000000 0.000000 0.000000 0.000000 0.000000 0.000000 0.000000 0.000000 0.000000 0.000000 0.000000 0.000000 0.000000 0.000000 0.000000 0.000000 0.000000 0.000000 0.000000 0.000000 0.000000 0.000000 0.000000 0.000000 0.000000 0.000000 0.000000 0.000000 0.000000 0.000000 0.000000 0.000000 0.000000 0.000000 0.000000 0.000000 0.000000 0.000000 0.000000 0.000000 0.000000 0.000000 0.000000 0.000000 0.000000 0.000000 0.000000 0.000000 0.000000 0.000000 0.000000 0.000000 0.000000 0.000000 0.000000 0.000000 0.000000 0.000000 0.000000 0.000000 0.000000 0.000000 0.000000 0.835668 2.171899 2.708390 3.689305 3.757985 4.066569 3.921589 3.880648 2.890341 2.536775 2.517108 2.562612 2.097982 1.169901 0.775909 -0.286962 0.000000 0.000000 0.000000 0.000000 0.000000 0.000000 0.000000 0.000000 0.000000 0.000000 0.000000 0.000000 0.000000 0.000000 0.000000 0.000000 0.000000 0.000000 0.000000 0.000000 0.000000 0.000000 0.000000 0.000000 0.000000 0.000000 0.000000 0.000000 0.000000 0.000000 0.000000 0.000000 0.000000 0.000000 0.000000 0.000000 0.000000 0.000000 0.000000 0.000000 0.000000 0.000000 0.000000 0.000000 0.000000 0.000000 0.000000 0.000000 0.000000 0.000000 0.000000 0.000000 0.000000 0.000000 0.000000 0.000000 0.000000 0.000000 0.000000 0.000000 0.000000 0.000000 0.000000 0.000000 0.000000 0.000000 0.000000 0.000000 0.000000 0.000000 0.000000 0.000000 0.000000 0.000000 0.000000 0.000000 0.000000 0.000000 0.000000 0.000000 0.000000 0.000000 0.000000 0.000000 0.000000 0.000000 0.000000 0.000000 0.000000 0.000000 0.000000 0.000000 0.000000 0.000000 0.000000 0.000000 0.000000 0.000000 0.000000 0.000000 0.000000 0.000000 0.000000 0.000000 0.000000 0.000000 0.000000 0.000000 0.000000 0.000000 0.000000 0.000000 0.000000 0.000000 0.000000 0.000000 0.000000 0.000000 0.000000 0.000000 0.000000 0.000000 0.000000 0.000000 0.000000 0.000000 0.000000 0.000000 0.000000 0.000000 0.000000 0.000000 0.000000 0.000000 0.000000 0.000000 0.000000 0.000000 0.000000 0.000000 0.000000 0.000000 0.000000 0.000000 0.000000 0.000000 0.000000 0.000000 0.000000 
0.000000 0.000000 0.000000 0.000000 0.000000 0.000000 0.000000 0.000000 0.000000 0.000000 0.000000 0.000000 0.000000 0.000000 0.000000 0.000000 0.000000 0.000000 0.000000 0.000000 0.000000 0.000000 0.000000 0.000000 0.000000 0.000000 0.000000 0.000000 0.000000 0.000000 0.000000 0.000000 0.000000 0.000000 0.000000 0.000000 0.000000 0.000000 0.000000 0.000000 0.000000 0.000000 0.000000 0.000000 0.000000 0.000000 0.000000 0.000000 0.000000 0.000000 0.000000 0.000000 0.000000 0.000000 0.000000 0.000000 0.000000 0.000000 0.000000 0.000000 0.000000 0.000000 0.000000 0.000000 0.000000 0.000000 0.000000 0.000000 0.000000 0.000000 0.000000 0.000000 0.000000 0.000000 0.000000 2.992619 2.706658 2.971941 3.701936 3.823485 3.588355 3.449803 2.797232 3.185574 3.210620 3.379303 3.081588 2.011394 1.294366 -0.012658 0.000000 0.000000 0.000000 0.000000 0.000000 0.000000 0.000000 0.000000 0.000000 0.000000 0.000000 0.000000 0.000000 0.000000 0.000000 0.000000 0.000000 0.000000 0.000000 0.000000 0.000000 0.000000 0.000000 0.000000 0.000000 0.000000 0.000000 0.000000 0.000000 0.000000 0.000000 0.000000 0.000000 0.000000 0.000000 0.000000 0.000000 0.000000 0.000000 0.000000 0.000000 0.000000 0.000000 0.000000 0.000000 0.000000 0.000000 0.000000 0.000000 0.000000 0.000000 0.000000 0.000000 0.000000 0.000000 0.000000 0.000000 0.000000 0.000000 0.000000 0.000000 0.000000 0.000000 0.000000 0.000000 0.000000 0.000000 0.000000 0.000000 0.000000 0.000000 0.000000 0.000000 0.000000 0.000000 0.000000 0.000000 0.000000 0.000000 0.000000 0.000000 0.000000 0.000000 0.000000 0.000000 0.000000 0.000000 0.000000 0.000000 0.000000 0.000000 0.000000 0.000000 0.000000 0.000000 0.000000 0.000000 0.000000 0.000000 0.000000 0.000000 0.000000 0.000000 0.000000 0.000000 0.000000 0.000000 0.000000 0.000000 0.000000 0.000000 0.000000 0.000000 0.000000 0.000000 0.000000 0.000000 0.000000 0.000000 0.000000 0.000000 0.000000 0.000000 0.000000 0.000000 0.000000 0.000000 0.000000 0.000000 0.000000 0.000000 0.000000 0.000000 0.000000 0.000000 0.000000 0.000000 0.000000 0.000000 0.000000 0.000000 0.000000 0.000000 0.000000 0.000000 0.000000 0.000000 0.000000 0.000000 
0.000000 0.000000 0.000000 0.000000 0.000000 0.000000 0.000000 0.000000 0.000000 0.000000 0.000000 0.000000 0.000000 0.000000 0.000000 0.000000 0.000000 0.000000 0.000000 0.000000 0.000000 0.000000 0.000000 0.000000 0.000000 0.000000 0.000000 0.000000 0.000000 0.000000 0.000000 0.000000 0.000000 0.000000 0.000000 0.000000 0.000000 0.000000 0.000000 0.000000 0.000000 0.000000 0.000000 0.000000 0.000000 0.000000 0.000000 0.000000 0.000000 0.000000 0.000000 0.000000 0.000000 0.000000 0.000000 0.000000 0.000000 0.000000 0.000000 0.000000 0.000000 0.000000 0.000000 0.000000 0.000000 0.000000 0.000000 0.000000 0.000000 0.000000 0.000000 0.000000 0.000000 0.000000 0.000000 1.603018 2.651752 2.928059 2.994499 3.707313 3.636472 3.035084 3.442280 3.607897 3.503448 3.496877 3.319587 3.023135 1.302305 -0.220343 0.000000 0.000000 0.000000 0.000000 0.000000 0.000000 0.000000 0.000000 0.000000 0.000000 0.000000 0.000000 0.000000 0.000000 0.000000 0.000000 0.000000 0.000000 0.000000 0.000000 0.000000 0.000000 0.000000 0.000000 0.000000 0.000000 0.000000 0.000000 0.000000 0.000000 0.000000 0.000000 0.000000 0.000000 0.000000 0.000000 0.000000 0.000000 0.000000 0.000000 0.000000 0.000000 0.000000 0.000000 0.000000 0.000000 0.000000 0.000000 0.000000 0.000000 0.000000 0.000000 0.000000 0.000000 0.000000 0.000000 0.000000 0.000000 0.000000 0.000000 0.000000 0.000000 0.000000 0.000000 0.000000 0.000000 0.000000 0.000000 0.000000 0.000000 0.000000 0.000000 0.000000 0.000000 0.000000 0.000000 0.000000 0.000000 0.000000 0.000000 0.000000 0.000000 0.000000 0.000000 0.000000 0.000000 0.000000 0.000000 0.000000 0.000000 0.000000 0.000000 0.000000 0.000000 0.000000 0.000000 0.000000 0.000000 0.000000 0.000000 0.000000 0.000000 0.000000 0.000000 0.000000 0.000000 0.000000 0.000000 0.000000 0.000000 0.000000 0.000000 0.000000 0.000000 0.000000 0.000000 0.000000 0.000000 0.000000 0.000000 0.000000 0.000000 0.000000 0.000000 0.000000 0.000000 0.000000 0.000000 0.000000 0.000000 0.000000 0.000000 0.000000 0.000000 0.000000 0.000000 0.000000 0.000000 0.000000 0.000000 0.000000 0.000000 0.000000 0.000000 0.000000 0.000000 0.000000 0.000000 0.000000 
0.000000 0.000000 0.000000 0.000000 0.000000 0.000000 0.000000 0.000000 0.000000 0.000000 0.000000 0.000000 0.000000 0.000000 0.000000 0.000000 0.000000 0.000000 0.000000 0.000000 0.000000 0.000000 0.000000 0.000000 0.000000 0.000000 0.000000 0.000000 0.000000 0.000000 0.000000 0.000000 0.000000 0.000000 0.000000 0.000000 0.000000 0.000000 0.000000 0.000000 0.000000 0.000000 0.000000 0.000000 0.000000 0.000000 0.000000 0.000000 0.000000 0.000000 0.000000 0.000000 0.000000 0.000000 0.000000 0.000000 0.000000 0.000000 0.000000 0.000000 0.000000 0.000000 0.000000 0.000000 0.000000 0.000000 0.000000 0.000000 0.000000 0.000000 0.000000 0.000000 0.000000 0.000000 0.000000 0.000000 0.363548 2.092982 2.334941 3.210067 2.793088 4.439434 4.176272 3.462233 3.446407 3.390795 3.544053 3.331130 1.586036 0.047386 0.000000 0.000000 0.000000 0.000000 0.000000 0.000000 0.000000 0.000000 0.000000 0.000000 0.000000 0.000000 0.000000 0.000000 0.000000 0.000000 0.000000 0.000000 0.000000 0.000000 0.000000 0.000000 0.000000 0.000000 0.000000 0.000000 0.000000 0.000000 0.000000 0.000000 0.000000 0.000000 0.000000 0.000000 0.000000 0.000000 0.000000 0.000000 0.000000 0.000000 0.000000 0.000000 0.000000 0.000000 0.000000 0.000000 0.000000 0.000000 0.000000 0.000000 0.000000 0.000000 0.000000 0.000000 0.000000 0.000000 0.000000 0.000000 0.000000 0.000000 0.000000 0.000000 0.000000 0.000000 0.000000 0.000000 0.000000 0.000000 0.000000 0.000000 0.000000 0.000000 0.000000 0.000000 0.000000 0.000000 0.000000 0.000000 0.000000 0.000000 0.000000 0.000000 0.000000 0.000000 0.000000 0.000000 0.000000 0.000000 0.000000 0.000000 0.000000 0.000000 0.000000 0.000000 0.000000 0.000000 0.000000 0.000000 0.000000 0.000000 0.000000 0.000000 0.000000 0.000000 0.000000 0.000000 0.000000 0.000000 0.000000 0.000000 0.000000 0.000000 0.000000 0.000000 0.000000 0.000000 0.000000 0.000000 0.000000 0.000000 0.000000 0.000000 0.000000 0.000000 0.000000 0.000000 0.000000 0.000000 0.000000 0.000000 0.000000 0.000000 0.000000 0.000000 0.000000 0.000000 0.000000 0.000000 0.000000 0.000000 0.000000 0.000000 0.000000 0.000000 0.000000 0.000000 0.000000 0.000000 0.000000 
0.000000 0.000000 0.000000 0.000000 0.000000 0.000000 0.000000 0.000000 0.000000 0.000000 0.000000 0.000000 0.000000 0.000000 0.000000 0.000000 0.000000 0.000000 0.000000 0.000000 0.000000 0.000000 0.000000 0.000000 0.000000 0.000000 0.000000 0.000000 0.000000 0.000000 0.000000 0.000000 0.000000 0.000000 0.000000 0.000000 0.000000 0.000000 0.000000 0.000000 0.000000 0.000000 0.000000 0.000000 0.000000 0.000000 0.000000 0.000000 0.000000 0.000000 0.000000 0.000000 0.000000 0.000000 0.000000 0.000000 0.000000 0.000000 0.000000 0.000000 0.000000 0.000000 0.000000 0.000000 0.000000 0.000000 0.000000 0.000000 0.000000 0.000000 0.000000 0.000000 0.000000 0.000000 0.000000 0.000000 0.000000 -0.033981 1.528738 2.223644 3.053726 3.552562 3.296885 3.460023 3.233818 3.182627 3.281422 3.289536 2.258039 1.237574 0.000000 0.000000 0.000000 0.000000 0.000000 0.000000 0.000000 0.000000 0.000000 0.000000 0.000000 0.000000 0.000000 0.000000 0.000000 0.000000 0.000000 0.000000 0.000000 0.000000 0.000000 0.000000 0.000000 0.000000 0.000000 0.000000 0.000000 0.000000 0.000000 0.000000 0.000000 0.000000 0.000000 0.000000 0.000000 0.000000 0.000000 0.000000 0.000000 0.000000 0.000000 0.000000 0.000000 0.000000 0.000000 0.000000 0.000000 0.000000 0.000000 0.000000 0.000000 0.000000 0.000000 0.000000 0.000000 0.000000 0.000000 0.000000 0.000000 0.000000 0.000000 0.000000 0.000000 0.000000 0.000000 0.000000 0.000000 0.000000 0.000000 0.000000 0.000000 0.000000 0.000000 0.000000 0.000000 0.000000 0.000000 0.000000 0.000000 0.000000 0.000000 0.000000 0.000000 0.000000 0.000000 0.000000 0.000000 0.000000 0.000000 0.000000 0.000000 0.000000 0.000000 0.000000 0.000000 0.000000 0.000000 0.000000 0.000000 0.000000 0.000000 0.000000 0.000000 0.000000 0.000000 0.000000 0.000000 0.000000 0.000000 0.000000 0.000000 0.000000 0.000000 0.000000 0.000000 0.000000 0.000000 0.000000 0.000000 0.000000 0.000000 0.000000 0.000000 0.000000 0.000000 0.000000 0.000000 0.000000 0.000000 0.000000 0.000000 0.000000 0.000000 0.000000 0.000000 0.000000 0.000000 0.000000 0.000000 0.000000 0.000000 0.000000 0.000000 0.000000 0.000000 0.000000 0.000000 0.000000 0.000000 
0.000000 0.000000 0.000000 0.000000 0.000000 0.000000 0.000000 0.000000 0.000000 0.000000 0.000000 0.000000 0.000000 0.000000 0.000000 0.000000 0.000000 0.000000 0.000000 0.000000 0.000000 0.000000 0.000000 0.000000 0.000000 0.000000 0.000000 0.000000 0.000000 0.000000 0.000000 0.000000 0.000000 0.000000 0.000000 0.000000 0.000000 0.000000 0.000000 0.000000 0.000000 0.000000 0.000000 0.000000 0.000000 0.000000 0.000000 0.000000 0.000000 0.000000 0.000000 0.000000 0.000000 0.000000 0.000000 0.000000 0.000000 0.000000 0.000000 0.000000 0.000000 0.000000 0.000000 0.000000 0.000000 0.000000 0.000000 0.000000 0.000000 0.000000 0.000000 0.000000 0.000000 0.000000 0.000000 0.000000 0.000000 -0.099590 1.117220 2.111991 3.124237 3.141554 3.327201 3.142470 3.119638 3.203838 3.120826 3.473736 3.217155 1.691666 0.000000 0.000000 0.000000 0.000000 0.000000 0.000000 0.000000 0.000000 0.000000 0.000000 0.000000 0.000000 0.000000 0.000000 0.000000 0.000000 0.000000 0.000000 0.000000 0.000000 0.000000 0.000000 0.000000 0.000000 0.000000 0.000000 0.000000 0.000000 0.000000 0.000000 0.000000 0.000000 0.000000 0.000000 0.000000 0.000000 0.000000 0.000000 0.000000 0.000000 0.000000 0.000000 0.000000 0.000000 0.000000 0.000000 0.000000 0.000000 0.000000 0.000000 0.000000 0.000000 0.000000 0.000000 0.000000 0.000000 0.000000 0.000000 0.000000 0.000000 0.000000 0.000000 0.000000 0.000000 0.000000 0.000000 0.000000 0.000000 0.000000 0.000000 0.000000 0.000000 0.000000 0.000000 0.000000 0.000000 0.000000 0.000000 0.000000 0.000000 0.000000 0.000000 0.000000 0.000000 0.000000 0.000000 0.000000 0.000000 0.000000 0.000000 0.000000 0.000000 0.000000 0.000000 0.000000 0.000000 0.000000 0.000000 0.000000 0.000000 0.000000 0.000000 0.000000 0.000000 0.000000 0.000000 0.000000 0.000000 0.000000 0.000000 0.000000 0.000000 0.000000 0.000000 0.000000 0.000000 0.000000 0.000000 0.000000 0.000000 0.000000 0.000000 0.000000 0.000000 0.000000 0.000000 0.000000 0.000000 0.000000 0.000000 0.000000 0.000000 0.000000 0.000000 0.000000 0.000000 0.000000 0.000000 0.000000 0.000000 0.000000 0.000000 0.000000 0.000000 0.000000 0.000000 0.000000 0.000000 0.000000 
0.000000 0.000000 0.000000 0.000000 0.000000 0.000000 0.000000 0.000000 0.000000 0.000000 0.000000 0.000000 0.000000 0.000000 0.000000 0.000000 0.000000 0.000000 0.000000 0.000000 0.000000 0.000000 0.000000 0.000000 0.000000 0.000000 0.000000 0.000000 0.000000 0.000000 0.000000 0.000000 0.000000 0.000000 0.000000 0.000000 0.000000 0.000000 0.000000 0.000000 0.000000 0.000000 0.000000 0.000000 0.000000 0.000000 0.000000 0.000000 0.000000 0.000000 0.000000 0.000000 0.000000 0.000000 0.000000 0.000000 0.000000 0.000000 0.000000 0.000000 0.000000 0.000000 0.000000 0.000000 0.000000 0.000000 0.000000 0.000000 0.000000 0.000000 0.000000 0.000000 0.000000 0.000000 0.000000 0.000000 0.000000 0.056719 1.268858 2.384003 2.990756 3.049194 3.233104 3.095981 2.942623 2.891987 2.905906 3.354833 3.386070 2.297276 0.000000 0.000000 0.000000 0.000000 0.000000 0.000000 0.000000 0.000000 0.000000 0.000000 0.000000 0.000000 0.000000 0.000000 0.000000 0.000000 0.000000 0.000000 0.000000 0.000000 0.000000 0.000000 0.000000 0.000000 0.000000 0.000000 0.000000 0.000000 0.000000 0.000000 0.000000 0.000000 0.000000 0.000000 0.000000 0.000000 0.000000 0.000000 0.000000 0.000000 0.000000 0.000000 0.000000 0.000000 0.000000 0.000000 0.000000 0.000000 0.000000 0.000000 0.000000 0.000000 0.000000 0.000000 0.000000 0.000000 0.000000 0.000000 0.000000 0.000000 0.000000 0.000000 0.000000 0.000000 0.000000 0.000000 0.000000 0.000000 0.000000 0.000000 0.000000 0.000000 0.000000 0.000000 0.000000 0.000000 0.000000 0.000000 0.000000 0.000000 0.000000 0.000000 0.000000 0.000000 0.000000 0.000000 0.000000 0.000000 0.000000 0.000000 0.000000 0.000000 0.000000 0.000000 0.000000 0.000000 0.000000 0.000000 0.000000 0.000000 0.000000 0.000000 0.000000 0.000000 0.000000 0.000000 0.000000 0.000000 0.000000 0.000000 0.000000 0.000000 0.000000 0.000000 0.000000 0.000000 0.000000 0.000000 0.000000 0.000000 0.000000 0.000000 0.000000 0.000000 0.000000 0.000000 0.000000 0.000000 0.000000 0.000000 0.000000 0.000000 0.000000 0.000000 0.000000 0.000000 0.000000 0.000000 0.000000 0.000000 0.000000 0.000000 0.000000 0.000000 0.000000 0.000000 0.000000 0.000000 0.000000 
0.000000 0.000000 0.000000 0.000000 0.000000 0.000000 0.000000 0.000000 0.000000 0.000000 0.000000 0.000000 0.000000 0.000000 0.000000 0.000000 0.000000 0.000000 0.000000 0.000000 0.000000 0.000000 0.000000 0.000000 0.000000 0.000000 0.000000 0.000000 0.000000 0.000000 0.000000 0.000000 0.000000 0.000000 0.000000 0.000000 0.000000 0.000000 0.000000 0.000000 0.000000 0.000000 0.000000 0.000000 0.000000 0.000000 0.000000 0.000000 0.000000 0.000000 0.000000 0.000000 0.000000 0.000000 0.000000 0.000000 0.000000 0.000000 0.000000 0.000000 0.000000 0.000000 0.000000 0.000000 0.000000 0.000000 0.000000 0.000000 0.000000 0.000000 0.000000 0.000000 0.000000 0.000000 0.000000 0.000000 -0.459197 0.446876 2.155479 2.867385 2.887891 3.112040 3.165627 2.978577 2.951027 2.902044 3.146321 3.583501 3.437548 1.670216 -0.399463 0.000000 0.000000 0.000000 0.000000 0.000000 0.000000 0.000000 0.000000 0.000000 0.000000 0.000000 0.000000 0.000000 0.000000 0.000000 0.000000 0.000000 0.000000 0.000000 0.000000 0.000000 0.000000 0.000000 0.000000 0.000000 0.000000 0.000000 0.000000 0.000000 0.000000 0.000000 0.000000 0.000000 0.000000 0.000000 0.000000 0.000000 0.000000 0.000000 0.000000 0.000000 0.000000 0.000000 0.000000 0.000000 0.000000 0.000000 0.000000 0.000000 0.000000 0.000000 0.000000 0.000000 0.000000 0.000000 0.000000 0.000000 0.000000 0.000000 0.000000 0.000000 0.000000 0.000000 0.000000 0.000000 0.000000 0.000000 0.000000 0.000000 0.000000 0.000000 0.000000 0.000000 0.000000 0.000000 0.000000 0.000000 0.000000 0.000000 0.000000 0.000000 0.000000 0.000000 0.000000 0.000000 0.000000 0.000000 0.000000 0.000000 0.000000 0.000000 0.000000 0.000000 0.000000 0.000000 0.000000 0.000000 0.000000 0.000000 0.000000 0.000000 0.000000 0.000000 0.000000 0.000000 0.000000 0.000000 0.000000 0.000000 0.000000 0.000000 0.000000 0.000000 0.000000 0.000000 0.000000 0.000000 0.000000 0.000000 0.000000 0.000000 0.000000 0.000000 0.000000 0.000000 0.000000 0.000000 0.000000 0.000000 0.000000 0.000000 0.000000 0.000000 0.000000 0.000000 0.000000 0.000000 0.000000 0.000000 0.000000 0.000000 0.000000 0.000000 0.000000 0.000000 0.000000 0.000000 0.000000 
0.000000 0.000000 0.000000 0.000000 0.000000 0.000000 0.000000 0.000000 0.000000 0.000000 0.000000 0.000000 0.000000 0.000000 0.000000 0.000000 0.000000 0.000000 0.000000 0.000000 0.000000 0.000000 0.000000 0.000000 0.000000 0.000000 0.000000 0.000000 0.000000 0.000000 0.000000 0.000000 0.000000 0.000000 0.000000 0.000000 0.000000 0.000000 0.000000 0.000000 0.000000 0.000000 0.000000 0.000000 0.000000 0.000000 0.000000 0.000000 0.000000 0.000000 0.000000 0.000000 0.000000 0.000000 0.000000 0.000000 0.000000 0.000000 0.000000 0.000000 0.000000 0.000000 0.000000 0.000000 0.000000 0.000000 0.000000 0.000000 0.000000 0.000000 0.000000 0.000000 0.000000 0.000000 0.000000 0.000000 -0.106487 1.214178 3.382433 3.024417 2.714795 3.209603 3.358687 2.673135 2.826292 2.984892 3.119333 3.557747 3.524876 1.137601 -0.445540 0.000000 0.000000 0.000000 0.000000 0.000000 0.000000 0.000000 0.000000 0.000000 0.000000 0.000000 0.000000 0.000000 0.000000 0.000000 0.000000 0.000000 0.000000 0.000000 0.000000 0.000000 0.000000 0.000000 0.000000 0.000000 0.000000 0.000000 0.000000 0.000000 0.000000 0.000000 0.000000 0.000000 0.000000 0.000000 0.000000 0.000000 0.000000 0.000000 0.000000 0.000000 0.000000 0.000000 0.000000 0.000000 0.000000 0.000000 0.000000 0.000000 0.000000 0.000000 0.000000 0.000000 0.000000 0.000000 0.000000 0.000000 0.000000 0.000000 0.000000 0.000000 0.000000 0.000000 0.000000 0.000000 0.000000 0.000000 0.000000 0.000000 0.000000 0.000000 0.000000 0.000000 0.000000 0.000000 0.000000 0.000000 0.000000 0.000000 0.000000 0.000000 0.000000 0.000000 0.000000 0.000000 0.000000 0.000000 0.000000 0.000000 0.000000 0.000000 0.000000 0.000000 0.000000 0.000000 0.000000 0.000000 0.000000 0.000000 0.000000 0.000000 0.000000 0.000000 0.000000 0.000000 0.000000 0.000000 0.000000 0.000000 0.000000 0.000000 0.000000 0.000000 0.000000 0.000000 0.000000 0.000000 0.000000 0.000000 0.000000 0.000000 0.000000 0.000000 0.000000 0.000000 0.000000 0.000000 0.000000 0.000000 0.000000 0.000000 0.000000 0.000000 0.000000 0.000000 0.000000 0.000000 0.000000 0.000000 0.000000 0.000000 0.000000 0.000000 0.000000 0.000000 0.000000 0.000000 0.000000 
0.000000 0.000000 0.000000 0.000000 0.000000 0.000000 0.000000 0.000000 0.000000 0.000000 0.000000 0.000000 0.000000 0.000000 0.000000 0.000000 0.000000 0.000000 0.000000 0.000000 0.000000 0.000000 0.000000 0.000000 0.000000 0.000000 0.000000 0.000000 0.000000 0.000000 0.000000 0.000000 0.000000 0.000000 0.000000 0.000000 0.000000 0.000000 0.000000 0.000000 0.000000 0.000000 0.000000 0.000000 0.000000 0.000000 0.000000 0.000000 0.000000 0.000000 0.000000 0.000000 0.000000 0.000000 0.000000 0.000000 0.000000 0.000000 0.000000 0.000000 0.000000 0.000000 0.000000 0.000000 0.000000 0.000000 0.000000 0.000000 0.000000 0.000000 0.000000 0.000000 0.000000 0.000000 0.000000 -0.275558 0.850290 2.450058 2.769325 2.403639 3.049728 3.199685 3.028943 2.888844 2.856069 2.918301 3.224257 3.356078 3.353269 1.377909 -0.218053 0.000000 0.000000 0.000000 0.000000 0.000000 0.000000 0.000000 0.000000 0.000000 0.000000 0.000000 0.000000 0.000000 0.000000 0.000000 0.000000 0.000000 0.000000 0.000000 0.000000 0.000000 0.000000 0.000000 0.000000 0.000000 0.000000 0.000000 0.000000 0.000000 0.000000 0.000000 0.000000 0.000000 0.000000 0.000000 0.000000 0.000000 0.000000 0.000000 0.000000 0.000000 0.000000 0.000000 0.000000 0.000000 0.000000 0.000000 0.000000 0.000000 0.000000 0.000000 0.000000 0.000000 0.000000 0.000000 0.000000 0.000000 0.000000 0.000000 0.000000 0.000000 0.000000 0.000000 0.000000 0.000000 0.000000 0.000000 0.000000 0.000000 0.000000 0.000000 0.000000 0.000000 0.000000 0.000000 0.000000 0.000000 0.000000 0.000000 0.000000 0.000000 0.000000 0.000000 0.000000 0.000000 0.000000 0.000000 0.000000 0.000000 0.000000 0.000000 0.000000 0.000000 0.000000 0.000000 0.000000 0.000000 0.000000 0.000000 0.000000 0.000000 0.000000 0.000000 0.000000 0.000000 0.000000 0.000000 0.000000 0.000000 0.000000 0.000000 0.000000 0.000000 0.000000 0.000000 0.000000 0.000000 0.000000 0.000000 0.000000 0.000000 0.000000 0.000000 0.000000 0.000000 0.000000 0.000000 0.000000 0.000000 0.000000 0.000000 0.000000 0.000000 0.000000 0.000000 0.000000 0.000000 0.000000 0.000000 0.000000 0.000000 0.000000 0.000000 0.000000 0.000000 0.000000 0.000000 0.000000 
0.000000 0.000000 0.000000 0.000000 0.000000 0.000000 0.000000 0.000000 0.000000 0.000000 0.000000 0.000000 0.000000 0.000000 0.000000 0.000000 0.000000 0.000000 0.000000 0.000000 0.000000 0.000000 0.000000 0.000000 0.000000 0.000000 0.000000 0.000000 0.000000 0.000000 0.000000 0.000000 0.000000 0.000000 0.000000 0.000000 0.000000 0.000000 0.000000 0.000000 0.000000 0.000000 0.000000 0.000000 0.000000 0.000000 0.000000 0.000000 0.000000 0.000000 0.000000 0.000000 0.000000 0.000000 0.000000 0.000000 0.000000 0.000000 0.000000 0.000000 0.000000 0.000000 0.000000 0.000000 0.000000 0.000000 0.000000 0.000000 0.000000 0.000000 0.000000 0.000000 0.000000 0.000000 0.000000 0.578698 2.175789 2.711443 3.201621 3.451942 3.104968 3.065678 3.207815 2.999286 3.078210 3.319894 3.353553 3.271987 3.631425 2.774215 0.870716 0.000000 0.000000 0.000000 0.000000 0.000000 0.000000 0.000000 0.000000 0.000000 0.000000 0.000000 0.000000 0.000000 0.000000 0.000000 0.000000 0.000000 0.000000 0.000000 0.000000 0.000000 0.000000 0.000000 0.000000 0.000000 0.000000 0.000000 0.000000 0.000000 0.000000 0.000000 0.000000 0.000000 0.000000 0.000000 0.000000 0.000000 0.000000 0.000000 0.000000 0.000000 0.000000 0.000000 0.000000 0.000000 0.000000 0.000000 0.000000 0.000000 0.000000 0.000000 0.000000 0.000000 0.000000 0.000000 0.000000 0.000000 0.000000 0.000000 0.000000 0.000000 0.000000 0.000000 0.000000 0.000000 0.000000 0.000000 0.000000 0.000000 0.000000 0.000000 0.000000 0.000000 0.000000 0.000000 0.000000 0.000000 0.000000 0.000000 0.000000 0.000000 0.000000 0.000000 0.000000 0.000000 0.000000 0.000000 0.000000 0.000000 0.000000 0.000000 0.000000 0.000000 0.000000 0.000000 0.000000 0.000000 0.000000 0.000000 0.000000 0.000000 0.000000 0.000000 0.000000 0.000000 0.000000 0.000000 0.000000 0.000000 0.000000 0.000000 0.000000 0.000000 0.000000 0.000000 0.000000 0.000000 0.000000 0.000000 0.000000 0.000000 0.000000 0.000000 0.000000 0.000000 0.000000 0.000000 0.000000 0.000000 0.000000 0.000000 0.000000 0.000000 0.000000 0.000000 0.000000 0.000000 0.000000 0.000000 0.000000 0.000000 0.000000 0.000000 0.000000 0.000000 0.000000 0.000000 0.000000 
0.000000 0.000000 0.000000 0.000000 0.000000 0.000000 0.000000 0.000000 0.000000 0.000000 0.000000 0.000000 0.000000 0.000000 0.000000 0.000000 0.000000 0.000000 0.000000 0.000000 0.000000 0.000000 0.000000 0.000000 0.000000 0.000000 0.000000 0.000000 0.000000 0.000000 0.000000 0.000000 0.000000 0.000000 0.000000 0.000000 0.000000 0.000000 0.000000 0.000000 0.000000 0.000000 0.000000 0.000000 0.000000 0.000000 0.000000 0.000000 0.000000 0.000000 0.000000 0.000000 0.000000 0.000000 0.000000 0.000000 0.000000 0.000000 0.000000 0.000000 0.000000 0.000000 0.000000 0.000000 0.000000 0.000000 0.000000 0.000000 0.000000 0.000000 0.000000 0.000000 0.000000 0.000000 0.386771 1.824770 2.740951 3.109443 3.203716 3.464408 3.060083 3.138482 3.183525 3.029845 3.155439 3.272811 3.336490 3.320156 3.445076 3.519478 3.474502 1.172937 0.000000 0.000000 0.000000 0.000000 0.000000 0.000000 0.000000 0.000000 0.000000 0.000000 0.000000 0.000000 0.000000 0.000000 0.000000 0.000000 0.000000 0.000000 0.000000 0.000000 0.000000 0.000000 0.000000 0.000000 0.000000 0.000000 0.000000 0.000000 0.000000 0.000000 0.000000 0.000000 0.000000 0.000000 0.000000 0.000000 0.000000 0.000000 0.000000 0.000000 0.000000 0.000000 0.000000 0.000000 0.000000 0.000000 0.000000 0.000000 0.000000 0.000000 0.000000 0.000000 0.000000 0.000000 0.000000 0.000000 0.000000 0.000000 0.000000 0.000000 0.000000 0.000000 0.000000 0.000000 0.000000 0.000000 0.000000 0.000000 0.000000 0.000000 0.000000 0.000000 0.000000 0.000000 0.000000 0.000000 0.000000 0.000000 0.000000 0.000000 0.000000 0.000000 0.000000 0.000000 0.000000 0.000000 0.000000 0.000000 0.000000 0.000000 0.000000 0.000000 0.000000 0.000000 0.000000 0.000000 0.000000 0.000000 0.000000 0.000000 0.000000 0.000000 0.000000 0.000000 0.000000 0.000000 0.000000 0.000000 0.000000 0.000000 0.000000 0.000000 0.000000 0.000000 0.000000 0.000000 0.000000 0.000000 0.000000 0.000000 0.000000 0.000000 0.000000 0.000000 0.000000 0.000000 0.000000 0.000000 0.000000 0.000000 0.000000 0.000000 0.000000 0.000000 0.000000 0.000000 0.000000 0.000000 0.000000 0.000000 0.000000 0.000000 0.000000 0.000000 0.000000 0.000000 0.000000 
0.000000 0.000000 0.000000 0.000000 0.000000 0.000000 0.000000 0.000000 0.000000 0.000000 0.000000 0.000000 0.000000 0.000000 0.000000 0.000000 0.000000 0.000000 0.000000 0.000000 0.000000 0.000000 0.000000 0.000000 0.000000 0.000000 0.000000 0.000000 0.000000 0.000000 0.000000 0.000000 0.000000 0.000000 0.000000 0.000000 0.000000 0.000000 0.000000 0.000000 0.000000 0.000000 0.000000 0.000000 0.000000 0.000000 0.000000 0.000000 0.000000 0.000000 0.000000 0.000000 0.000000 0.000000 0.000000 0.000000 0.000000 0.000000 0.000000 0.000000 0.000000 0.000000 0.000000 0.000000 0.000000 0.000000 0.000000 0.000000 0.000000 0.000000 0.000000 0.000000 0.000000 0.546614 1.864244 2.653718 3.153302 3.100484 3.289430 3.441918 3.068961 2.976332 3.089766 2.933228 3.004317 3.132667 3.203910 3.227351 3.038942 3.665147 3.772829 2.296164 0.000000 0.000000 0.000000 0.000000 0.000000 0.000000 0.000000 0.000000 0.000000 0.000000 0.000000 0.000000 0.000000 0.000000 0.000000 0.000000 0.000000 0.000000 0.000000 0.000000 0.000000 0.000000 0.000000 0.000000 0.000000 0.000000 0.000000 0.000000 0.000000 0.000000 0.000000 0.000000 0.000000 0.000000 0.000000 0.000000 0.000000 0.000000 0.000000 0.000000 0.000000 0.000000 0.000000 0.000000 0.000000 0.000000 0.000000 0.000000 0.000000 0.000000 0.000000 0.000000 0.000000 0.000000 0.000000 0.000000 0.000000 0.000000 0.000000 0.000000 0.000000 0.000000 0.000000 0.000000 0.000000 0.000000 0.000000 0.000000 0.000000 0.000000 0.000000 0.000000 0.000000 0.000000 0.000000 0.000000 0.000000 0.000000 0.000000 0.000000 0.000000 0.000000 0.000000 0.000000 0.000000 0.000000 0.000000 0.000000 0.000000 0.000000 0.000000 0.000000 0.000000 0.000000 0.000000 0.000000 0.000000 0.000000 0.000000 0.000000 0.000000 0.000000 0.000000 0.000000 0.000000 0.000000 0.000000 0.000000 0.000000 0.000000 0.000000 0.000000 0.000000 0.000000 0.000000 0.000000 0.000000 0.000000 0.000000 0.000000 0.000000 0.000000 0.000000 0.000000 0.000000 0.000000 0.000000 0.000000 0.000000 0.000000 0.000000 0.000000 0.000000 0.000000 0.000000 0.000000 0.000000 0.000000 0.000000 0.000000 0.000000 0.000000 0.000000 0.000000 0.000000 0.000000 0.000000 
0.000000 0.000000 0.000000 0.000000 0.000000 0.000000 0.000000 0.000000 0.000000 0.000000 0.000000 0.000000 0.000000 0.000000 0.000000 0.000000 0.000000 0.000000 0.000000 0.000000 0.000000 0.000000 0.000000 0.000000 0.000000 0.000000 0.000000 0.000000 0.000000 0.000000 0.000000 0.000000 0.000000 0.000000 0.000000 0.000000 0.000000 0.000000 0.000000 0.000000 0.000000 0.000000 0.000000 0.000000 0.000000 0.000000 0.000000 0.000000 0.000000 0.000000 0.000000 0.000000 0.000000 0.000000 0.000000 0.000000 0.000000 0.000000 0.000000 0.000000 0.000000 0.000000 0.000000 0.000000 0.000000 0.000000 0.000000 0.000000 0.000000 0.000000 0.000000 0.373784 1.182460 2.456753 2.638431 3.333333 3.073056 3.127099 3.120013 3.252627 3.082978 2.929738 3.116001 3.056406 3.006084 2.897542 3.337651 3.072312 3.134171 3.536364 3.504787 3.329638 0.000000 0.000000 0.000000 0.000000 0.000000 0.000000 0.000000 0.000000 0.000000 0.000000 0.000000 0.000000 0.000000 0.000000 0.000000 0.000000 0.000000 0.000000 0.000000 0.000000 0.000000 0.000000 0.000000 0.000000 0.000000 0.000000 0.000000 0.000000 0.000000 0.000000 0.000000 0.000000 0.000000 0.000000 0.000000 0.000000 0.000000 0.000000 0.000000 0.000000 0.000000 0.000000 0.000000 0.000000 0.000000 0.000000 0.000000 0.000000 0.000000 0.000000 0.000000 0.000000 0.000000 0.000000 0.000000 0.000000 0.000000 0.000000 0.000000 0.000000 0.000000 0.000000 0.000000 0.000000 0.000000 0.000000 0.000000 0.000000 0.000000 0.000000 0.000000 0.000000 0.000000 0.000000 0.000000 0.000000 0.000000 0.000000 0.000000 0.000000 0.000000 0.000000 0.000000 0.000000 0.000000 0.000000 0.000000 0.000000 0.000000 0.000000 0.000000 0.000000 0.000000 0.000000 0.000000 0.000000 0.000000 0.000000 0.000000 0.000000 0.000000 0.000000 0.000000 0.000000 0.000000 0.000000 0.000000 0.000000 0.000000 0.000000 0.000000 0.000000 0.000000 0.000000 0.000000 0.000000 0.000000 0.000000 0.000000 0.000000 0.000000 0.000000 0.000000 0.000000 0.000000 0.000000 0.000000 0.000000 0.000000 0.000000 0.000000 0.000000 0.000000 0.000000 0.000000 0.000000 0.000000 0.000000 0.000000 0.000000 0.000000 0.000000 0.000000 0.000000 0.000000 0.000000 0.000000 
0.000000 0.000000 0.000000 0.000000 0.000000 0.000000 0.000000 0.000000 0.000000 0.000000 0.000000 0.000000 0.000000 0.000000 0.000000 0.000000 0.000000 0.000000 0.000000 0.000000 0.000000 0.000000 0.000000 0.000000 0.000000 0.000000 0.000000 0.000000 0.000000 0.000000 0.000000 0.000000 0.000000 0.000000 0.000000 0.000000 0.000000 0.000000 0.000000 0.000000 0.000000 0.000000 0.000000 0.000000 0.000000 0.000000 0.000000 0.000000 0.000000 0.000000 0.000000 0.000000 0.000000 0.000000 0.000000 0.000000 0.000000 0.000000 0.000000 0.000000 0.000000 0.000000 0.000000 0.000000 0.000000 0.000000 0.000000 0.000000 0.000000 0.197525 1.201828 2.175429 2.652666 2.769983 3.353512 3.250607 3.053803 3.048135 3.210165 3.172088 3.096513 2.942163 3.134477 3.066367 2.831347 2.887112 2.957665 3.078189 3.138430 3.250925 3.251861 2.715708 0.731981 0.000000 0.000000 0.000000 0.000000 0.000000 0.000000 0.000000 0.000000 0.000000 0.000000 0.000000 0.000000 0.000000 0.000000 0.000000 0.000000 0.000000 0.000000 0.000000 0.000000 0.000000 0.000000 0.000000 0.000000 0.000000 0.000000 0.000000 0.000000 0.000000 0.000000 0.000000 0.000000 0.000000 0.000000 0.000000 0.000000 0.000000 0.000000 0.000000 0.000000 0.000000 0.000000 0.000000 0.000000 0.000000 0.000000 0.000000 0.000000 0.000000 0.000000 0.000000 0.000000 0.000000 0.000000 0.000000 0.000000 0.000000 0.000000 0.000000 0.000000 0.000000 0.000000 0.000000 0.000000 0.000000 0.000000 0.000000 0.000000 0.000000 0.000000 0.000000 0.000000 0.000000 0.000000 0.000000 0.000000 0.000000 0.000000 0.000000 0.000000 0.000000 0.000000 0.000000 0.000000 0.000000 0.000000 0.000000 0.000000 0.000000 0.000000 0.000000 0.000000 0.000000 0.000000 0.000000 0.000000 0.000000 0.000000 0.000000 0.000000 0.000000 0.000000 0.000000 0.000000 0.000000 0.000000 0.000000 0.000000 0.000000 0.000000 0.000000 0.000000 0.000000 0.000000 0.000000 0.000000 0.000000 0.000000 0.000000 0.000000 0.000000 0.000000 0.000000 0.000000 0.000000 0.000000 0.000000 0.000000 0.000000 0.000000 0.000000 0.000000 0.000000 0.000000 0.000000 0.000000 0.000000 0.000000 0.000000 0.000000 0.000000 0.000000 0.000000 0.000000 0.000000 0.000000 
0.000000 0.000000 0.000000 0.000000 0.000000 0.000000 0.000000 0.000000 0.000000 0.000000 0.000000 0.000000 0.000000 0.000000 0.000000 0.000000 0.000000 0.000000 0.000000 0.000000 0.000000 0.000000 0.000000 0.000000 0.000000 0.000000 0.000000 0.000000 0.000000 0.000000 0.000000 0.000000 0.000000 0.000000 0.000000 0.000000 0.000000 0.000000 0.000000 0.000000 0.000000 0.000000 0.000000 0.000000 0.000000 0.000000 0.000000 0.000000 0.000000 0.000000 0.000000 0.000000 0.000000 0.000000 0.000000 0.000000 0.000000 0.000000 0.000000 0.000000 0.000000 0.000000 0.000000 0.000000 0.000000 0.000000 -0.177572 0.146540 0.757923 1.863848 2.736459 2.758839 2.896799 2.988716 2.949528 3.152721 3.150658 3.001573 2.965012 3.220592 3.063002 2.901800 3.011180 2.724370 2.598337 2.891600 3.015430 3.103555 2.850643 3.075828 3.158767 3.286381 2.097307 0.000000 0.000000 0.000000 0.000000 0.000000 0.000000 0.000000 0.000000 0.000000 0.000000 0.000000 0.000000 0.000000 0.000000 0.000000 0.000000 0.000000 0.000000 0.000000 0.000000 0.000000 0.000000 0.000000 0.000000 0.000000 0.000000 0.000000 0.000000 0.000000 0.000000 0.000000 0.000000 0.000000 0.000000 0.000000 0.000000 0.000000 0.000000 0.000000 0.000000 0.000000 0.000000 0.000000 0.000000 0.000000 0.000000 0.000000 0.000000 0.000000 0.000000 0.000000 0.000000 0.000000 0.000000 0.000000 0.000000 0.000000 0.000000 0.000000 0.000000 0.000000 0.000000 0.000000 0.000000 0.000000 0.000000 0.000000 0.000000 0.000000 0.000000 0.000000 0.000000 0.000000 0.000000 0.000000 0.000000 0.000000 0.000000 0.000000 0.000000 0.000000 0.000000 0.000000 0.000000 0.000000 0.000000 0.000000 0.000000 0.000000 0.000000 0.000000 0.000000 0.000000 0.000000 0.000000 0.000000 0.000000 0.000000 0.000000 0.000000 0.000000 0.000000 0.000000 0.000000 0.000000 0.000000 0.000000 0.000000 0.000000 0.000000 0.000000 0.000000 0.000000 0.000000 0.000000 0.000000 0.000000 0.000000 0.000000 0.000000 0.000000 0.000000 0.000000 0.000000 0.000000 0.000000 0.000000 0.000000 0.000000 0.000000 0.000000 0.000000 0.000000 0.000000 0.000000 0.000000 0.000000 0.000000 0.000000 0.000000 0.000000 0.000000 0.000000 0.000000 0.000000 0.000000 
0.000000 0.000000 0.000000 0.000000 0.000000 0.000000 0.000000 0.000000 0.000000 0.000000 0.000000 0.000000 0.000000 0.000000 0.000000 0.000000 0.000000 0.000000 0.000000 0.000000 0.000000 0.000000 0.000000 0.000000 0.000000 0.000000 0.000000 0.000000 0.000000 0.000000 0.000000 0.000000 0.000000 0.000000 0.000000 0.000000 0.000000 0.000000 0.000000 0.000000 0.000000 0.000000 0.000000 0.000000 0.000000 0.000000 0.000000 0.000000 0.000000 0.000000 0.000000 0.000000 0.000000 0.000000 0.000000 0.000000 0.000000 -0.109805 -0.041350 0.098493 0.357620 0.705772 0.880111 0.888830 0.843642 1.021265 1.415960 2.091174 2.724943 2.784108 2.670153 3.119021 3.209195 3.302130 2.777130 3.185412 2.902407 3.068459 3.019177 2.986079 2.997456 2.809691 2.733540 2.877097 3.153782 2.729243 3.073822 3.158933 2.874903 3.144714 3.868080 3.467388 3.069793 0.000000 0.000000 0.000000 0.000000 0.000000 0.000000 0.000000 0.000000 0.000000 0.000000 0.000000 0.000000 0.000000 0.000000 0.000000 0.000000 0.000000 0.000000 0.000000 0.000000 0.000000 0.000000 0.000000 0.000000 0.000000 0.000000 0.000000 0.000000 0.000000 0.000000 0.000000 0.000000 0.000000 0.000000 0.000000 0.000000 0.000000 0.000000 0.000000 0.000000 0.000000 0.000000 0.000000 0.000000 0.000000 0.000000 0.000000 0.000000 0.000000 0.000000 0.000000 0.000000 0.000000 0.000000 0.000000 0.000000 0.000000 0.000000 0.000000 0.000000 0.000000 0.000000 0.000000 0.000000 0.000000 0.000000 0.000000 0.000000 0.000000 0.000000 0.000000 0.000000 0.000000 0.000000 0.000000 0.000000 0.000000 0.000000 0.000000 0.000000 0.000000 0.000000 0.000000 0.000000 0.000000 0.000000 0.000000 0.000000 0.000000 0.000000 0.000000 0.000000 0.000000 0.000000 0.000000 0.000000 0.000000 0.000000 0.000000 0.000000 0.000000 0.000000 0.000000 0.000000 0.000000 0.000000 0.000000 0.000000 0.000000 0.000000 0.000000 0.000000 0.000000 0.000000 0.000000 0.000000 0.000000 0.000000 0.000000 0.000000 0.000000 0.000000 0.000000 0.000000 0.000000 0.000000 0.000000 0.000000 0.000000 0.000000 0.000000 0.000000 0.000000 0.000000 0.000000 0.000000 0.000000 0.000000 0.000000 0.000000 0.000000 0.000000 0.000000 0.000000 0.000000 0.000000 
0.000000 0.000000 0.000000 0.000000 0.000000 0.000000 0.000000 0.000000 0.000000 0.000000 0.000000 0.000000 0.000000 0.000000 0.000000 0.000000 0.000000 0.000000 0.000000 0.000000 0.000000 0.000000 0.000000 0.000000 0.000000 0.000000 0.000000 0.000000 0.000000 0.000000 0.000000 0.000000 0.000000 0.000000 0.000000 0.000000 0.000000 0.000000 0.000000 0.000000 0.000000 0.000000 0.000000 0.000000 0.000000 0.000000 0.000000 0.000000 0.000000 0.000000 0.000000 0.000000 0.024540 0.347079 0.735171 1.166140 1.390043 1.481483 1.796502 1.993079 2.225016 2.343005 2.596711 2.932831 2.774492 2.746949 2.727001 2.775814 2.806502 2.568058 2.777671 2.989027 3.373282 2.722976 2.662366 3.004932 2.970702 3.098466 2.974999 3.083368 2.940755 3.059909 3.022851 2.810054 3.123265 2.625564 2.756007 2.861996 2.863253 3.248855 3.691109 3.742233 3.452437 0.000000 0.000000 0.000000 0.000000 0.000000 0.000000 0.000000 0.000000 0.000000 0.000000 0.000000 0.000000 0.000000 0.000000 0.000000 0.000000 0.000000 0.000000 0.000000 0.000000 0.000000 0.000000 0.000000 0.000000 0.000000 0.000000 0.000000 0.000000 0.000000 0.000000 0.000000 0.000000 0.000000 0.000000 0.000000 0.000000 0.000000 0.000000 0.000000 0.000000 0.000000 0.000000 0.000000 0.000000 0.000000 0.000000 0.000000 0.000000 0.000000 0.000000 0.000000 0.000000 0.000000 0.000000 0.000000 0.000000 0.000000 0.000000 0.000000 0.000000 0.000000 0.000000 0.000000 0.000000 0.000000 0.000000 0.000000 0.000000 0.000000 0.000000 0.000000 0.000000 0.000000 0.000000 0.000000 0.000000 0.000000 0.000000 0.000000 0.000000 0.000000 0.000000 0.000000 0.000000 0.000000 0.000000 0.000000 0.000000 0.000000 0.000000 0.000000 0.000000 0.000000 0.000000 0.000000 0.000000 0.000000 0.000000 0.000000 0.000000 0.000000 0.000000 0.000000 0.000000 0.000000 0.000000 0.000000 0.000000 0.000000 0.000000 0.000000 0.000000 0.000000 0.000000 0.000000 0.000000 0.000000 0.000000 0.000000 0.000000 0.000000 0.000000 0.000000 0.000000 0.000000 0.000000 0.000000 0.000000 0.000000 0.000000 0.000000 0.000000 0.000000 0.000000 0.000000 0.000000 0.000000 0.000000 0.000000 0.000000 0.000000 0.000000 0.000000 0.000000 0.000000 0.000000 
0.000000 0.000000 0.000000 0.000000 0.000000 0.000000 0.000000 0.000000 0.000000 0.000000 0.000000 0.000000 0.000000 0.000000 0.000000 0.000000 0.000000 0.000000 0.000000 0.000000 0.000000 0.000000 0.000000 0.000000 0.000000 0.000000 -0.459908 -0.384758 -0.234740 -0.111504 0.062459 0.131312 0.136697 0.021191 -0.073575 -0.155716 -0.248727 0.000000 0.000000 0.000000 0.000000 0.000000 0.000000 0.000000 0.000000 0.000000 0.000000 0.000000 -0.149998 0.081750 0.477569 1.064775 1.704704 2.226485 2.715633 2.776682 2.936816 2.891889 2.829091 2.724699 2.730931 2.405063 2.207224 2.596566 2.679176 2.490541 2.560271 2.528604 2.731099 2.612027 2.720699 2.614644 2.776417 2.509269 2.746350 3.025728 2.923345 2.994065 2.593365 2.864798 2.941284 3.321416 3.107574 3.135937 2.892438 2.723569 2.915316 2.762726 2.815749 3.354975 3.805654 3.537029 3.538703 2.306063 0.000000 0.000000 0.000000 0.000000 0.000000 0.000000 0.000000 0.000000 0.000000 0.000000 0.000000 0.000000 0.000000 0.000000 0.000000 0.000000 0.000000 0.000000 0.000000 0.000000 0.000000 0.000000 0.000000 0.000000 0.000000 0.000000 0.000000 0.000000 0.000000 0.000000 0.000000 0.000000 0.000000 0.000000 0.000000 0.000000 0.000000 0.000000 0.000000 0.000000 0.000000 0.000000 0.000000 0.000000 0.000000 0.000000 0.000000 0.000000 0.000000 0.000000 0.000000 0.000000 0.000000 0.000000 0.000000 0.000000 0.000000 0.000000 0.000000 0.000000 0.000000 0.000000 0.000000 0.000000 0.000000 0.000000 0.000000 0.000000 0.000000 0.000000 0.000000 0.000000 0.000000 0.000000 0.000000 0.000000 0.000000 0.000000 0.000000 0.000000 0.000000 0.000000 0.000000 0.000000 0.000000 0.000000 0.000000 0.000000 0.000000 0.000000 0.000000 0.000000 0.000000 0.000000 0.000000 0.000000 0.000000 0.000000 0.000000 0.000000 0.000000 0.000000 0.000000 0.000000 0.000000 0.000000 0.000000 0.000000 0.000000 0.000000 0.000000 0.000000 0.000000 0.000000 0.000000 0.000000 0.000000 0.000000 0.000000 0.000000 0.000000 0.000000 0.000000 0.000000 0.000000 0.000000 0.000000 0.000000 0.000000 0.000000 0.000000 0.000000 0.000000 0.000000 0.000000 0.000000 0.000000 0.000000 0.000000 0.000000 0.000000 0.000000 0.000000 0.000000 0.000000 
0.000000 0.000000 0.000000 0.000000 0.000000 0.000000 0.000000 0.000000 0.000000 0.000000 0.000000 0.000000 0.000000 0.000000 0.000000 0.000000 0.000000 0.000000 0.000000 0.000000 0.000000 0.000000 -0.477615 -0.354170 -0.127437 0.111592 0.361470 0.630049 0.892796 1.079792 1.256302 1.404026 1.380668 1.290861 1.223928 1.089728 0.893565 0.746887 0.540569 0.384523 0.210380 0.145288 0.106246 0.155390 0.275026 0.414648 0.596804 0.853457 1.268213 1.753000 2.455990 2.894558 2.904365 2.825496 2.823553 2.736827 2.780147 2.821678 2.573444 2.552020 2.505125 2.267091 2.260322 2.518357 3.620564 2.397167 2.461766 2.625058 3.461320 2.646569 2.805091 2.637484 2.879341 2.503050 2.867729 3.043699 2.773289 2.820769 2.711783 2.838473 2.735938 2.757053 3.094393 3.006376 2.840701 2.448098 2.729110 2.746249 3.327523 3.833084 3.773608 3.150308 3.280757 1.865715 0.000000 0.000000 0.000000 0.000000 0.000000 0.000000 0.000000 0.000000 0.000000 0.000000 0.000000 0.000000 0.000000 0.000000 0.000000 0.000000 0.000000 0.000000 0.000000 0.000000 0.000000 0.000000 0.000000 0.000000 0.000000 0.000000 0.000000 0.000000 0.000000 0.000000 0.000000 0.000000 0.000000 0.000000 0.000000 0.000000 0.000000 0.000000 0.000000 0.000000 0.000000 0.000000 0.000000 0.000000 0.000000 0.000000 0.000000 0.000000 0.000000 0.000000 0.000000 0.000000 0.000000 0.000000 0.000000 0.000000 0.000000 0.000000 0.000000 0.000000 0.000000 0.000000 0.000000 0.000000 0.000000 0.000000 0.000000 0.000000 0.000000 0.000000 0.000000 0.000000 0.000000 0.000000 0.000000 0.000000 0.000000 0.000000 0.000000 0.000000 0.000000 0.000000 0.000000 0.000000 0.000000 0.000000 0.000000 0.000000 0.000000 0.000000 0.000000 0.000000 0.000000 0.000000 0.000000 0.000000 0.000000 0.000000 0.000000 0.000000 0.000000 0.000000 0.000000 0.000000 0.000000 0.000000 0.000000 0.000000 0.000000 0.000000 0.000000 0.000000 0.000000 0.000000 0.000000 0.000000 0.000000 0.000000 0.000000 0.000000 0.000000 0.000000 0.000000 0.000000 0.000000 0.000000 0.000000 0.000000 0.000000 0.000000 0.000000 0.000000 0.000000 0.000000 0.000000 0.000000 0.000000 0.000000 0.000000 0.000000 0.000000 0.000000 0.000000 0.000000 0.000000 
0.000000 0.000000 0.000000 0.000000 0.000000 0.000000 0.000000 0.000000 0.000000 0.000000 0.000000 0.000000 0.000000 0.000000 0.000000 0.000000 0.000000 0.000000 0.000000 -0.493581 -0.425962 -0.181289 0.250541 0.655994 1.039584 1.314899 1.599990 1.854299 2.050462 2.208406 2.315022 2.344095 2.312407 2.338896 2.268894 2.213608 2.195121 2.105111 1.996283 1.820295 1.679452 1.657847 1.706764 1.848310 1.988830 2.292626 2.428010 2.890280 2.996250 2.985976 2.970303 2.849109 2.731136 2.726129 2.675313 2.509594 2.387473 2.447395 2.560994 2.564774 2.441175 2.139508 2.022078 2.236814 2.970302 2.365564 3.260085 3.495153 2.768603 2.613925 3.061165 3.032933 3.012982 3.163414 2.771185 2.981270 2.852057 2.436822 2.595967 2.660846 2.815789 2.805267 2.931861 2.983877 2.581517 2.672615 2.895508 3.226275 3.742353 4.043262 3.458608 2.410449 1.696939 0.138044 0.000000 0.000000 0.000000 0.000000 0.000000 0.000000 0.000000 0.000000 0.000000 0.000000 0.000000 0.000000 0.000000 0.000000 0.000000 0.000000 0.000000 0.000000 0.000000 0.000000 0.000000 0.000000 0.000000 0.000000 0.000000 0.000000 0.000000 0.000000 0.000000 0.000000 0.000000 0.000000 0.000000 0.000000 0.000000 0.000000 0.000000 0.000000 0.000000 0.000000 0.000000 0.000000 0.000000 0.000000 0.000000 0.000000 0.000000 0.000000 0.000000 0.000000 0.000000 0.000000 0.000000 0.000000 0.000000 0.000000 0.000000 0.000000 0.000000 0.000000 0.000000 0.000000 0.000000 0.000000 0.000000 0.000000 0.000000 0.000000 0.000000 0.000000 0.000000 0.000000 0.000000 0.000000 0.000000 0.000000 0.000000 0.000000 0.000000 0.000000 0.000000 0.000000 0.000000 0.000000 0.000000 0.000000 0.000000 0.000000 0.000000 0.000000 0.000000 0.000000 0.000000 0.000000 0.000000 0.000000 0.000000 0.000000 0.000000 0.000000 0.000000 0.000000 0.000000 0.000000 0.000000 0.000000 0.000000 0.000000 0.000000 0.000000 0.000000 0.000000 0.000000 0.000000 0.000000 0.000000 0.000000 0.000000 0.000000 0.000000 0.000000 0.000000 0.000000 0.000000 0.000000 0.000000 0.000000 0.000000 0.000000 0.000000 0.000000 0.000000 0.000000 0.000000 0.000000 0.000000 0.000000 0.000000 0.000000 0.000000 0.000000 0.000000 0.000000 0.000000 0.000000 
0.000000 0.000000 0.000000 0.000000 0.000000 0.000000 0.000000 0.000000 0.000000 0.000000 0.000000 0.000000 0.000000 0.000000 0.000000 0.000000 0.000000 -0.483276 -0.224528 0.180377 0.650766 1.084263 1.515622 1.877281 2.135455 2.355484 2.521509 2.564960 2.604068 2.622898 2.751691 2.745419 2.854035 2.952361 2.962451 2.974546 3.109621 3.038626 2.830076 2.919043 3.010842 3.108570 3.106569 3.118165 3.199543 3.120519 2.982194 2.782479 2.899607 2.842824 2.625707 2.538307 2.457000 2.405086 2.395816 2.242961 2.058310 2.183886 2.411575 2.365572 2.406309 1.989942 1.834946 2.016837 2.347505 3.170389 3.987946 3.363143 2.446361 2.650090 3.039212 3.467398 2.863836 2.822408 2.844164 2.904927 2.766205 2.610339 2.616398 2.713501 2.930901 2.844229 2.982944 3.025912 2.864765 3.139878 3.235655 3.066763 3.347189 3.445807 2.043718 0.583144 0.475623 0.052348 -0.465496 0.000000 0.000000 0.000000 0.000000 0.000000 0.000000 0.000000 0.000000 0.000000 0.000000 0.000000 0.000000 0.000000 0.000000 0.000000 0.000000 0.000000 0.000000 0.000000 0.000000 0.000000 0.000000 0.000000 0.000000 0.000000 0.000000 0.000000 0.000000 2.125876 0.000000 0.000000 0.000000 0.000000 0.000000 0.000000 0.000000 0.000000 0.000000 0.000000 0.000000 0.000000 0.000000 0.000000 0.000000 0.000000 0.000000 0.000000 0.000000 0.000000 0.000000 0.000000 0.000000 0.000000 0.000000 0.000000 0.000000 0.000000 0.000000 0.000000 0.000000 0.000000 0.000000 0.000000 0.000000 0.000000 0.000000 0.000000 0.000000 0.000000 0.000000 0.000000 0.000000 0.000000 0.000000 0.000000 0.000000 0.000000 0.000000 0.000000 0.000000 0.000000 0.000000 0.000000 0.000000 0.000000 0.000000 0.000000 0.000000 0.000000 0.000000 0.000000 0.000000 0.000000 0.000000 0.000000 0.000000 0.000000 0.000000 0.000000 0.000000 0.000000 0.000000 0.000000 0.000000 0.000000 0.000000 0.000000 0.000000 0.000000 0.000000 0.000000 0.000000 0.000000 0.000000 0.000000 0.000000 0.000000 0.000000 0.000000 0.000000 0.000000 0.000000 0.000000 0.000000 0.000000 0.000000 0.000000 0.000000 0.000000 0.000000 0.000000 0.000000 0.000000 0.000000 0.000000 0.000000 0.000000 0.000000 0.000000 0.000000 0.000000 0.000000 0.000000 0.000000 
0.000000 0.000000 0.000000 0.000000 0.000000 0.000000 0.000000 0.000000 0.000000 0.000000 0.000000 0.000000 0.000000 0.000000 -0.487491 -0.412862 -0.071619 0.526692 0.998101 1.430612 1.891557 2.110164 2.352952 2.488033 2.414879 2.405968 2.422731 2.484920 2.578810 2.675620 2.707521 2.729107 2.824779 2.934934 2.982138 2.978896 3.102103 3.105066 3.124303 3.259841 3.559481 3.223497 3.066978 3.103837 2.943218 2.849333 2.715069 2.623892 2.561205 2.559898 2.301873 2.251960 2.295431 2.336553 2.251612 2.167710 1.978905 2.210753 2.415965 2.505124 2.431504 1.970691 1.695364 2.299423 2.468117 3.046307 3.088367 2.920222 2.149081 2.587698 2.917110 2.718929 2.759614 2.711113 2.584306 2.658176 2.577451 2.637543 2.728982 2.658187 2.943466 2.891644 3.401492 3.059271 2.879705 2.848206 3.009631 3.036299 2.551032 1.284417 0.776040 1.734408 2.337573 1.779254 0.572316 0.000000 0.000000 0.000000 0.000000 0.000000 0.000000 0.000000 0.000000 0.000000 0.000000 0.000000 0.000000 0.000000 0.000000 0.000000 0.000000 0.000000 0.000000 0.000000 0.000000 0.000000 0.000000 0.000000 0.000000 0.000000 1.140573 1.629246 3.354890 3.915830 3.777129 0.000000 0.000000 0.000000 0.000000 0.000000 0.000000 0.000000 0.000000 0.000000 0.000000 0.000000 0.000000 0.000000 0.000000 0.000000 0.000000 0.000000 0.000000 0.000000 0.000000 0.000000 0.000000 0.000000 0.000000 0.000000 0.000000 0.000000 0.000000 0.000000 0.000000 0.000000 0.000000 0.000000 0.000000 0.000000 0.000000 0.000000 0.000000 0.000000 0.000000 0.000000 0.000000 0.000000 0.000000 0.000000 0.000000 0.000000 0.000000 0.000000 0.000000 0.000000 0.000000 0.000000 0.000000 0.000000 0.000000 0.000000 0.000000 0.000000 0.000000 0.000000 0.000000 0.000000 0.000000 0.000000 0.000000 0.000000 0.000000 0.000000 0.000000 0.000000 0.000000 0.000000 0.000000 0.000000 0.000000 0.000000 0.000000 0.000000 0.000000 0.000000 0.000000 0.000000 0.000000 0.000000 0.000000 0.000000 0.000000 0.000000 0.000000 0.000000 0.000000 0.000000 0.000000 0.000000 0.000000 0.000000 0.000000 0.000000 0.000000 0.000000 0.000000 0.000000 0.000000 0.000000 0.000000 0.000000 0.000000 0.000000 0.000000 0.000000 0.000000 0.000000 0.000000 
0.000000 0.000000 0.000000 0.000000 0.000000 0.000000 0.000000 0.000000 0.000000 0.000000 -0.499422 -0.492051 -0.398950 -0.137165 0.303320 0.844651 1.394001 1.821112 2.059952 2.259023 2.316114 2.410866 2.477582 2.379983 2.308669 2.436193 2.489258 2.571146 2.670981 2.776404 2.848744 2.793092 2.792792 2.897060 2.998243 3.018146 2.998307 3.118850 3.213932 3.240855 3.467431 3.035787 2.873706 2.892941 2.719718 2.635677 2.581468 2.538317 2.366465 2.235577 2.235970 2.251385 2.243482 2.447278 2.260924 2.176068 1.879805 2.143790 2.297538 2.294848 2.307827 2.047998 2.035971 3.207208 2.820072 3.082253 3.041328 2.618207 1.894850 1.752962 1.767088 1.644795 1.610406 2.178415 1.977124 2.068134 2.177904 1.807180 1.699706 1.908012 2.321766 3.136669 3.540362 3.161921 2.952239 2.976276 2.556633 1.956046 1.386942 1.879979 2.857363 3.033803 2.791474 2.959107 2.405955 0.000000 0.000000 0.000000 0.000000 0.000000 0.000000 0.000000 0.000000 0.000000 0.000000 0.000000 0.000000 0.000000 0.000000 0.000000 0.000000 0.000000 0.000000 0.000000 0.000000 0.000000 0.000000 0.584652 1.033077 1.487113 2.208057 3.668757 3.770326 3.596450 3.708936 3.736157 0.000000 0.000000 0.000000 0.000000 0.000000 0.000000 0.000000 0.000000 0.000000 0.000000 0.000000 0.000000 0.000000 0.000000 0.000000 0.000000 0.000000 0.000000 0.000000 0.000000 0.000000 0.000000 0.000000 0.000000 0.000000 0.000000 0.000000 0.000000 0.000000 0.000000 0.000000 0.000000 0.000000 0.000000 0.000000 0.000000 0.000000 0.000000 0.000000 0.000000 0.000000 0.000000 0.000000 0.000000 0.000000 0.000000 0.000000 0.000000 0.000000 0.000000 0.000000 0.000000 0.000000 0.000000 0.000000 0.000000 0.000000 0.000000 0.000000 0.000000 0.000000 0.000000 0.000000 0.000000 0.000000 0.000000 0.000000 0.000000 0.000000 0.000000 0.000000 0.000000 0.000000 0.000000 0.000000 0.000000 0.000000 0.000000 0.000000 0.000000 0.000000 0.000000 0.000000 0.000000 0.000000 0.000000 0.000000 0.000000 0.000000 0.000000 0.000000 0.000000 0.000000 0.000000 0.000000 0.000000 0.000000 0.000000 0.000000 0.000000 0.000000 0.000000 0.000000 0.000000 0.000000 0.000000 0.000000 0.000000 0.000000 0.000000 0.000000 0.000000 0.000000 
-0.022629 -0.162332 -0.174866 -0.169126 -0.209809 -0.205291 -0.149188 -0.107534 -0.072204 0.108659 0.257414 0.593642 0.978815 1.372760 1.751868 2.078486 2.243965 2.303581 2.320581 2.320222 2.376846 2.376378 2.372775 2.477672 2.545173 2.593018 2.553124 2.613770 2.820231 2.798176 2.914729 2.954021 2.975159 2.891854 2.994175 3.002426 3.003699 3.042860 3.102610 3.030533 3.004206 2.912008 2.934712 2.807553 2.758055 2.698633 2.590413 2.525779 2.479167 2.317807 2.190315 2.206412 2.247920 2.389515 2.066129 2.026795 1.786198 2.087805 2.223266 2.224152 2.148529 2.030153 2.365730 3.168669 3.001951 2.640606 2.355413 2.606955 1.618890 1.634006 1.740501 1.506746 1.363271 1.610987 1.668992 1.409653 1.464915 1.706548 1.900067 1.938395 1.957407 2.589075 2.913375 3.069892 2.785203 2.583712 1.550038 1.695575 2.680785 3.675018 4.398153 2.700493 2.101070 2.863172 2.648567 0.804423 0.000000 0.000000 0.000000 0.000000 0.000000 0.000000 0.000000 0.000000 0.000000 0.000000 0.000000 0.000000 0.000000 0.000000 0.000000 0.000000 0.000000 0.000000 -0.040320 0.404340 0.884588 1.383985 1.806049 2.515044 3.500311 3.654009 3.680786 3.772250 3.912305 4.010952 3.850381 0.000000 0.000000 0.000000 0.000000 0.000000 0.000000 0.000000 0.000000 0.000000 0.000000 0.000000 0.000000 0.000000 0.000000 0.000000 0.000000 0.000000 0.000000 0.000000 0.000000 0.000000 0.000000 0.000000 0.000000 0.000000 0.000000 0.000000 0.000000 0.000000 0.000000 0.000000 0.000000 0.000000 0.000000 0.000000 0.000000 0.000000 0.000000 0.000000 0.000000 0.000000 0.000000 0.000000 0.000000 0.000000 0.000000 0.000000 0.000000 0.000000 0.000000 0.000000 0.000000 0.000000 0.000000 0.000000 0.000000 0.000000 0.000000 0.000000 0.000000 0.000000 0.000000 0.000000 0.000000 0.000000 0.000000 0.000000 0.000000 0.000000 0.000000 0.000000 0.000000 0.000000 0.000000 0.000000 0.000000 0.000000 0.000000 0.000000 0.000000 0.000000 0.000000 0.000000 0.000000 0.000000 0.000000 0.000000 0.000000 0.000000 0.000000 0.000000 0.000000 0.000000 0.000000 0.000000 0.000000 0.000000 0.000000 0.000000 0.000000 0.000000 0.000000 0.000000 0.000000 0.000000 0.000000 0.000000 0.000000 0.000000 0.000000 0.000000 0.000000 
0.000000 1.355538 1.413727 1.413958 1.405608 1.397348 1.400334 1.487682 1.575560 1.715887 1.854651 2.004791 2.162046 2.252969 2.349824 2.458732 2.470733 2.422276 2.320427 2.352284 2.386990 2.375898 2.509030 2.646016 2.728846 2.725744 2.650378 2.737132 2.995317 2.791614 2.906501 2.949197 2.921596 2.958775 2.908256 2.976539 2.978533 2.944400 2.880530 2.842628 2.763330 2.780639 2.724738 2.769097 2.642826 2.593038 2.464478 2.386977 2.229307 2.235417 2.176375 2.138948 2.216873 2.106889 1.913470 1.830454 1.687695 1.881016 2.070436 2.092649 1.913467 1.991837 3.158356 3.267238 2.414938 2.299001 2.329009 2.599066 2.189224 1.339332 1.458864 1.474366 1.351529 1.455853 1.684585 1.658008 1.698092 1.940514 1.993036 2.030775 2.157352 2.710028 3.139293 2.688697 1.832396 1.493323 2.411675 3.454881 3.859806 2.825688 1.856061 2.484797 2.247828 2.530349 3.125861 1.954832 0.000000 0.000000 0.000000 0.000000 0.000000 0.000000 0.000000 0.000000 0.000000 0.000000 0.000000 0.000000 0.000000 0.000000 0.000000 0.000000 0.000000 0.206593 0.681961 1.173829 1.709468 2.046711 2.892757 3.508689 3.459445 3.553773 3.797619 4.160701 3.862074 3.673136 3.375545 3.077330 0.000000 0.000000 0.000000 0.000000 0.000000 0.000000 0.000000 0.000000 0.000000 0.000000 0.000000 0.000000 0.000000 0.000000 0.000000 0.000000 0.000000 0.000000 0.000000 0.000000 0.000000 0.000000 0.000000 0.000000 0.000000 0.000000 0.000000 0.000000 0.000000 0.000000 0.000000 0.000000 0.000000 0.000000 0.000000 0.000000 0.000000 0.000000 0.000000 0.000000 0.000000 0.000000 0.000000 0.000000 0.000000 0.000000 0.000000 0.000000 0.000000 0.000000 0.000000 0.000000 0.000000 0.000000 0.000000 0.000000 0.000000 0.000000 0.000000 0.000000 0.000000 0.000000 0.000000 0.000000 0.000000 0.000000 0.000000 0.000000 0.000000 0.000000 0.000000 0.000000 0.000000 0.000000 0.000000 0.000000 0.000000 0.000000 0.000000 0.000000 0.000000 0.000000 0.000000 0.000000 0.000000 0.000000 0.000000 0.000000 0.000000 0.000000 0.000000 0.000000 0.000000 0.000000 0.000000 0.000000 0.000000 0.000000 0.000000 0.000000 0.000000 0.000000 0.000000 0.000000 0.000000 0.000000 0.000000 0.000000 0.000000 0.000000 0.000000 
0.000000 1.255469 2.019813 2.182249 2.070859 2.115084 2.326921 2.566879 2.347632 2.961411 3.115072 2.595598 2.551673 2.478976 2.368279 2.374854 2.486003 2.471035 2.311860 2.315178 2.405725 2.501347 2.612052 2.638508 2.677427 2.990222 2.804136 2.856833 2.906727 2.769119 2.792036 2.878697 2.847145 2.829096 2.785084 2.838919 2.898087 2.891358 2.837994 2.798144 2.751497 2.647850 2.570085 2.534919 2.443948 2.386155 2.246055 2.145174 2.088092 1.999288 1.952946 1.875523 1.804126 1.755961 1.710496 1.630783 1.613401 1.875941 1.975903 1.942471 1.733939 2.148725 3.191651 2.428521 2.062017 1.823947 1.975531 2.469470 1.902870 1.212565 1.243038 1.441095 1.470380 1.498075 1.688575 1.782085 1.895866 2.106551 2.074805 2.165720 2.380025 3.320612 2.612039 1.254890 1.792690 2.691275 3.212762 3.215245 2.715039 2.333393 2.185212 2.383024 2.396387 2.415611 3.436205 3.066455 -0.115998 0.000000 0.000000 0.000000 0.000000 0.000000 0.000000 0.000000 0.000000 0.000000 0.000000 0.000000 0.000000 0.000000 0.000000 0.000000 0.000000 1.140251 1.473502 2.110680 3.108183 2.794822 3.158740 3.332295 3.350011 3.503349 3.851359 3.691168 3.451527 3.259136 3.425926 3.279102 0.000000 0.000000 0.000000 0.000000 0.000000 0.000000 0.000000 0.000000 0.000000 0.000000 0.000000 0.000000 0.000000 0.000000 0.000000 0.000000 0.000000 0.000000 0.000000 0.000000 0.000000 0.000000 0.000000 0.000000 0.000000 0.000000 0.000000 0.000000 0.000000 0.000000 0.000000 0.000000 0.000000 0.000000 0.000000 0.000000 0.000000 0.000000 0.000000 0.000000 0.000000 0.000000 0.000000 0.000000 0.000000 0.000000 0.000000 0.000000 0.000000 0.000000 0.000000 0.000000 0.000000 0.000000 0.000000 0.000000 0.000000 0.000000 0.000000 0.000000 0.000000 0.000000 0.000000 0.000000 0.000000 0.000000 0.000000 0.000000 0.000000 0.000000 0.000000 0.000000 0.000000 0.000000 0.000000 0.000000 0.000000 0.000000 0.000000 0.000000 0.000000 0.000000 0.000000 0.000000 0.000000 0.000000 0.000000 0.000000 0.000000 0.000000 0.000000 0.000000 0.000000 0.000000 0.000000 0.000000 0.000000 0.000000 0.000000 0.000000 0.000000 0.000000 0.000000 0.000000 0.000000 0.000000 0.000000 0.000000 0.000000 0.000000 0.000000 
0.000000 0.000000 2.572676 2.576303 2.384646 2.340406 2.408411 2.813956 2.536428 3.343314 4.173950 3.235023 2.556289 2.428581 2.340591 2.353868 2.479007 2.513922 2.512335 2.477273 2.519731 2.591358 2.623630 2.619064 2.662509 2.803981 2.785392 2.784947 2.775123 2.757350 2.633291 2.668157 2.716455 2.776015 2.814655 2.821956 2.886307 2.863004 2.834004 2.793536 2.738175 2.694194 2.668665 2.667521 2.516078 2.392024 2.314076 2.295163 2.152908 2.111935 2.118186 2.008075 1.931839 1.839165 1.754071 1.684896 1.649546 1.782229 1.832311 1.781604 1.628175 1.868785 2.049165 2.020718 1.890754 2.728399 2.142027 2.426092 1.704851 1.355303 1.278731 1.424994 1.648816 1.793632 1.870442 1.917581 2.039784 2.129633 2.214497 2.426298 2.634753 3.265515 1.289706 2.183589 2.837045 3.735089 2.720268 2.514948 2.392297 2.384299 2.797736 3.031388 2.550462 2.530697 3.224867 3.554306 0.936958 0.000000 0.000000 0.000000 0.000000 0.000000 0.000000 0.000000 0.000000 0.000000 0.000000 0.000000 0.000000 0.000000 0.000000 0.000000 0.000000 0.000000 2.407059 3.051130 2.555508 2.879103 3.108808 2.979132 3.178220 3.481620 3.591268 3.214640 3.223158 3.221581 3.038226 2.987216 3.294757 0.000000 0.000000 0.000000 0.000000 0.000000 0.000000 0.000000 0.000000 0.000000 0.000000 0.000000 0.000000 0.000000 0.000000 0.000000 0.000000 0.000000 0.000000 0.000000 0.000000 0.000000 0.000000 0.000000 0.000000 0.000000 0.000000 0.000000 0.000000 0.000000 0.000000 0.000000 0.000000 0.000000 0.000000 0.000000 0.000000 0.000000 0.000000 0.000000 0.000000 0.000000 0.000000 0.000000 0.000000 0.000000 0.000000 0.000000 0.000000 0.000000 0.000000 0.000000 0.000000 0.000000 0.000000 0.000000 0.000000 0.000000 0.000000 0.000000 0.000000 0.000000 0.000000 0.000000 0.000000 0.000000 0.000000 0.000000 0.000000 0.000000 0.000000 0.000000 0.000000 0.000000 0.000000 0.000000 0.000000 0.000000 0.000000 0.000000 0.000000 0.000000 0.000000 0.000000 0.000000 0.000000 0.000000 0.000000 0.000000 0.000000 0.000000 0.000000 0.000000 0.000000 0.000000 0.000000 0.000000 0.000000 0.000000 0.000000 0.000000 0.000000 0.000000 0.000000 0.000000 0.000000 0.000000 0.000000 0.000000 0.000000 0.000000 
0.000000 0.000000 2.474994 2.486642 2.364805 2.395392 2.374622 2.441864 2.538831 2.560861 2.745816 2.631535 2.501049 2.486884 2.430032 2.448593 2.483696 2.537877 2.463114 2.586356 2.672354 2.746130 2.733721 2.644079 2.663002 2.699332 2.606477 2.567427 2.554817 2.595454 2.714916 2.813887 2.832245 2.880055 2.825612 2.764846 2.752517 2.763863 2.757798 2.712974 2.595787 2.576131 2.630776 2.590870 2.453069 2.346403 2.402797 2.377025 2.273134 2.224883 2.148815 2.021881 1.931109 1.949866 1.891479 1.734849 1.627051 1.834827 1.911012 1.755777 1.648802 1.794219 1.661441 1.641378 1.816762 2.424354 2.294183 2.505204 1.635164 1.595737 1.609347 1.650984 1.825865 1.904907 1.972645 2.039980 2.121701 2.213231 2.423770 2.413444 2.664312 2.009946 2.067002 2.673844 3.295763 2.875136 2.713650 2.647568 2.845914 3.361725 3.304145 3.228477 2.767526 2.639668 2.823991 4.173680 2.779507 -0.091296 0.000000 0.000000 0.000000 0.000000 0.000000 0.000000 0.000000 0.000000 0.000000 0.000000 0.000000 0.000000 0.000000 0.000000 0.000000 0.000000 0.000000 2.229621 2.882082 2.717384 2.927381 3.188646 3.332723 3.217444 3.057976 3.126416 3.152319 2.888604 3.098060 3.259283 3.219673 2.963000 0.000000 0.000000 0.000000 0.000000 0.000000 0.000000 0.000000 0.000000 0.000000 0.000000 0.000000 0.000000 0.000000 0.000000 0.000000 0.000000 0.000000 0.000000 0.000000 0.000000 0.000000 0.000000 0.000000 0.000000 0.000000 0.000000 0.000000 0.000000 0.000000 0.000000 0.000000 0.000000 0.000000 0.000000 0.000000 0.000000 0.000000 0.000000 0.000000 0.000000 0.000000 0.000000 0.000000 0.000000 0.000000 0.000000 0.000000 0.000000 0.000000 0.000000 0.000000 0.000000 0.000000 0.000000 0.000000 0.000000 0.000000 0.000000 0.000000 0.000000 0.000000 0.000000 0.000000 0.000000 0.000000 0.000000 0.000000 0.000000 0.000000 0.000000 0.000000 0.000000 0.000000 0.000000 0.000000 0.000000 0.000000 0.000000 0.000000 0.000000 0.000000 0.000000 0.000000 0.000000 0.000000 0.000000 0.000000 0.000000 0.000000 0.000000 0.000000 0.000000 0.000000 0.000000 0.000000 0.000000 0.000000 0.000000 0.000000 0.000000 0.000000 0.000000 0.000000 0.000000 0.000000 0.000000 0.000000 0.000000 0.000000 
0.000000 0.000000 0.000000 2.066342 2.261736 2.277980 2.331302 2.354621 2.191292 2.239633 2.322864 2.556748 2.509201 2.196529 2.165028 2.190320 2.478767 2.563352 2.470601 2.798938 2.617724 2.630357 2.550633 2.543727 2.448523 2.440693 2.470222 2.573612 2.653033 2.712520 2.809645 2.809691 2.823872 2.855677 2.811792 2.749620 2.675401 2.624462 2.544047 2.542227 2.575071 2.398461 2.441202 2.451014 2.377352 2.295297 2.441583 2.325863 2.259691 2.242272 2.123746 1.981836 1.861867 1.847844 1.830549 1.747752 1.672111 1.874779 1.876151 1.775764 1.716741 1.907787 1.081226 1.550421 2.246453 2.250661 2.498095 2.674054 1.617653 1.780173 1.927221 1.954573 2.019008 1.974903 2.093883 2.184739 2.292819 2.428677 2.407063 2.391528 2.120578 1.444490 2.673926 3.581884 2.656671 2.836205 2.787987 2.534188 2.986212 3.321734 3.396160 3.180852 2.795578 2.790747 2.616409 3.295924 3.783675 2.395299 0.000000 0.000000 0.000000 0.000000 0.000000 0.000000 0.000000 0.000000 0.000000 0.000000 0.000000 0.000000 0.000000 0.000000 0.000000 0.000000 0.000000 0.000000 2.189814 2.494604 2.674095 2.954079 3.139386 3.065275 2.885154 2.946459 2.851349 3.307781 3.573999 3.067348 2.981906 3.316234 3.105374 0.000000 0.000000 0.000000 0.000000 0.000000 0.000000 0.000000 0.000000 0.000000 0.000000 0.000000 0.000000 0.000000 0.000000 0.000000 0.000000 0.000000 0.000000 0.000000 0.000000 0.000000 0.000000 0.000000 0.000000 0.000000 0.000000 0.000000 0.000000 0.000000 0.000000 0.000000 0.000000 0.000000 0.000000 0.000000 0.000000 0.000000 0.000000 0.000000 0.000000 0.000000 0.000000 0.000000 0.000000 0.000000 0.000000 0.000000 0.000000 0.000000 0.000000 0.000000 0.000000 0.000000 0.000000 0.000000 0.000000 0.000000 0.000000 0.000000 0.000000 0.000000 0.000000 0.000000 0.000000 0.000000 0.000000 0.000000 0.000000 0.000000 0.000000 0.000000 0.000000 0.000000 0.000000 0.000000 0.000000 0.000000 0.000000 0.000000 0.000000 0.000000 0.000000 0.000000 0.000000 0.000000 0.000000 0.000000 0.000000 0.000000 0.000000 0.000000 0.000000 0.000000 0.000000 0.000000 0.000000 0.000000 0.000000 0.000000 0.000000 0.000000 0.000000 0.000000 0.000000 0.000000 0.000000 0.000000 0.000000 
0.000000 0.000000 0.000000 1.853693 1.927236 1.964655 2.002810 2.059868 1.998851 2.222582 2.273730 2.351684 2.361568 2.191627 2.141437 2.256136 2.398096 2.469940 2.414318 2.504180 2.437360 2.371153 2.303938 2.340954 2.455992 2.533588 2.545515 2.694442 2.668871 2.650059 2.736047 2.696004 2.725344 2.786864 2.815500 2.788837 2.669895 2.614185 2.582914 2.598579 2.443852 2.469392 2.369798 2.281965 2.198354 2.201931 2.337096 2.268145 2.261537 2.234985 2.098894 1.924380 1.938156 2.049338 2.012270 1.858926 1.735377 1.839374 1.778969 1.758627 1.792739 2.215023 1.784732 1.721805 2.301706 2.488147 2.740551 2.196045 1.703475 1.873605 1.973923 2.019174 2.064926 2.186451 2.221747 2.290098 2.365467 2.417410 2.375164 2.318532 1.632999 1.917920 2.585748 2.733159 2.548863 2.704520 2.647697 2.636140 3.014509 3.227434 3.340344 3.078121 2.822429 2.836417 2.603191 2.568484 3.626184 3.118680 0.760682 0.000000 0.000000 0.000000 0.000000 0.000000 0.000000 0.000000 0.000000 0.000000 0.000000 0.000000 0.000000 0.000000 0.000000 0.000000 0.000000 0.000000 2.134175 2.196888 3.113260 3.254155 3.553554 3.495109 2.871950 2.924502 3.484452 4.355547 4.749205 4.154700 3.344111 3.410845 3.312423 3.240874 0.000000 0.000000 0.000000 0.000000 0.000000 0.000000 0.000000 0.000000 0.000000 0.000000 0.000000 0.000000 0.000000 0.000000 0.000000 0.000000 0.000000 0.000000 0.000000 0.000000 0.000000 0.000000 0.000000 0.000000 0.000000 0.000000 0.000000 0.000000 0.000000 0.000000 0.000000 0.000000 0.000000 0.000000 0.000000 0.000000 0.000000 0.000000 0.000000 0.000000 0.000000 0.000000 0.000000 0.000000 0.000000 0.000000 0.000000 0.000000 0.000000 0.000000 0.000000 0.000000 0.000000 0.000000 0.000000 0.000000 0.000000 0.000000 0.000000 0.000000 0.000000 0.000000 0.000000 0.000000 0.000000 0.000000 0.000000 0.000000 0.000000 0.000000 0.000000 0.000000 0.000000 0.000000 0.000000 0.000000 0.000000 0.000000 0.000000 0.000000 0.000000 0.000000 0.000000 0.000000 0.000000 0.000000 0.000000 0.000000 0.000000 0.000000 0.000000 0.000000 0.000000 0.000000 0.000000 0.000000 0.000000 0.000000 0.000000 0.000000 0.000000 0.000000 0.000000 0.000000 0.000000 0.000000 0.000000 
0.000000 0.000000 0.000000 0.000000 1.659552 1.803640 1.954933 2.051573 2.237984 2.251660 2.089552 2.137949 2.007752 1.973525 1.989267 2.206493 2.242238 2.388224 2.405474 2.387555 2.373212 2.245636 2.344030 2.439643 2.570356 2.558018 2.458695 2.439358 2.566102 2.582655 2.658432 2.706085 2.693496 2.726513 2.743039 2.735834 2.691983 2.615003 2.545522 2.553572 2.425958 2.386756 2.430725 2.372918 2.319667 2.306198 2.327357 2.352579 2.255274 2.112413 2.064227 2.062355 2.045376 2.013017 1.996861 1.876970 1.763945 1.938763 1.959175 1.963005 1.792925 2.587874 2.831407 2.125989 2.632204 2.678236 2.560884 1.851933 1.931409 2.027039 2.078959 2.137738 2.203494 2.268744 2.328995 2.438789 2.403007 2.398984 2.323236 2.269327 1.440722 2.722284 2.752857 2.670048 2.669898 2.772158 2.796491 2.789915 3.150306 3.267134 3.251098 2.861746 3.069484 2.852849 2.587766 2.535340 2.950157 3.730304 2.373558 0.972422 0.000000 0.000000 0.000000 0.000000 0.000000 0.000000 0.000000 0.000000 0.000000 0.000000 0.000000 0.000000 0.000000 0.000000 0.000000 0.000000 0.000000 2.949518 2.848266 3.324903 3.187405 2.955011 3.261740 4.200681 4.659467 4.659231 3.739079 3.289892 3.299470 3.547574 3.568344 3.381785 0.000000 0.000000 0.000000 0.000000 0.000000 0.000000 0.000000 0.000000 0.000000 0.000000 0.000000 0.000000 0.000000 0.000000 0.000000 0.000000 0.000000 0.000000 0.000000 0.000000 0.000000 0.000000 0.000000 0.000000 0.000000 0.000000 0.000000 0.000000 0.000000 0.000000 0.000000 0.000000 0.000000 0.000000 0.000000 0.000000 0.000000 0.000000 0.000000 0.000000 0.000000 0.000000 0.000000 0.000000 0.000000 0.000000 0.000000 0.000000 0.000000 0.000000 0.000000 0.000000 0.000000 0.000000 0.000000 0.000000 0.000000 0.000000 0.000000 0.000000 0.000000 0.000000 0.000000 0.000000 0.000000 0.000000 0.000000 0.000000 0.000000 0.000000 0.000000 0.000000 0.000000 0.000000 0.000000 0.000000 0.000000 0.000000 0.000000 0.000000 0.000000 0.000000 0.000000 0.000000 0.000000 0.000000 0.000000 0.000000 0.000000 0.000000 0.000000 0.000000 0.000000 0.000000 0.000000 0.000000 0.000000 0.000000 0.000000 0.000000 0.000000 0.000000 0.000000 0.000000 0.000000 0.000000 0.000000 
0.000000 0.000000 0.000000 0.000000 1.678671 1.881744 2.028551 2.151650 2.163597 2.388845 2.001998 2.070143 2.012964 2.030082 2.014005 2.176135 2.233971 2.403419 2.301411 2.273807 2.272780 2.181460 2.390913 2.489149 2.550641 2.522819 2.509692 2.402930 2.386977 2.498211 2.636999 2.701936 2.728635 2.760791 2.868820 2.869478 2.798231 2.677470 2.780217 2.776632 2.613484 2.494416 2.530648 2.384907 2.341871 2.223430 2.402617 2.430261 2.291778 2.221232 2.187283 2.173420 2.091730 2.093716 2.071228 1.933165 1.819068 1.981076 1.880916 1.944555 1.846239 2.710648 4.101017 3.573516 2.740295 3.165871 2.398577 1.933506 2.044031 2.076955 2.159898 2.196136 2.222527 2.222353 2.383990 2.462558 2.477860 2.427308 2.346545 1.841721 2.237836 3.542958 3.153614 2.993844 2.891408 3.060201 2.867448 3.178339 3.222145 3.363153 3.545385 2.994688 2.870679 3.062047 2.506383 2.764493 2.754750 3.256684 3.508758 2.501642 0.153880 0.000000 0.000000 0.000000 0.000000 0.000000 0.000000 0.000000 0.000000 0.000000 0.000000 0.000000 0.000000 0.000000 0.000000 0.000000 0.000000 0.000000 3.232234 2.953677 3.127508 3.572919 4.265718 4.546768 4.445966 3.174995 3.089672 3.196517 3.224821 3.584383 3.579715 3.846286 3.614287 0.000000 0.000000 0.000000 0.000000 0.000000 0.000000 0.000000 0.000000 0.000000 0.000000 0.000000 0.000000 0.000000 0.000000 0.000000 0.000000 0.000000 0.000000 0.000000 0.000000 0.000000 0.000000 0.000000 0.000000 0.000000 0.000000 0.000000 0.000000 0.000000 0.000000 0.000000 0.000000 0.000000 0.000000 0.000000 0.000000 0.000000 0.000000 0.000000 0.000000 0.000000 0.000000 0.000000 0.000000 0.000000 0.000000 0.000000 0.000000 0.000000 0.000000 0.000000 0.000000 0.000000 0.000000 0.000000 0.000000 0.000000 0.000000 0.000000 0.000000 0.000000 0.000000 0.000000 0.000000 0.000000 0.000000 0.000000 0.000000 0.000000 0.000000 0.000000 0.000000 0.000000 0.000000 0.000000 0.000000 0.000000 0.000000 0.000000 0.000000 0.000000 0.000000 0.000000 0.000000 0.000000 0.000000 0.000000 0.000000 0.000000 0.000000 0.000000 0.000000 0.000000 0.000000 0.000000 0.000000 0.000000 0.000000 0.000000 0.000000 0.000000 0.000000 0.000000 0.000000 0.000000 0.000000 
0.000000 0.000000 0.000000 0.000000 0.000000 1.848312 1.830156 1.872687 2.074854 2.171232 1.877150 1.977633 2.037163 1.999610 1.994802 2.082872 2.216626 2.297745 2.285059 2.313210 2.273302 2.265451 2.391608 2.434982 2.503761 2.515263 2.474408 2.553460 2.530998 2.543128 2.671855 2.670434 2.656296 2.765291 2.830518 2.907956 2.773094 2.752928 2.754617 2.709723 2.546481 2.420621 2.562428 2.342619 2.184379 2.342195 2.473046 2.500527 2.363461 2.273989 2.249480 2.207848 2.195607 2.212410 2.162975 1.980482 1.839143 2.045996 1.970675 2.040322 1.924127 3.646572 4.811190 3.658603 2.486637 2.588666 1.899259 1.989147 2.096081 2.171423 2.228784 2.216763 2.187122 2.287071 2.413536 2.370974 2.359849 2.322604 2.104070 1.440294 3.027650 3.586526 3.287392 3.212779 3.012928 3.042374 2.859633 3.274437 3.197891 3.321183 3.380975 3.107365 2.947335 2.880689 2.486559 2.783296 2.887437 2.880149 3.625344 2.726533 1.114794 0.000000 0.000000 0.000000 0.000000 0.000000 0.000000 0.000000 0.000000 0.000000 0.000000 0.000000 0.000000 0.000000 0.000000 0.000000 0.000000 0.000000 3.079944 3.578476 4.160812 4.455303 4.289822 4.292386 3.665166 3.042744 3.094192 3.140748 3.005742 3.219807 3.242008 3.631138 3.607617 2.844701 0.000000 0.000000 0.000000 0.000000 0.000000 0.000000 0.000000 0.000000 0.000000 0.000000 0.000000 0.000000 0.000000 0.000000 0.000000 0.000000 0.000000 0.000000 0.000000 0.000000 0.000000 0.000000 0.000000 0.000000 0.000000 0.000000 0.000000 0.000000 0.000000 0.000000 0.000000 0.000000 0.000000 0.000000 0.000000 0.000000 0.000000 0.000000 0.000000 0.000000 0.000000 0.000000 0.000000 0.000000 0.000000 0.000000 0.000000 0.000000 0.000000 0.000000 0.000000 0.000000 0.000000 0.000000 0.000000 0.000000 0.000000 0.000000 0.000000 0.000000 0.000000 0.000000 0.000000 0.000000 0.000000 0.000000 0.000000 0.000000 0.000000 0.000000 0.000000 0.000000 0.000000 0.000000 0.000000 0.000000 0.000000 0.000000 0.000000 0.000000 0.000000 0.000000 0.000000 0.000000 0.000000 0.000000 0.000000 0.000000 0.000000 0.000000 0.000000 0.000000 0.000000 0.000000 0.000000 0.000000 0.000000 0.000000 0.000000 0.000000 0.000000 0.000000 0.000000 0.000000 0.000000 
0.000000 0.000000 0.000000 0.000000 0.000000 1.641242 1.675779 1.657788 1.692567 1.754030 1.739977 1.793976 1.861626 1.917358 1.912010 2.004396 2.031408 2.133497 2.125343 2.180423 2.105408 2.133574 2.283401 2.338161 2.392309 2.441552 2.481518 2.475807 2.547562 2.531964 2.553466 2.619137 2.647813 2.708917 2.700223 2.727608 2.770044 2.817924 2.705864 2.666379 2.546511 2.573805 2.506601 2.406414 2.405722 2.388176 2.468949 2.384281 2.373730 2.364335 2.325073 2.250555 2.168102 2.053343 2.058589 2.066746 1.934936 1.989083 2.060805 1.888170 1.941469 3.169913 4.179423 2.811126 2.202305 1.909171 1.892584 2.022272 2.100709 2.101375 2.089363 2.155463 2.179731 2.443375 2.427233 2.332844 2.289445 2.308345 1.185801 2.315116 3.923074 3.462430 3.418875 3.173772 3.074295 3.145638 3.100290 3.242901 3.249754 3.198096 3.162146 2.952002 2.810673 2.684794 2.619011 2.952564 2.621087 2.741078 2.970495 2.854704 1.442381 0.000000 0.000000 0.000000 0.000000 0.000000 0.000000 0.000000 0.000000 0.000000 0.000000 0.000000 0.000000 0.000000 0.000000 0.000000 0.000000 0.000000 0.000000 3.389821 3.945603 4.468964 3.815166 3.715460 3.097547 3.047398 3.099063 2.957823 3.077125 3.072652 3.116734 3.191937 3.339500 2.562708 2.377424 0.000000 0.000000 0.000000 0.000000 0.000000 0.000000 0.000000 0.000000 0.000000 0.000000 0.000000 0.000000 0.000000 0.000000 0.000000 0.000000 0.000000 0.000000 0.000000 0.000000 0.000000 0.000000 0.000000 0.000000 0.000000 0.000000 0.000000 0.000000 0.000000 0.000000 0.000000 0.000000 0.000000 0.000000 0.000000 0.000000 0.000000 0.000000 0.000000 0.000000 0.000000 0.000000 0.000000 0.000000 0.000000 0.000000 0.000000 0.000000 0.000000 0.000000 0.000000 0.000000 0.000000 0.000000 0.000000 0.000000 0.000000 0.000000 0.000000 0.000000 0.000000 0.000000 0.000000 0.000000 0.000000 0.000000 0.000000 0.000000 0.000000 0.000000 0.000000 0.000000 0.000000 0.000000 0.000000 0.000000 0.000000 0.000000 0.000000 0.000000 0.000000 0.000000 0.000000 0.000000 0.000000 0.000000 0.000000 0.000000 0.000000 0.000000 0.000000 0.000000 0.000000 0.000000 0.000000 0.000000 0.000000 0.000000 0.000000 0.000000 0.000000 0.000000 0.000000 0.000000 
0.000000 0.000000 0.000000 0.000000 0.000000 0.000000 2.014358 2.267592 1.871141 1.665958 1.683613 1.745947 1.778492 1.775765 1.887324 1.900787 1.901463 2.029063 2.065787 2.081739 2.125825 2.212409 2.176203 2.249149 2.319854 2.454404 2.716755 2.436936 2.370977 2.307613 2.402238 2.406296 2.417508 2.479672 2.551025 2.555887 2.590761 2.622548 2.534158 2.510846 2.474301 2.467380 2.455980 2.443134 2.407915 2.358508 2.336701 2.308679 2.261398 2.206306 2.114555 2.074770 2.129611 2.164461 2.223253 2.132967 1.976673 2.009901 1.900006 1.788344 1.907600 2.269604 2.072447 1.827364 1.929061 2.089332 2.148732 2.183423 2.189934 2.125746 2.031483 2.062051 2.422271 2.531326 2.441828 2.339383 2.286219 2.160310 1.551658 3.253023 3.270546 3.594230 3.497201 3.527099 3.392666 3.137243 3.345824 3.336925 3.304665 3.393267 3.114657 2.753859 2.885129 2.747835 2.837914 2.865631 2.722256 3.060218 3.104581 2.765346 2.327069 -0.197144 0.000000 0.000000 0.000000 0.000000 0.000000 0.000000 0.000000 0.000000 0.000000 0.000000 0.000000 0.000000 0.000000 0.000000 0.000000 0.000000 0.000000 0.000000 3.475399 3.515745 3.074732 3.531672 3.074574 3.021404 3.036418 2.997146 2.982597 3.071430 3.045095 2.991691 2.917994 2.709026 2.538224 2.300927 0.000000 0.000000 0.000000 0.000000 0.000000 0.000000 0.000000 0.000000 0.000000 0.000000 0.000000 0.000000 0.000000 0.000000 0.000000 0.000000 0.000000 0.000000 0.000000 0.000000 0.000000 0.000000 0.000000 0.000000 0.000000 0.000000 0.000000 0.000000 0.000000 0.000000 0.000000 0.000000 0.000000 0.000000 0.000000 0.000000 0.000000 0.000000 0.000000 0.000000 0.000000 0.000000 0.000000 0.000000 0.000000 0.000000 0.000000 0.000000 0.000000 0.000000 0.000000 0.000000 0.000000 0.000000 0.000000 0.000000 0.000000 0.000000 0.000000 0.000000 0.000000 0.000000 0.000000 0.000000 0.000000 0.000000 0.000000 0.000000 0.000000 0.000000 0.000000 0.000000 0.000000 0.000000 0.000000 0.000000 0.000000 0.000000 0.000000 0.000000 0.000000 0.000000 0.000000 0.000000 0.000000 0.000000 0.000000 0.000000 0.000000 0.000000 0.000000 0.000000 0.000000 0.000000 0.000000 0.000000 0.000000 0.000000 0.000000 0.000000 0.000000 0.000000 0.000000 
0.000000 0.000000 0.000000 0.000000 0.000000 0.000000 0.000000 1.951983 1.784224 1.545648 1.600595 1.651502 1.609086 1.733748 1.878268 1.896142 1.809421 1.951254 1.994238 1.958577 1.894298 1.962489 2.027261 2.053584 2.027981 2.026112 2.327218 2.253235 1.872579 1.652878 1.490801 1.566945 1.536000 1.581836 1.504584 1.284667 1.331678 1.390432 1.342504 1.396905 1.833691 1.970499 2.000491 2.211305 2.134646 2.035621 2.144677 2.223842 2.233188 2.184518 2.024808 1.944468 1.980136 2.175823 2.171359 2.219246 2.019658 2.223419 2.256185 2.219625 2.013707 1.960220 1.887340 2.055941 2.132144 2.141300 2.142866 2.131182 2.107434 2.076394 2.003663 2.197192 2.518484 2.767162 2.520653 2.490959 2.338482 1.586523 2.371185 3.666514 3.380128 3.350302 3.331598 3.426093 3.381563 3.226746 3.496560 3.393344 3.327471 3.316197 3.042671 2.889902 2.999551 2.822239 2.738740 2.729844 2.895839 2.983992 2.792582 2.641465 2.699901 1.669672 0.000000 0.000000 0.000000 0.000000 0.000000 0.000000 0.000000 0.000000 0.000000 0.000000 0.000000 0.000000 0.000000 0.000000 0.000000 0.000000 0.000000 0.000000 -0.023117 1.815627 2.909797 2.952389 2.425627 2.897270 3.167031 3.036644 2.998945 3.006062 2.956231 2.645303 2.365323 2.483711 2.539265 2.540020 0.000000 0.000000 0.000000 0.000000 0.000000 0.000000 0.000000 0.000000 0.000000 0.000000 0.000000 0.000000 0.000000 0.000000 0.000000 0.000000 0.000000 0.000000 0.000000 0.000000 0.000000 0.000000 0.000000 0.000000 0.000000 0.000000 0.000000 0.000000 0.000000 0.000000 0.000000 0.000000 0.000000 0.000000 0.000000 0.000000 0.000000 0.000000 0.000000 0.000000 0.000000 0.000000 0.000000 0.000000 0.000000 0.000000 0.000000 0.000000 0.000000 0.000000 0.000000 0.000000 0.000000 0.000000 0.000000 0.000000 0.000000 0.000000 0.000000 0.000000 0.000000 0.000000 0.000000 0.000000 0.000000 0.000000 0.000000 0.000000 0.000000 0.000000 0.000000 0.000000 0.000000 0.000000 0.000000 0.000000 0.000000 0.000000 0.000000 0.000000 0.000000 0.000000 0.000000 0.000000 0.000000 0.000000 0.000000 0.000000 0.000000 0.000000 0.000000 0.000000 0.000000 0.000000 0.000000 0.000000 0.000000 0.000000 0.000000 0.000000 0.000000 0.000000 0.000000 
0.000000 0.000000 0.000000 0.000000 0.000000 0.000000 0.000000 1.410480 1.406400 1.417034 1.426053 1.467227 1.520009 1.566574 1.601339 1.631069 1.656892 1.708489 1.751386 1.771718 1.860146 1.894725 1.816828 1.802197 1.826648 1.698028 1.588302 1.486356 1.400600 1.326528 1.300023 1.260288 1.327009 1.368734 1.338084 1.303709 1.255438 1.254986 1.233856 1.417454 1.616421 2.141338 2.104004 2.217280 2.205308 2.092130 2.002163 1.970147 2.062210 2.177819 2.173509 2.226565 2.063834 2.146235 2.153794 2.133193 2.228725 2.278017 2.282193 2.272126 2.192862 2.261541 2.493868 2.523960 2.604458 2.562174 2.429102 2.329983 2.727377 2.468414 2.497719 2.324468 2.600913 2.755261 2.780961 2.901282 2.547748 1.915294 2.849074 3.394891 3.552526 3.515679 3.316612 3.487790 3.421623 3.179910 3.336160 3.418888 3.228745 3.375448 3.235795 3.164731 3.013197 2.701746 2.888811 2.705738 3.112148 2.861260 2.741702 2.581591 2.705297 2.839475 1.529108 0.000000 0.000000 0.000000 0.000000 0.000000 0.000000 0.000000 0.000000 0.000000 0.000000 0.000000 0.000000 0.000000 0.000000 0.000000 0.000000 0.000000 0.000000 -0.366280 -0.156208 -0.361765 -0.213312 0.846260 2.909360 3.060667 2.952732 2.923973 2.679885 2.262908 2.110756 2.268445 2.389883 2.153500 2.271268 0.000000 0.000000 0.000000 0.000000 0.000000 0.000000 0.000000 0.000000 0.000000 0.000000 0.000000 0.000000 0.000000 0.000000 0.000000 0.000000 0.000000 0.000000 0.000000 0.000000 0.000000 0.000000 0.000000 0.000000 0.000000 0.000000 0.000000 0.000000 0.000000 0.000000 0.000000 0.000000 0.000000 0.000000 0.000000 0.000000 0.000000 0.000000 0.000000 0.000000 0.000000 0.000000 0.000000 0.000000 0.000000 0.000000 0.000000 0.000000 0.000000 0.000000 0.000000 0.000000 0.000000 0.000000 0.000000 0.000000 0.000000 0.000000 0.000000 0.000000 0.000000 0.000000 0.000000 0.000000 0.000000 0.000000 0.000000 0.000000 0.000000 0.000000 0.000000 0.000000 0.000000 0.000000 0.000000 0.000000 0.000000 0.000000 0.000000 0.000000 0.000000 0.000000 0.000000 0.000000 0.000000 0.000000 0.000000 0.000000 0.000000 0.000000 0.000000 0.000000 0.000000 0.000000 0.000000 0.000000 0.000000 0.000000 0.000000 0.000000 0.000000 0.000000 
0.000000 0.000000 0.000000 0.000000 0.000000 0.000000 0.000000 0.000000 1.724134 1.739536 1.704114 1.653034 1.756387 1.896402 2.011904 1.846442 1.842995 1.837500 1.838202 1.880309 1.854539 1.843360 1.767873 1.662999 1.654424 1.585276 1.638723 1.546098 1.432591 1.343260 1.360615 1.363194 1.339721 1.424244 1.468000 1.471826 1.393239 1.375426 1.356142 1.383532 1.408745 1.908621 1.851970 1.958696 2.179459 2.187066 2.172342 2.040634 2.095676 2.085129 2.144486 2.081497 1.933164 1.974435 2.199558 2.338323 2.407720 2.354088 2.500346 2.322024 2.215252 2.675572 3.048736 3.211862 3.099186 3.135624 3.039094 2.851834 3.141700 3.199009 2.805273 2.410623 2.647300 2.545989 2.209534 2.098200 2.073191 2.783242 3.466071 3.691013 3.669709 3.600505 3.776294 3.750547 3.420665 2.975785 3.336339 3.430130 3.334249 3.492749 3.278606 2.982482 2.874189 2.760295 3.344575 2.702023 2.990554 2.826533 2.663898 2.542350 2.853694 2.963280 1.980665 0.000000 0.000000 0.000000 0.000000 0.000000 0.000000 0.000000 0.000000 0.000000 0.000000 0.000000 0.000000 0.000000 0.000000 0.000000 0.000000 0.000000 0.000000 0.000000 -0.500000 -0.500000 -0.500000 -0.492831 0.146915 1.625201 2.832385 3.058786 2.581707 2.302280 2.101035 2.153020 1.653263 2.192877 2.323808 1.582898 0.000000 0.000000 0.000000 0.000000 0.000000 0.000000 0.000000 0.000000 0.000000 0.000000 0.000000 0.000000 0.000000 0.000000 0.000000 0.000000 0.000000 0.000000 0.000000 0.000000 0.000000 0.000000 0.000000 0.000000 0.000000 0.000000 0.000000 0.000000 0.000000 0.000000 0.000000 0.000000 0.000000 0.000000 0.000000 0.000000 0.000000 0.000000 0.000000 0.000000 0.000000 0.000000 0.000000 0.000000 0.000000 0.000000 0.000000 0.000000 0.000000 0.000000 0.000000 0.000000 0.000000 0.000000 0.000000 0.000000 0.000000 0.000000 0.000000 0.000000 0.000000 0.000000 0.000000 0.000000 0.000000 0.000000 0.000000 0.000000 0.000000 0.000000 0.000000 0.000000 0.000000 0.000000 0.000000 0.000000 0.000000 0.000000 0.000000 0.000000 0.000000 0.000000 0.000000 0.000000 0.000000 0.000000 0.000000 0.000000 0.000000 0.000000 0.000000 0.000000 0.000000 0.000000 0.000000 0.000000 0.000000 0.000000 0.000000 0.000000 0.000000 
0.000000 0.000000 0.000000 0.000000 0.000000 0.000000 0.000000 0.000000 1.811474 1.769860 1.828428 1.852890 1.877041 1.997126 2.202464 2.007487 1.893634 1.892235 1.957456 2.119614 2.055880 1.983796 1.894778 1.789814 1.717251 1.731068 1.784923 1.854989 1.601507 1.556711 1.655207 1.700157 1.727098 1.836698 1.776467 1.808588 1.796642 1.760954 1.684267 1.558087 1.527906 1.540618 1.580574 1.762119 1.946155 2.002783 2.004324 2.013463 2.052863 2.128157 2.102027 2.056452 1.868093 1.888859 2.139366 2.389856 2.329413 2.330947 2.292272 2.339710 2.281902 3.036715 3.247418 3.259026 3.112241 3.151378 3.172696 3.090488 3.049839 3.114985 2.780529 2.738548 2.730883 2.239543 1.965294 2.263583 2.945044 3.482319 3.511798 3.889491 3.826859 3.636236 3.797838 3.648390 3.489555 3.203731 3.508488 3.395716 3.505370 3.598616 3.605849 3.029236 2.764217 2.757084 3.175098 2.599015 2.820185 2.673797 2.561427 2.523770 2.532314 2.994535 2.416355 1.091667 0.000000 0.000000 0.000000 0.000000 0.000000 0.000000 0.000000 0.000000 0.000000 0.000000 0.000000 0.000000 0.000000 0.000000 0.000000 0.000000 0.000000 0.000000 -0.500000 -0.500000 -0.500000 -0.500000 -0.500000 -0.479878 0.300783 1.913487 2.841100 2.351071 1.977485 1.644373 1.219538 2.328384 2.167493 1.163252 0.903763 0.000000 0.000000 0.000000 0.000000 0.000000 0.000000 0.000000 0.000000 0.000000 0.000000 0.000000 0.000000 0.000000 0.000000 0.000000 0.000000 0.000000 0.000000 0.000000 0.000000 0.000000 0.000000 0.000000 0.000000 0.000000 0.000000 0.000000 0.000000 0.000000 0.000000 0.000000 0.000000 0.000000 0.000000 0.000000 0.000000 0.000000 0.000000 0.000000 0.000000 0.000000 0.000000 0.000000 0.000000 0.000000 0.000000 0.000000 0.000000 0.000000 0.000000 0.000000 0.000000 0.000000 0.000000 0.000000 0.000000 0.000000 0.000000 0.000000 0.000000 0.000000 0.000000 0.000000 0.000000 0.000000 0.000000 0.000000 0.000000 0.000000 0.000000 0.000000 0.000000 0.000000 0.000000 0.000000 0.000000 0.000000 0.000000 0.000000 0.000000 0.000000 0.000000 0.000000 0.000000 0.000000 0.000000 0.000000 0.000000 0.000000 0.000000 0.000000 0.000000 0.000000 0.000000 0.000000 0.000000 0.000000 0.000000 0.000000 0.000000 
0.000000 0.000000 0.000000 0.000000 0.000000 0.000000 0.000000 0.000000 0.000000 1.863394 1.818795 1.867132 1.875318 1.957272 2.017402 2.084825 2.026286 2.094077 2.101846 2.145506 1.995757 1.921975 1.964690 1.886645 1.834024 1.783964 1.848523 1.896972 1.736663 1.751602 1.796724 1.933690 1.839328 1.766343 1.791247 2.021403 1.975223 1.946859 1.869565 1.849324 1.911029 1.805008 1.670578 1.621738 1.670204 1.797940 2.005591 2.005441 2.024785 2.200869 2.131642 2.207476 2.155060 1.985723 1.992492 2.155367 2.238153 2.325686 2.288964 2.226609 2.453820 3.516173 3.495631 3.510460 3.407744 3.337093 3.207119 2.823050 3.157864 3.132109 3.172952 3.628289 3.829906 2.611647 2.257735 3.215133 3.029665 3.202037 3.692861 3.942043 4.076722 3.939490 3.810196 3.628623 3.556441 3.262043 3.756320 3.547804 3.517225 3.780833 3.394922 3.425196 2.759593 2.687921 2.794529 2.479681 2.638708 2.572417 2.530734 2.496187 2.409677 2.643046 2.835239 3.378439 3.548903 0.000000 0.000000 0.000000 0.000000 0.000000 0.000000 0.000000 0.000000 0.000000 0.000000 0.000000 0.000000 0.000000 0.000000 0.000000 0.000000 -0.500000 -0.500000 -0.500000 -0.500000 -0.500000 -0.500000 -0.500000 -0.498996 -0.302094 1.255836 2.500487 1.977350 1.365933 2.032707 2.094032 2.120123 0.780049 0.496388 0.783473 0.000000 0.000000 0.000000 0.000000 0.000000 0.000000 0.000000 0.000000 0.000000 0.000000 0.000000 0.000000 0.000000 0.000000 0.000000 0.000000 0.000000 0.000000 0.000000 0.000000 0.000000 0.000000 0.000000 0.000000 0.000000 0.000000 0.000000 0.000000 0.000000 0.000000 0.000000 0.000000 0.000000 0.000000 0.000000 0.000000 0.000000 0.000000 0.000000 0.000000 0.000000 0.000000 0.000000 0.000000 0.000000 0.000000 0.000000 0.000000 0.000000 0.000000 0.000000 0.000000 0.000000 0.000000 0.000000 0.000000 0.000000 0.000000 0.000000 0.000000 0.000000 0.000000 0.000000 0.000000 0.000000 0.000000 0.000000 0.000000 0.000000 0.000000 0.000000 0.000000 0.000000 0.000000 0.000000 0.000000 0.000000 0.000000 0.000000 0.000000 0.000000 0.000000 0.000000 0.000000 0.000000 0.000000 0.000000 0.000000 0.000000 0.000000 0.000000 0.000000 0.000000 0.000000 0.000000 0.000000 0.000000 0.000000 0.000000 
0.000000 0.000000 0.000000 0.000000 0.000000 0.000000 0.000000 0.000000 0.000000 1.872644 1.805171 1.821225 1.863203 2.059532 2.051612 2.207903 2.103002 2.170992 2.198345 2.181060 2.024546 1.996040 2.084081 1.950540 1.948134 1.865790 1.961076 1.939253 1.760085 1.834446 1.878605 1.931413 1.807410 1.969217 1.829841 1.857162 2.004028 1.912271 1.972580 1.859762 2.019179 1.918592 2.132923 2.024615 1.779612 1.701145 1.762795 1.917800 2.438889 2.139264 2.049212 2.241674 2.469772 2.361134 2.141504 2.123596 2.265535 2.360259 2.262241 2.198951 2.582484 3.493257 3.205744 3.173656 3.233725 3.496592 3.338405 3.492217 3.720891 3.448815 3.119928 3.364921 2.970063 2.217056 2.954971 2.882344 2.530553 3.124461 3.654074 3.823830 3.759483 4.069018 4.057251 3.849196 3.738016 3.156646 3.629313 3.754772 3.668807 3.613509 3.490170 3.298475 2.718379 2.751661 2.664439 2.480034 2.564112 2.606141 2.550639 2.454969 2.382618 2.591700 3.010888 3.564449 4.006668 3.031122 0.000000 0.000000 0.000000 0.000000 0.000000 0.000000 0.000000 0.000000 0.000000 0.000000 0.000000 0.000000 0.000000 0.000000 -0.500000 -0.500000 -0.500000 -0.500000 -0.500000 -0.500000 -0.500000 -0.495863 -0.488582 -0.500000 -0.491037 0.049119 1.432819 2.056283 2.170745 1.939448 1.974060 0.740402 0.488411 0.800155 0.000000 0.000000 0.000000 0.000000 0.000000 0.000000 0.000000 0.000000 0.000000 0.000000 0.000000 0.000000 0.000000 0.000000 0.000000 0.000000 0.000000 0.000000 0.000000 0.000000 0.000000 0.000000 0.000000 0.000000 0.000000 0.000000 0.000000 0.000000 0.000000 0.000000 0.000000 0.000000 0.000000 0.000000 0.000000 0.000000 0.000000 0.000000 0.000000 0.000000 0.000000 0.000000 0.000000 0.000000 0.000000 0.000000 0.000000 0.000000 0.000000 0.000000 0.000000 0.000000 0.000000 0.000000 0.000000 0.000000 0.000000 0.000000 0.000000 0.000000 0.000000 0.000000 0.000000 0.000000 0.000000 0.000000 0.000000 0.000000 0.000000 0.000000 0.000000 0.000000 0.000000 0.000000 0.000000 0.000000 0.000000 0.000000 0.000000 0.000000 0.000000 0.000000 0.000000 0.000000 0.000000 0.000000 0.000000 0.000000 0.000000 0.000000 0.000000 0.000000 0.000000 0.000000 0.000000 0.000000 0.000000 0.000000 0.000000 
0.000000 0.000000 0.000000 0.000000 0.000000 0.000000 0.000000 0.000000 0.000000 0.000000 1.793624 1.830983 1.864344 1.928636 1.995440 2.056203 2.070445 2.062349 2.041873 2.092971 2.034873 2.039693 2.117835 2.102683 2.162495 1.935973 1.938582 1.901487 1.791323 1.771343 1.789544 1.773464 1.697520 1.728428 1.809938 1.865977 1.883284 1.950852 2.054466 1.987438 2.082849 1.947662 2.159059 2.181723 2.056616 2.003443 1.852100 1.845658 1.969894 2.020557 2.002689 2.249126 2.491329 2.445908 2.303252 2.159863 2.319947 2.411306 2.321032 2.254750 2.983258 3.216197 2.720780 3.002211 3.296170 3.358415 2.912236 3.550155 3.471864 3.382209 3.305484 2.513032 1.491155 2.291923 3.231948 2.512458 2.965936 3.170351 3.324923 3.394751 3.752247 4.007715 4.224422 4.040060 4.029606 3.295808 3.617827 3.409548 3.248502 3.413856 3.380124 3.159266 2.563063 2.850096 2.605211 2.378844 2.927876 2.852783 2.434534 2.368063 2.316231 2.646159 3.213179 3.615222 3.192492 2.993934 1.212403 0.000000 0.000000 0.000000 0.000000 0.000000 0.000000 0.000000 0.000000 0.000000 0.000000 0.000000 -0.500000 -0.500000 -0.500000 -0.500000 -0.500000 -0.500000 -0.500000 -0.500000 -0.421362 0.312509 0.424870 -0.500000 -0.500000 -0.500000 -0.210544 1.497330 2.013216 2.307439 2.351303 1.947644 0.716269 1.061589 1.546982 0.000000 0.000000 0.000000 0.000000 0.000000 0.000000 0.000000 0.000000 0.000000 0.000000 0.000000 0.000000 0.000000 0.000000 0.000000 0.000000 0.000000 0.000000 0.000000 0.000000 0.000000 0.000000 0.000000 0.000000 0.000000 0.000000 0.000000 0.000000 0.000000 0.000000 0.000000 0.000000 0.000000 0.000000 0.000000 0.000000 0.000000 0.000000 0.000000 0.000000 0.000000 0.000000 0.000000 0.000000 0.000000 0.000000 0.000000 0.000000 0.000000 0.000000 0.000000 0.000000 0.000000 0.000000 0.000000 0.000000 0.000000 0.000000 0.000000 0.000000 0.000000 0.000000 0.000000 0.000000 0.000000 0.000000 0.000000 0.000000 0.000000 0.000000 0.000000 0.000000 0.000000 0.000000 0.000000 0.000000 0.000000 0.000000 0.000000 0.000000 0.000000 0.000000 0.000000 0.000000 0.000000 0.000000 0.000000 0.000000 0.000000 0.000000 0.000000 0.000000 0.000000 0.000000 0.000000 0.000000 0.000000 0.000000 
0.000000 0.000000 0.000000 0.000000 0.000000 0.000000 0.000000 0.000000 0.000000 0.000000 1.971211 2.104964 2.124254 2.193522 2.112670 2.067278 2.020398 2.020943 2.013548 2.044765 2.115310 2.070036 2.045521 2.043634 2.203145 1.962879 1.878011 1.875546 1.929575 1.790908 1.810643 1.709379 1.723138 1.720552 1.747840 1.800584 1.818359 1.902918 1.962461 1.966198 2.155650 2.062206 2.227936 2.026757 2.032711 2.071379 2.217668 2.019022 1.981507 1.942716 2.016631 2.129186 2.341681 2.424938 2.389999 2.219890 2.377354 2.522617 2.298261 2.235469 3.138777 3.302429 2.990774 3.228599 3.217507 3.093126 3.193021 3.579824 3.414397 3.503027 3.601325 2.653782 1.738731 2.529304 2.610423 2.930664 3.184158 3.148776 3.191357 3.200211 3.875138 4.077071 4.121995 4.103106 4.010982 3.381334 3.694042 3.456609 3.216550 3.127674 3.122611 2.853473 2.588744 2.808969 2.623013 2.335927 3.232991 2.873064 2.395291 2.386346 2.687380 3.421226 3.273435 3.320593 2.979380 3.195185 -0.078441 0.000000 0.000000 0.000000 0.000000 0.000000 0.000000 0.000000 0.000000 0.000000 0.000000 -0.500000 -0.500000 -0.500000 -0.500000 -0.500000 -0.500000 -0.500000 -0.500000 -0.486636 0.325492 0.734822 0.621159 -0.482130 -0.500000 -0.500000 -0.489123 0.613147 1.411472 2.188180 2.321675 1.916528 1.242918 0.897340 0.851206 1.396872 0.000000 0.000000 0.000000 0.000000 0.000000 0.000000 0.000000 0.000000 0.000000 0.000000 0.000000 0.000000 0.000000 0.000000 0.000000 0.000000 0.000000 0.000000 0.000000 0.000000 0.000000 0.000000 0.000000 0.000000 0.000000 0.000000 0.000000 0.000000 0.000000 0.000000 0.000000 0.000000 0.000000 0.000000 0.000000 0.000000 0.000000 0.000000 0.000000 0.000000 0.000000 0.000000 0.000000 0.000000 0.000000 0.000000 0.000000 0.000000 0.000000 0.000000 0.000000 0.000000 0.000000 0.000000 0.000000 0.000000 0.000000 0.000000 0.000000 0.000000 0.000000 0.000000 0.000000 0.000000 0.000000 0.000000 0.000000 0.000000 0.000000 0.000000 0.000000 0.000000 0.000000 0.000000 0.000000 0.000000 0.000000 0.000000 0.000000 0.000000 0.000000 0.000000 0.000000 0.000000 0.000000 0.000000 0.000000 0.000000 0.000000 0.000000 0.000000 0.000000 0.000000 0.000000 0.000000 0.000000 0.000000 
0.000000 0.000000 0.000000 0.000000 0.000000 0.000000 0.000000 0.000000 0.000000 0.000000 0.000000 2.495110 2.482629 2.526439 2.426749 2.335366 2.187780 2.222548 2.086368 2.102180 2.278388 2.208190 2.175629 2.051421 2.135094 2.046696 2.013279 2.039912 2.153674 2.006327 1.923218 1.919171 1.920819 1.824795 1.850538 1.832297 1.901443 1.899162 1.921484 1.988063 2.037790 2.083401 2.171076 2.038351 2.189285 2.187721 2.309342 2.218358 2.141030 1.981794 1.986453 2.067623 2.095126 2.306916 2.442924 2.280724 2.435166 2.520007 2.394689 2.186414 3.012996 3.226157 3.206547 3.423210 2.836304 2.788118 3.322827 3.323232 3.032253 3.574136 3.631441 1.815283 1.988419 2.437631 2.122328 2.424066 2.889486 3.264408 3.410344 3.229406 3.363737 3.680238 3.912725 4.064649 3.761189 3.311480 3.568435 3.385956 3.104067 2.962981 2.963048 2.797676 2.516702 2.837552 2.451371 2.284471 2.796832 2.504455 2.394154 2.757786 4.024190 3.454281 3.322839 3.067782 2.796325 2.856234 0.000000 0.000000 0.000000 0.000000 0.000000 0.000000 0.000000 0.000000 0.000000 -0.500000 -0.500000 -0.500000 -0.500000 -0.500000 -0.500000 -0.500000 -0.500000 -0.500000 -0.497665 0.248509 0.853657 0.699641 0.334536 -0.498739 -0.500000 -0.500000 -0.500000 -0.007751 0.760864 1.304160 1.857391 1.787189 1.152625 0.726077 0.741716 1.311664 0.000000 0.000000 0.000000 0.000000 0.000000 0.000000 0.000000 0.000000 0.000000 0.000000 0.000000 0.000000 0.000000 0.000000 0.000000 0.000000 0.000000 0.000000 0.000000 0.000000 0.000000 0.000000 0.000000 0.000000 0.000000 0.000000 0.000000 0.000000 0.000000 0.000000 0.000000 0.000000 0.000000 0.000000 0.000000 0.000000 0.000000 0.000000 0.000000 0.000000 0.000000 0.000000 0.000000 0.000000 0.000000 0.000000 0.000000 0.000000 0.000000 0.000000 0.000000 0.000000 0.000000 0.000000 0.000000 0.000000 0.000000 0.000000 0.000000 0.000000 0.000000 0.000000 0.000000 0.000000 0.000000 0.000000 0.000000 0.000000 0.000000 0.000000 0.000000 0.000000 0.000000 0.000000 0.000000 0.000000 0.000000 0.000000 0.000000 0.000000 0.000000 0.000000 0.000000 0.000000 0.000000 0.000000 0.000000 0.000000 0.000000 0.000000 0.000000 0.000000 0.000000 0.000000 0.000000 0.000000 0.000000 
0.000000 0.000000 0.000000 0.000000 0.000000 0.000000 0.000000 0.000000 0.000000 0.000000 0.000000 2.610851 2.571848 2.551425 2.341975 2.304683 2.171737 2.168917 2.088887 2.167652 2.266854 2.258293 2.219061 2.092428 2.129469 2.080254 2.099982 2.051458 2.033554 1.984091 1.995267 1.976893 1.888999 1.939637 1.881436 1.940395 1.921809 1.983203 1.958786 2.061724 2.039412 2.075170 2.081976 2.051255 2.183677 2.283823 2.188938 2.245868 2.241718 2.010832 2.000029 2.054245 2.130017 2.056015 2.161110 2.207050 2.379179 2.367269 2.206932 2.228678 2.455768 2.954324 3.444488 3.007355 2.581511 3.054317 3.389971 2.978552 2.893550 3.476226 3.423964 2.128818 2.111609 2.011754 2.198625 2.482763 3.362858 3.254082 3.430176 3.421825 3.272523 3.640201 3.896403 3.610672 3.566935 3.447501 3.521733 3.320491 3.045642 2.951023 2.929199 2.604876 2.962315 2.851330 2.277814 2.178566 3.059957 2.552471 2.890216 3.887080 3.448914 3.306823 3.043985 3.563400 3.890569 1.740972 0.000000 0.000000 0.000000 0.000000 0.000000 0.000000 0.000000 -0.500000 -0.500000 -0.500000 -0.500000 -0.500000 -0.500000 -0.500000 -0.500000 -0.500000 -0.500000 -0.494763 0.244611 0.939493 0.781111 0.559551 -0.376586 -0.500000 -0.500000 -0.500000 -0.500000 -0.335190 0.588106 0.947166 1.475585 1.637006 1.198790 0.664131 0.707952 1.167408 1.469829 0.000000 0.000000 0.000000 0.000000 0.000000 0.000000 0.000000 0.000000 0.000000 0.000000 0.000000 0.000000 0.000000 0.000000 0.000000 0.000000 0.000000 0.000000 0.000000 0.000000 0.000000 0.000000 0.000000 0.000000 0.000000 0.000000 0.000000 0.000000 0.000000 0.000000 0.000000 0.000000 0.000000 0.000000 0.000000 0.000000 0.000000 0.000000 0.000000 0.000000 0.000000 0.000000 0.000000 0.000000 0.000000 0.000000 0.000000 0.000000 0.000000 0.000000 0.000000 0.000000 0.000000 0.000000 0.000000 0.000000 0.000000 0.000000 0.000000 0.000000 0.000000 0.000000 0.000000 0.000000 0.000000 0.000000 0.000000 0.000000 0.000000 0.000000 0.000000 0.000000 0.000000 0.000000 0.000000 0.000000 0.000000 0.000000 0.000000 0.000000 0.000000 0.000000 0.000000 0.000000 0.000000 0.000000 0.000000 0.000000 0.000000 0.000000 0.000000 0.000000 0.000000 0.000000 0.000000 0.000000 
0.000000 0.000000 0.000000 0.000000 0.000000 0.000000 0.000000 0.000000 0.000000 0.000000 0.000000 0.000000 2.723531 2.536659 2.399492 2.302029 2.225334 2.124407 2.160497 2.154830 2.234163 2.226302 2.159168 2.117666 2.202598 2.341669 2.205314 2.027882 1.976234 2.007863 1.950128 2.024552 1.907619 1.835422 1.975923 2.027416 1.954996 2.076352 2.029734 2.157383 2.149158 2.089273 2.117752 2.140412 2.170278 2.206544 2.221651 2.287261 2.295861 2.216981 2.156147 2.121279 2.108219 2.177801 2.103679 2.104854 2.402420 2.554686 2.209759 2.202426 2.460280 3.102829 2.684108 2.637465 2.732279 3.062915 3.206240 2.848353 2.903903 2.791561 1.994338 2.084986 2.043532 2.137143 2.245640 2.412300 3.283975 3.464350 3.420581 3.758974 3.682698 3.946683 3.669945 3.621246 3.520358 3.557588 3.726147 2.991752 2.851643 2.854770 2.608558 2.579824 3.464429 2.765084 2.237746 2.144887 3.256763 3.069978 3.147323 3.285728 3.279476 3.617746 2.771106 2.848234 3.420221 1.077353 -0.483168 -0.500000 -0.500000 -0.500000 0.000000 0.000000 -0.500000 -0.500000 -0.500000 -0.500000 -0.500000 -0.500000 -0.500000 -0.500000 -0.500000 -0.500000 -0.484140 0.245050 0.917107 0.693805 0.127751 -0.389171 -0.499615 -0.500000 -0.500000 -0.500000 -0.500000 -0.499980 -0.324120 0.678424 0.991802 1.288030 1.193223 1.126456 1.247311 1.237408 1.274085 0.000000 0.000000 0.000000 0.000000 0.000000 0.000000 0.000000 0.000000 0.000000 0.000000 0.000000 0.000000 0.000000 0.000000 0.000000 0.000000 0.000000 0.000000 0.000000 0.000000 0.000000 0.000000 0.000000 0.000000 0.000000 0.000000 0.000000 0.000000 0.000000 0.000000 0.000000 0.000000 0.000000 0.000000 0.000000 0.000000 0.000000 0.000000 0.000000 0.000000 0.000000 0.000000 0.000000 0.000000 0.000000 0.000000 0.000000 0.000000 0.000000 0.000000 0.000000 0.000000 0.000000 0.000000 0.000000 0.000000 0.000000 0.000000 0.000000 0.000000 0.000000 0.000000 0.000000 0.000000 0.000000 0.000000 0.000000 0.000000 0.000000 0.000000 0.000000 0.000000 0.000000 0.000000 0.000000 0.000000 0.000000 0.000000 0.000000 0.000000 0.000000 0.000000 0.000000 0.000000 0.000000 0.000000 0.000000 0.000000 0.000000 0.000000 0.000000 0.000000 0.000000 0.000000 0.000000 0.000000 
0.000000 0.000000 0.000000 0.000000 0.000000 0.000000 0.000000 0.000000 0.000000 0.000000 0.000000 0.000000 2.572563 2.502594 2.426262 2.389995 2.333550 2.245409 2.311400 2.315389 2.345640 2.264228 2.216126 2.181123 2.238281 2.134850 2.153085 1.966660 1.918796 2.029415 1.910066 1.888674 1.859389 1.838776 1.881638 2.002322 1.905727 1.931288 2.066112 2.087457 2.080003 2.157214 2.129154 2.228071 2.220485 2.197845 2.258156 2.297151 2.446956 2.312377 2.204049 2.204844 2.226273 2.206366 2.245557 2.118143 2.093524 2.303733 2.181653 2.137836 2.399222 2.842947 2.728137 2.949339 3.028584 3.136477 3.218473 2.719218 2.454585 1.527539 1.868660 2.124587 2.056517 2.197412 2.299781 2.336564 2.558162 3.384057 3.615818 3.691484 3.809572 3.693091 3.686825 4.110919 3.908029 3.168772 3.177663 3.151651 3.377071 3.326980 3.452984 2.783372 2.991223 2.485893 2.277404 2.801306 3.765895 3.061117 3.091099 3.411269 3.430042 2.625818 2.398631 2.412158 2.522274 0.510195 -0.492862 -0.500000 -0.500000 -0.500000 -0.500000 -0.500000 -0.500000 -0.500000 -0.500000 -0.500000 -0.500000 -0.500000 -0.500000 -0.500000 -0.500000 -0.489326 0.618245 0.937102 0.730641 0.123645 -0.485740 -0.500000 -0.500000 -0.500000 -0.500000 -0.500000 -0.500000 -0.500000 -0.500000 0.708735 1.010393 1.133920 1.231142 1.316367 1.315238 1.271842 1.294774 1.275484 0.000000 0.000000 0.000000 0.000000 0.000000 0.000000 0.000000 0.000000 0.000000 0.000000 0.000000 0.000000 0.000000 0.000000 0.000000 0.000000 0.000000 0.000000 0.000000 0.000000 0.000000 0.000000 0.000000 0.000000 0.000000 0.000000 0.000000 0.000000 0.000000 0.000000 0.000000 0.000000 0.000000 0.000000 0.000000 0.000000 0.000000 0.000000 0.000000 0.000000 0.000000 0.000000 0.000000 0.000000 0.000000 0.000000 0.000000 0.000000 0.000000 0.000000 0.000000 0.000000 0.000000 0.000000 0.000000 0.000000 0.000000 0.000000 0.000000 0.000000 0.000000 0.000000 0.000000 0.000000 0.000000 0.000000 0.000000 0.000000 0.000000 0.000000 0.000000 0.000000 0.000000 0.000000 0.000000 0.000000 0.000000 0.000000 0.000000 0.000000 0.000000 0.000000 0.000000 0.000000 0.000000 0.000000 0.000000 0.000000 0.000000 0.000000 0.000000 0.000000 0.000000 0.000000 0.000000 
0.000000 0.000000 0.000000 0.000000 0.000000 0.000000 0.000000 0.000000 0.000000 0.000000 0.000000 0.000000 0.000000 2.493282 2.604131 2.394636 2.359914 2.299448 2.427898 2.325285 2.321080 2.334135 2.395507 2.247155 2.290495 2.238140 2.089360 2.008861 2.106806 2.035246 1.967487 2.002682 1.847322 1.931283 1.824008 1.821673 1.911157 1.875152 1.966317 1.958542 2.152661 2.061285 2.082978 2.188727 2.235106 2.235210 2.278359 2.301418 2.325066 2.415904 2.449255 2.285691 2.237946 2.166631 2.201151 2.309214 2.116760 2.118273 2.125165 2.332210 2.921442 2.722460 2.795521 2.849275 3.553364 3.314959 3.077685 2.095373 1.822552 2.067540 2.257642 2.241298 2.286325 2.284245 2.334756 2.463525 2.590035 3.033202 3.513068 3.588726 3.595303 3.716049 3.889403 3.986748 3.877039 2.836964 3.652284 3.629132 3.151040 3.174466 3.009995 3.206712 2.935262 2.644440 2.991133 3.183084 3.007977 3.101811 3.368253 3.471424 2.788559 2.162263 2.302876 2.184988 2.539934 1.110577 -0.483363 -0.500000 -0.500000 -0.500000 -0.500000 -0.500000 -0.500000 -0.500000 -0.500000 -0.500000 -0.500000 -0.500000 -0.500000 -0.488728 -0.328221 0.634574 0.964898 0.785009 0.730090 0.777925 0.687489 -0.257977 -0.499897 -0.500000 -0.500000 -0.500000 -0.500000 -0.500000 -0.500000 1.106562 2.357056 2.013072 1.659695 1.432975 1.447906 1.458743 1.363141 1.266185 0.000000 0.000000 0.000000 0.000000 0.000000 0.000000 0.000000 0.000000 0.000000 0.000000 0.000000 0.000000 0.000000 0.000000 0.000000 0.000000 0.000000 0.000000 0.000000 0.000000 0.000000 0.000000 0.000000 0.000000 0.000000 0.000000 0.000000 0.000000 0.000000 0.000000 0.000000 0.000000 0.000000 0.000000 0.000000 0.000000 0.000000 0.000000 0.000000 0.000000 0.000000 0.000000 0.000000 0.000000 0.000000 0.000000 0.000000 0.000000 0.000000 0.000000 0.000000 0.000000 0.000000 0.000000 0.000000 0.000000 0.000000 0.000000 0.000000 0.000000 0.000000 0.000000 0.000000 0.000000 0.000000 0.000000 0.000000 0.000000 0.000000 0.000000 0.000000 0.000000 0.000000 0.000000 0.000000 0.000000 0.000000 0.000000 0.000000 0.000000 0.000000 0.000000 0.000000 0.000000 0.000000 0.000000 0.000000 0.000000 0.000000 0.000000 0.000000 0.000000 0.000000 0.000000 0.000000 
0.000000 0.000000 0.000000 0.000000 0.000000 0.000000 0.000000 0.000000 0.000000 0.000000 0.000000 0.000000 0.000000 2.487295 2.756521 2.409539 2.468643 2.323112 2.402488 2.315717 2.380947 2.378002 2.403339 2.299199 2.319915 2.304150 2.140822 2.194152 2.049021 2.115156 2.010907 1.909432 1.908114 1.932156 1.870721 1.931899 1.923200 1.773823 1.696860 1.926480 2.079257 1.973791 2.209096 2.215544 2.183013 2.303322 2.253527 2.324329 2.377414 2.415546 2.480706 2.420430 2.236898 2.211839 2.244945 2.259824 2.385127 2.235959 2.097897 2.260451 2.850453 2.560371 2.713824 2.686604 3.016438 2.107349 1.713110 1.962453 1.967242 2.016691 2.082468 2.297499 2.367433 2.380034 2.394551 2.518991 2.684824 2.895361 3.266877 3.377453 3.636857 3.813944 3.744627 3.767961 3.690992 2.870845 3.593943 3.581659 3.340391 3.276416 3.086927 3.213916 3.498286 3.313644 2.820049 2.949205 3.371352 3.678520 3.432142 2.771018 2.415394 2.053624 2.640639 2.144035 2.013153 0.369911 -0.492986 -0.500000 -0.500000 -0.500000 -0.500000 -0.500000 -0.500000 -0.500000 -0.500000 -0.500000 -0.500000 -0.497752 -0.229289 0.533954 0.971040 1.010145 0.870886 0.897191 0.917650 0.865498 0.776092 0.427125 -0.411559 -0.500000 -0.500000 -0.500000 -0.500000 -0.500000 -0.500000 0.745181 1.799889 2.014506 1.718288 1.454206 1.305464 1.385652 1.359848 1.466034 2.477347 0.000000 0.000000 0.000000 0.000000 0.000000 0.000000 0.000000 0.000000 0.000000 0.000000 0.000000 0.000000 0.000000 0.000000 0.000000 0.000000 0.000000 0.000000 0.000000 0.000000 0.000000 0.000000 0.000000 0.000000 0.000000 0.000000 0.000000 0.000000 0.000000 0.000000 0.000000 0.000000 0.000000 0.000000 0.000000 0.000000 0.000000 0.000000 0.000000 0.000000 0.000000 0.000000 0.000000 0.000000 0.000000 0.000000 0.000000 0.000000 0.000000 0.000000 0.000000 0.000000 0.000000 0.000000 0.000000 0.000000 0.000000 0.000000 0.000000 0.000000 0.000000 0.000000 0.000000 0.000000 0.000000 0.000000 0.000000 0.000000 0.000000 0.000000 0.000000 0.000000 0.000000 0.000000 0.000000 0.000000 0.000000 0.000000 0.000000 0.000000 0.000000 0.000000 0.000000 0.000000 0.000000 0.000000 0.000000 0.000000 0.000000 0.000000 0.000000 0.000000 0.000000 0.000000 
0.000000 0.000000 0.000000 0.000000 0.000000 0.000000 0.000000 0.000000 0.000000 0.000000 0.000000 0.000000 0.000000 0.000000 2.185865 2.209212 2.242184 2.194319 2.206128 2.163409 2.192902 2.241817 2.305127 2.297334 2.395757 2.324168 2.268540 2.166606 2.084630 2.099716 2.055243 2.015577 1.978866 2.025645 1.971817 2.058784 1.945593 1.901968 1.783212 2.030334 1.837334 1.968714 2.081067 2.177961 2.167802 2.205192 2.264179 2.296981 2.355368 2.417054 2.464275 2.551374 2.470850 2.382184 2.337109 2.296745 2.314411 2.470173 2.292832 2.347167 2.838387 2.797875 3.023752 2.867804 1.923699 1.363999 1.797460 2.117838 1.962052 1.881246 2.113927 2.408107 2.491387 2.462222 2.635615 2.672776 2.862161 2.927727 3.061736 3.423305 3.704029 3.884146 3.948122 3.801102 3.811010 3.340048 3.781672 3.644659 3.185791 3.108749 3.404354 3.242400 3.127593 2.781307 2.965369 3.866611 4.116157 3.596044 3.360088 2.828108 2.781608 2.145324 2.169466 2.110503 1.483080 -0.113347 -0.499896 -0.500000 -0.500000 -0.500000 -0.500000 -0.500000 -0.500000 -0.500000 -0.316921 -0.242860 -0.000294 0.806432 1.372095 1.171594 1.119584 0.951446 0.899672 0.883666 0.889977 0.894298 0.866663 0.860430 0.023630 -0.500000 -0.500000 -0.500000 -0.500000 -0.500000 -0.496884 0.804034 2.065852 2.244444 1.193849 1.212484 1.196704 1.265502 1.796295 1.979725 2.405638 0.000000 0.000000 0.000000 0.000000 0.000000 0.000000 0.000000 0.000000 0.000000 0.000000 0.000000 0.000000 0.000000 0.000000 0.000000 0.000000 0.000000 0.000000 0.000000 0.000000 0.000000 0.000000 0.000000 0.000000 0.000000 0.000000 0.000000 0.000000 0.000000 0.000000 0.000000 0.000000 0.000000 0.000000 0.000000 0.000000 0.000000 0.000000 0.000000 0.000000 0.000000 0.000000 0.000000 0.000000 0.000000 0.000000 0.000000 0.000000 0.000000 0.000000 0.000000 0.000000 0.000000 0.000000 0.000000 0.000000 0.000000 0.000000 0.000000 0.000000 0.000000 0.000000 0.000000 0.000000 0.000000 0.000000 0.000000 0.000000 0.000000 0.000000 0.000000 0.000000 0.000000 0.000000 0.000000 0.000000 0.000000 0.000000 0.000000 0.000000 0.000000 0.000000 0.000000 0.000000 0.000000 0.000000 0.000000 0.000000 0.000000 0.000000 0.000000 0.000000 0.000000 0.000000 
0.000000 0.000000 0.000000 0.000000 0.000000 0.000000 0.000000 0.000000 0.000000 0.000000 0.000000 0.000000 0.000000 0.000000 2.028073 2.028998 2.051845 2.076856 2.113825 2.140852 2.179486 2.206814 2.333827 2.420341 2.448716 2.291336 2.227182 2.136801 2.096060 2.034665 2.015048 1.931040 1.872275 1.942095 1.963898 1.989207 2.031650 2.012469 1.920181 2.129274 1.933748 2.019454 1.941326 2.032342 2.090947 2.155041 2.223490 2.228479 2.359694 2.422190 2.464472 2.489218 2.539122 2.571405 2.499455 2.443345 2.237971 2.407557 2.629309 2.383556 2.779124 3.095877 3.509124 2.181231 1.872803 1.978973 2.660594 2.330361 2.327060 2.307449 2.251390 2.388199 2.610326 2.692287 2.775290 2.883333 2.949646 2.985783 3.069246 3.130012 3.428754 3.774380 3.810499 3.898682 3.483921 3.276411 3.761701 3.737446 3.165324 3.115453 3.753709 2.943077 2.759298 3.125066 3.991011 3.869926 3.643215 3.623382 3.585220 3.336871 2.677895 1.885796 1.793926 2.206382 1.094814 -0.474084 -0.500000 -0.500000 -0.500000 -0.498708 -0.404996 -0.267489 0.002631 0.638251 1.357880 1.045126 1.127436 1.169798 1.147772 1.123369 1.392770 1.415311 1.318473 1.183365 1.066851 0.980570 0.857388 0.829935 0.392701 -0.491724 -0.500000 -0.500000 -0.500000 -0.500000 -0.380388 0.820753 1.429512 1.849833 1.954080 1.932470 1.604504 1.376529 1.910855 2.147607 2.346933 2.561597 0.000000 0.000000 0.000000 0.000000 0.000000 0.000000 0.000000 0.000000 0.000000 0.000000 0.000000 0.000000 0.000000 0.000000 0.000000 0.000000 0.000000 0.000000 0.000000 0.000000 0.000000 0.000000 0.000000 0.000000 0.000000 0.000000 0.000000 0.000000 0.000000 0.000000 0.000000 0.000000 0.000000 0.000000 0.000000 0.000000 0.000000 0.000000 0.000000 0.000000 0.000000 0.000000 0.000000 0.000000 0.000000 0.000000 0.000000 0.000000 0.000000 0.000000 0.000000 0.000000 0.000000 0.000000 0.000000 0.000000 0.000000 0.000000 0.000000 0.000000 0.000000 0.000000 0.000000 0.000000 0.000000 0.000000 0.000000 0.000000 0.000000 0.000000 0.000000 0.000000 0.000000 0.000000 0.000000 0.000000 0.000000 0.000000 0.000000 0.000000 0.000000 0.000000 0.000000 0.000000 0.000000 0.000000 0.000000 0.000000 0.000000 0.000000 0.000000 0.000000 0.000000 
0.000000 0.000000 0.000000 0.000000 0.000000 0.000000 0.000000 0.000000 0.000000 0.000000 0.000000 0.000000 0.000000 0.000000 0.000000 2.288456 2.206724 2.188568 2.250095 2.232779 2.248075 2.269417 2.291909 2.332428 2.380186 2.362734 2.272330 2.202532 2.111394 2.128319 2.117597 2.063597 1.972414 2.045922 2.020663 1.994460 2.049208 2.025059 2.030720 2.098411 2.040502 2.073840 2.001142 1.977957 2.023693 2.057742 2.141806 2.251755 2.334872 2.447562 2.457881 2.488244 2.542233 2.576288 2.617929 2.539326 2.325112 2.381935 2.730966 2.736390 2.729996 1.908528 1.988057 2.072289 2.032681 2.023654 2.040967 2.180399 2.438669 2.436262 2.339528 2.437512 2.639187 2.830720 2.827168 2.817995 3.006019 3.629744 3.225117 3.485743 3.078502 3.825228 3.896859 3.979366 3.243020 3.604927 3.691806 3.696278 3.113821 2.819802 2.785676 2.872939 3.414747 3.955662 3.894125 3.523071 2.869674 2.713929 3.032568 3.009270 3.017982 1.773494 1.612739 2.382938 0.719629 -0.499268 -0.500000 -0.500000 -0.494435 0.313038 0.969833 1.116141 1.343857 1.712276 1.607093 1.121816 1.108805 0.944406 0.948328 1.141374 1.312622 1.895394 2.166970 1.840118 1.633217 1.302469 1.079394 0.921670 0.838443 -0.156665 -0.493180 -0.500000 -0.500000 -0.500000 -0.256263 0.721455 1.019803 1.744142 2.261252 1.926290 1.340709 1.349158 1.458053 2.009444 2.429658 2.471988 0.000000 0.000000 0.000000 0.000000 0.000000 0.000000 0.000000 0.000000 0.000000 0.000000 0.000000 0.000000 0.000000 0.000000 0.000000 0.000000 0.000000 0.000000 0.000000 0.000000 0.000000 0.000000 0.000000 0.000000 0.000000 0.000000 0.000000 0.000000 0.000000 0.000000 0.000000 0.000000 0.000000 0.000000 0.000000 0.000000 0.000000 0.000000 0.000000 0.000000 0.000000 0.000000 0.000000 0.000000 0.000000 0.000000 0.000000 0.000000 0.000000 0.000000 0.000000 0.000000 0.000000 0.000000 0.000000 0.000000 0.000000 0.000000 0.000000 0.000000 0.000000 0.000000 0.000000 0.000000 0.000000 0.000000 0.000000 0.000000 0.000000 0.000000 0.000000 0.000000 0.000000 0.000000 0.000000 0.000000 0.000000 0.000000 0.000000 0.000000 0.000000 0.000000 0.000000 0.000000 0.000000 0.000000 0.000000 0.000000 0.000000 0.000000 0.000000 0.000000 0.000000 
0.000000 0.000000 0.000000 0.000000 0.000000 0.000000 0.000000 0.000000 0.000000 0.000000 0.000000 0.000000 0.000000 0.000000 0.000000 0.000000 2.367988 2.330126 2.339836 2.415184 2.382670 2.424841 2.472118 2.358772 2.390062 2.550133 2.409703 2.348907 2.254396 2.275315 2.256757 2.288379 2.180651 2.220317 2.152485 2.156543 2.117414 2.037631 2.014756 1.984176 2.004809 2.100796 2.065370 1.986795 2.036410 1.997700 2.058895 2.170798 2.323486 2.487735 2.372859 2.420766 2.494310 2.577665 2.672602 2.566277 2.493786 2.553891 2.639855 2.866879 2.513709 1.721506 2.100641 2.174139 2.027237 2.086095 2.100811 2.282387 2.458104 2.594006 2.545961 2.587428 2.729813 2.915642 2.977209 2.996007 3.513026 3.544124 3.729850 3.747115 3.195181 3.648568 3.900833 3.682104 3.308234 3.745358 3.727989 3.612290 3.090129 2.813678 3.049332 4.025228 4.121439 3.033331 1.849337 2.604354 2.957592 2.210959 2.513128 2.122992 2.024353 1.534490 1.482349 2.097606 0.071691 -0.500000 -0.500000 -0.500000 -0.084204 1.760678 1.245886 1.152048 1.380420 1.722252 1.795343 1.494182 1.380714 1.125177 1.066779 1.134491 1.271652 1.671680 1.594084 1.704117 1.615704 1.329823 1.251511 1.384829 1.290202 0.999706 -0.273966 -0.499942 -0.500000 -0.500000 -0.303581 0.793501 1.225204 2.039636 2.106992 1.500139 1.330682 2.021398 1.521639 1.875062 2.269522 2.611003 0.000000 0.000000 0.000000 0.000000 0.000000 0.000000 0.000000 0.000000 0.000000 0.000000 0.000000 0.000000 0.000000 0.000000 0.000000 0.000000 0.000000 0.000000 0.000000 0.000000 0.000000 0.000000 0.000000 0.000000 0.000000 0.000000 0.000000 0.000000 0.000000 0.000000 0.000000 0.000000 0.000000 0.000000 0.000000 0.000000 0.000000 0.000000 0.000000 0.000000 0.000000 0.000000 0.000000 0.000000 0.000000 0.000000 0.000000 0.000000 0.000000 0.000000 0.000000 0.000000 0.000000 0.000000 0.000000 0.000000 0.000000 0.000000 0.000000 0.000000 0.000000 0.000000 0.000000 0.000000 0.000000 0.000000 0.000000 0.000000 0.000000 0.000000 0.000000 0.000000 0.000000 0.000000 0.000000 0.000000 0.000000 0.000000 0.000000 0.000000 0.000000 0.000000 0.000000 0.000000 0.000000 0.000000 0.000000 0.000000 0.000000 0.000000 0.000000 0.000000 0.000000 
0.000000 0.000000 0.000000 0.000000 0.000000 0.000000 0.000000 0.000000 0.000000 0.000000 0.000000 0.000000 0.000000 0.000000 0.000000 0.000000 2.382690 2.506432 2.469055 2.471479 2.441526 2.382972 2.528146 2.360677 2.411961 2.518507 2.486393 2.391066 2.377544 2.382648 2.324325 2.327543 2.271931 2.275442 2.254723 2.366156 2.262186 2.287000 2.110963 1.972628 2.029285 2.002939 2.140995 2.164399 2.242496 1.996468 2.051225 2.118773 2.406538 2.416607 2.364182 2.349149 2.388056 2.454017 2.509368 2.720109 2.664923 2.670422 2.752909 2.621056 2.904468 2.584221 2.208491 2.126602 2.216178 2.266942 2.327706 2.423278 2.475864 2.727993 2.841721 2.892372 2.887300 2.958894 3.180858 3.050138 3.535390 3.618983 3.505872 3.548729 3.409085 2.988929 3.429315 2.967369 3.641228 3.674116 3.732813 3.108213 2.937570 3.609376 4.229119 4.229683 3.719125 2.485035 2.147964 2.165961 1.933462 2.173277 2.382802 2.389688 2.290301 1.730072 1.424953 1.031670 -0.110332 -0.500000 -0.500000 -0.497730 0.773066 1.416708 1.220069 1.363471 1.414322 1.473651 1.580634 1.389032 1.253536 1.034899 0.949405 0.956506 1.035570 1.455664 1.549476 1.455023 1.250334 1.424007 1.309079 1.311439 1.562884 1.282649 0.279975 -0.455588 -0.500000 -0.500000 -0.500000 0.262981 1.230109 1.982116 2.337533 0.985609 1.060856 1.372345 1.512662 1.572920 1.224844 1.092748 3.212540 0.000000 0.000000 0.000000 0.000000 0.000000 0.000000 0.000000 0.000000 0.000000 0.000000 0.000000 0.000000 0.000000 0.000000 0.000000 0.000000 0.000000 0.000000 0.000000 0.000000 0.000000 0.000000 0.000000 0.000000 0.000000 0.000000 0.000000 0.000000 0.000000 0.000000 0.000000 0.000000 0.000000 0.000000 0.000000 0.000000 0.000000 0.000000 0.000000 0.000000 0.000000 0.000000 0.000000 0.000000 0.000000 0.000000 0.000000 0.000000 0.000000 0.000000 0.000000 0.000000 0.000000 0.000000 0.000000 0.000000 0.000000 0.000000 0.000000 0.000000 0.000000 0.000000 0.000000 0.000000 0.000000 0.000000 0.000000 0.000000 0.000000 0.000000 0.000000 0.000000 0.000000 0.000000 0.000000 0.000000 0.000000 0.000000 0.000000 0.000000 0.000000 0.000000 0.000000 0.000000 0.000000 0.000000 0.000000 0.000000 0.000000 0.000000 0.000000 0.000000 
0.000000 0.000000 0.000000 0.000000 0.000000 0.000000 0.000000 0.000000 0.000000 0.000000 0.000000 0.000000 0.000000 0.000000 0.000000 0.000000 0.000000 2.942768 2.985080 2.792253 2.734682 2.611659 2.641501 2.422536 2.452420 2.612541 2.687784 2.586848 2.624804 2.626453 2.556817 2.440472 2.329654 2.418530 2.385487 2.363836 2.436260 2.353848 2.155074 2.178273 2.134431 2.129264 2.115115 2.242624 2.190814 2.105258 2.158893 2.233652 2.355717 2.377776 2.327117 2.365123 2.394346 2.421921 2.392077 2.606128 2.705590 2.752230 2.708377 2.691693 2.912983 2.885799 2.588688 2.178338 2.479999 2.437656 2.386278 2.463186 2.568403 2.789629 2.892497 2.976099 2.847533 3.139175 2.913745 2.951540 3.017738 3.495052 3.417969 3.374758 3.294603 3.277080 2.711249 3.192187 3.859473 3.545278 3.002110 3.180947 3.986978 4.267015 3.845402 3.638151 2.594313 2.185993 2.099252 1.986977 1.809664 1.826419 1.867804 2.085958 2.310824 1.931245 1.693597 1.538031 -0.425118 -0.500000 -0.500000 -0.410509 0.703502 1.039350 1.088421 1.197293 1.241891 1.377248 1.426227 1.338235 1.139931 1.021196 0.982838 1.166487 1.837481 1.516822 1.335483 1.233676 1.144383 1.133219 1.262182 1.375120 1.365217 1.514627 0.995593 0.245968 -0.499321 -0.500000 -0.500000 -0.368607 0.806416 1.560784 2.000016 1.108198 0.989059 0.914081 1.186520 1.655532 1.102477 1.272408 3.163935 0.000000 0.000000 0.000000 0.000000 0.000000 0.000000 0.000000 0.000000 0.000000 0.000000 0.000000 0.000000 0.000000 0.000000 0.000000 0.000000 0.000000 0.000000 0.000000 0.000000 0.000000 0.000000 0.000000 0.000000 0.000000 0.000000 0.000000 0.000000 0.000000 0.000000 0.000000 0.000000 0.000000 0.000000 0.000000 0.000000 0.000000 0.000000 0.000000 0.000000 0.000000 0.000000 0.000000 0.000000 0.000000 0.000000 0.000000 0.000000 0.000000 0.000000 0.000000 0.000000 0.000000 0.000000 0.000000 0.000000 0.000000 0.000000 0.000000 0.000000 0.000000 0.000000 0.000000 0.000000 0.000000 0.000000 0.000000 0.000000 0.000000 0.000000 0.000000 0.000000 0.000000 0.000000 0.000000 0.000000 0.000000 0.000000 0.000000 0.000000 0.000000 0.000000 0.000000 0.000000 0.000000 0.000000 0.000000 0.000000 0.000000 0.000000 0.000000 0.000000 
0.000000 0.000000 0.000000 0.000000 0.000000 0.000000 0.000000 0.000000 0.000000 0.000000 0.000000 0.000000 0.000000 0.000000 0.000000 0.000000 0.000000 3.460798 3.294386 3.265869 3.144805 3.067013 2.830950 2.517802 2.478448 2.825526 2.942468 3.068756 3.048954 2.969783 2.968082 3.113780 2.995897 3.002289 2.876971 2.532012 2.418672 2.290405 2.300289 2.273334 2.330518 2.262692 2.228171 2.158198 2.173616 2.239793 2.315855 2.397375 2.252825 2.362061 2.657110 2.477570 2.388012 2.375347 2.489698 2.574291 2.621435 2.612394 2.627915 2.676605 2.624801 2.955656 2.839486 2.527555 2.668787 2.721586 2.611677 2.591489 2.695495 2.881426 3.009933 2.976800 2.908167 3.010511 2.918473 2.877929 2.971981 3.256088 3.457146 3.466175 3.473581 3.415219 2.995290 3.554553 3.287435 2.985636 3.343776 4.291795 3.849354 3.389157 3.847774 3.425638 2.566012 3.652621 3.014667 3.744028 2.165885 2.845626 2.192700 1.868150 2.184469 1.718016 2.038757 0.927999 -0.489976 -0.500000 -0.495660 0.174839 1.107850 1.057543 1.044654 1.032153 1.073762 1.024635 1.351279 1.289165 1.081814 0.964284 1.035403 1.344302 1.910284 1.338841 1.279257 1.197236 1.168204 1.134753 1.146191 1.326077 1.427158 1.374754 1.250510 0.660370 -0.205232 -0.499835 -0.500000 -0.499620 -0.045248 0.961127 1.412011 1.426169 1.165348 0.995428 1.240942 1.961757 0.836279 2.598002 2.344547 2.513786 0.000000 0.000000 0.000000 0.000000 0.000000 0.000000 0.000000 0.000000 0.000000 0.000000 0.000000 0.000000 0.000000 0.000000 0.000000 0.000000 0.000000 0.000000 0.000000 0.000000 0.000000 0.000000 0.000000 0.000000 0.000000 0.000000 0.000000 0.000000 0.000000 0.000000 0.000000 0.000000 0.000000 0.000000 0.000000 0.000000 0.000000 0.000000 0.000000 0.000000 0.000000 0.000000 0.000000 0.000000 0.000000 0.000000 0.000000 0.000000 0.000000 0.000000 0.000000 0.000000 0.000000 0.000000 0.000000 0.000000 0.000000 0.000000 0.000000 0.000000 0.000000 0.000000 0.000000 0.000000 0.000000 0.000000 0.000000 0.000000 0.000000 0.000000 0.000000 0.000000 0.000000 0.000000 0.000000 0.000000 0.000000 0.000000 0.000000 0.000000 0.000000 0.000000 0.000000 0.000000 0.000000 0.000000 0.000000 0.000000 0.000000 0.000000 0.000000 
0.000000 0.000000 0.000000 0.000000 0.000000 0.000000 0.000000 0.000000 0.000000 0.000000 0.000000 0.000000 0.000000 0.000000 0.000000 0.000000 0.000000 0.000000 3.286111 3.301073 3.154501 3.045130 2.863732 2.601550 2.611867 2.841943 2.990134 3.050997 3.037017 3.000569 3.011122 3.253443 3.043408 2.950127 3.097745 3.023576 3.028443 2.676327 2.378515 2.422791 2.413153 2.389391 2.283984 2.175518 2.212819 2.226564 2.379956 2.444825 2.294292 2.223266 2.559963 2.525949 2.444766 2.537683 2.589556 2.586412 2.544078 2.591347 2.570453 2.631280 2.582730 2.767239 3.014595 2.839616 2.565021 3.693744 2.898777 2.870645 2.914056 3.006860 3.078379 3.030001 2.993617 2.922104 2.823255 2.824759 2.943101 3.279649 3.520216 3.607575 3.755984 3.834536 3.475916 3.084760 3.081959 3.902848 4.378071 3.613215 2.811914 2.753375 3.010468 3.597156 3.945985 3.625975 3.346824 2.611951 2.257861 3.791753 3.730948 3.043299 2.923350 1.752932 1.298757 -0.005085 -0.499480 -0.500000 -0.388455 0.764658 1.100629 1.198764 1.064075 1.042264 1.009729 0.994084 1.223032 1.149213 1.087720 1.274660 2.021645 2.005842 2.142146 1.292691 1.286071 1.225428 1.216390 1.172315 1.204617 1.200153 1.374237 1.436587 1.563262 1.443499 0.765959 -0.358111 -0.499976 -0.500000 -0.492791 0.117286 1.358463 2.530432 2.242890 1.230713 1.832190 1.316899 0.942776 3.762416 1.569484 2.294348 0.000000 0.000000 0.000000 0.000000 0.000000 0.000000 0.000000 0.000000 0.000000 0.000000 0.000000 0.000000 0.000000 0.000000 0.000000 0.000000 0.000000 0.000000 0.000000 0.000000 0.000000 0.000000 0.000000 0.000000 0.000000 0.000000 0.000000 0.000000 0.000000 0.000000 0.000000 0.000000 0.000000 0.000000 0.000000 0.000000 0.000000 0.000000 0.000000 0.000000 0.000000 0.000000 0.000000 0.000000 0.000000 0.000000 0.000000 0.000000 0.000000 0.000000 0.000000 0.000000 0.000000 0.000000 0.000000 0.000000 0.000000 0.000000 0.000000 0.000000 0.000000 0.000000 0.000000 0.000000 0.000000 0.000000 0.000000 0.000000 0.000000 0.000000 0.000000 0.000000 0.000000 0.000000 0.000000 0.000000 0.000000 0.000000 0.000000 0.000000 0.000000 0.000000 0.000000 0.000000 0.000000 0.000000 0.000000 0.000000 0.000000 0.000000 0.000000 
0.000000 0.000000 0.000000 0.000000 0.000000 0.000000 0.000000 0.000000 0.000000 0.000000 0.000000 0.000000 0.000000 0.000000 0.000000 0.000000 0.000000 0.000000 3.169338 3.196270 3.146956 3.000897 2.952951 2.687549 2.725367 2.856475 2.936260 2.907969 2.984315 2.955606 2.879325 2.874073 2.996019 2.914481 3.084619 3.071605 3.149970 3.043772 3.044732 2.861910 2.553813 2.402447 2.439306 2.268494 2.253964 2.250818 2.356941 2.407857 2.366014 2.339936 2.392473 2.522290 2.590722 2.617026 2.622234 2.589287 2.653893 2.529778 2.661176 2.650944 2.688335 2.682726 3.023124 2.995303 2.817394 3.100863 4.005518 3.108087 3.041386 3.057711 2.971422 3.029597 2.915135 2.777527 2.761118 2.836104 2.808733 3.221754 3.501283 4.074226 3.827331 3.350857 3.081429 3.030145 3.944387 4.155982 2.986744 2.778373 2.707733 2.703315 2.811351 3.611201 3.699152 3.475567 3.698064 2.486451 2.137487 3.302158 3.246545 3.101364 3.090766 1.675553 0.814075 -0.400302 -0.499997 -0.500000 -0.088434 1.437076 1.192407 1.097412 1.385522 1.187810 1.138188 1.063831 1.142082 1.091126 1.187673 1.335444 2.371777 2.229203 1.305029 1.254602 1.274485 1.265586 1.250129 1.199913 1.313693 1.308846 1.346187 1.405792 1.543755 1.727329 1.632038 1.250609 -0.432780 -0.500000 -0.500000 -0.486629 0.988858 2.252313 1.852251 1.531857 2.020187 1.164902 1.941337 3.430344 1.691559 2.171777 0.000000 0.000000 0.000000 0.000000 0.000000 0.000000 0.000000 0.000000 0.000000 0.000000 0.000000 0.000000 0.000000 0.000000 0.000000 0.000000 0.000000 0.000000 0.000000 0.000000 0.000000 0.000000 0.000000 0.000000 0.000000 0.000000 0.000000 0.000000 0.000000 0.000000 0.000000 0.000000 0.000000 0.000000 0.000000 0.000000 0.000000 0.000000 0.000000 0.000000 0.000000 0.000000 0.000000 0.000000 0.000000 0.000000 0.000000 0.000000 0.000000 0.000000 0.000000 0.000000 0.000000 0.000000 0.000000 0.000000 0.000000 0.000000 0.000000 0.000000 0.000000 0.000000 0.000000 0.000000 0.000000 0.000000 0.000000 0.000000 0.000000 0.000000 0.000000 0.000000 0.000000 0.000000 0.000000 0.000000 0.000000 0.000000 0.000000 0.000000 0.000000 0.000000 0.000000 0.000000 0.000000 0.000000 0.000000 0.000000 0.000000 0.000000 0.000000 
0.000000 0.000000 0.000000 0.000000 0.000000 0.000000 0.000000 0.000000 0.000000 0.000000 0.000000 0.000000 0.000000 0.000000 0.000000 0.000000 0.000000 0.000000 0.000000 2.938401 2.921036 2.860040 2.826052 2.840284 2.810959 2.765046 2.724499 2.658453 2.634338 2.593798 2.587632 2.668114 2.721758 2.900497 2.998107 3.046791 3.078979 2.977124 3.187292 3.047944 2.742929 2.367487 2.402900 2.413798 2.366369 2.289943 2.264189 2.387987 2.636573 2.614624 2.552140 2.659163 2.699061 2.608716 2.583060 2.569572 2.704923 2.753225 2.714993 2.692474 2.739994 2.798494 2.650340 3.117337 2.986590 2.925574 3.862627 4.601666 3.327259 3.150052 3.063380 2.915128 2.890717 2.830965 2.786226 2.788526 2.850988 3.398886 4.122586 3.693049 3.164955 3.144463 3.379653 3.186140 3.054245 2.901037 2.799494 2.704088 2.662495 2.609596 2.995214 3.626295 3.755056 2.658818 4.065881 3.630238 3.086333 3.411928 3.048246 3.144606 2.997142 1.877501 0.695245 -0.488210 -0.500000 -0.499915 0.489612 1.354495 1.177902 1.449090 1.478552 1.296292 1.343710 1.265909 1.174551 0.978438 1.239694 2.015899 2.328523 1.270483 1.261645 1.253304 1.378780 1.409790 1.351737 1.352201 1.443902 1.448643 1.437376 1.441576 1.516116 1.447489 1.688712 1.759449 0.276321 -0.481036 -0.500000 -0.500000 -0.456315 0.603769 0.971117 1.538216 1.479305 0.817750 3.751119 1.784405 1.683140 2.200494 0.000000 0.000000 0.000000 0.000000 0.000000 0.000000 0.000000 0.000000 0.000000 0.000000 0.000000 0.000000 0.000000 0.000000 0.000000 0.000000 0.000000 0.000000 0.000000 0.000000 0.000000 0.000000 0.000000 0.000000 0.000000 0.000000 0.000000 0.000000 0.000000 0.000000 0.000000 0.000000 0.000000 0.000000 0.000000 0.000000 0.000000 0.000000 0.000000 0.000000 0.000000 0.000000 0.000000 0.000000 0.000000 0.000000 0.000000 0.000000 0.000000 0.000000 0.000000 0.000000 0.000000 0.000000 0.000000 0.000000 0.000000 0.000000 0.000000 0.000000 0.000000 0.000000 0.000000 0.000000 0.000000 0.000000 0.000000 0.000000 0.000000 0.000000 0.000000 0.000000 0.000000 0.000000 0.000000 0.000000 0.000000 0.000000 0.000000 0.000000 0.000000 0.000000 0.000000 0.000000 0.000000 0.000000 0.000000 0.000000 0.000000 0.000000 0.000000 
0.000000 0.000000 0.000000 0.000000 0.000000 0.000000 0.000000 0.000000 0.000000 0.000000 0.000000 0.000000 0.000000 0.000000 0.000000 0.000000 0.000000 0.000000 0.000000 3.029729 2.990164 2.990647 2.985460 2.875412 2.861913 2.784687 2.726367 2.740663 2.671659 2.653552 2.667188 2.674806 2.720918 2.706966 2.765408 2.857198 3.070319 2.983473 3.083067 2.925530 2.938685 2.763905 2.551011 2.522350 2.501476 2.448462 2.254240 2.329185 2.625819 2.713119 2.678267 2.703170 2.682348 2.633952 2.655038 2.718986 2.869461 3.640633 3.055164 2.950982 3.036190 3.264870 2.565061 2.886273 3.135656 2.990990 2.982026 4.346235 4.585575 3.194475 3.087687 2.865390 2.922287 2.910843 2.866044 2.863308 3.411000 3.752486 3.352502 3.124849 3.178381 3.298453 3.058229 2.574221 2.667071 2.814749 2.855702 2.746575 2.632010 2.529888 3.268213 3.662292 3.650677 2.476713 3.325405 2.271293 2.555069 3.385223 3.141199 3.323483 2.644364 1.720518 -0.038408 -0.500000 -0.500000 -0.492648 1.112946 1.183815 1.189615 1.617233 1.588053 1.508827 1.464445 1.501680 1.148145 0.950969 1.079089 1.909575 1.913630 1.264205 1.288554 1.313926 1.359964 1.501659 1.430555 1.551031 1.615722 1.539850 1.456948 1.677311 2.051372 1.904182 1.665363 1.734700 1.181833 0.316702 -0.391496 -0.500000 -0.500000 -0.474025 -0.306142 0.325191 0.851154 0.771896 2.372683 0.790030 1.036111 1.435505 1.734813 0.000000 0.000000 0.000000 0.000000 0.000000 0.000000 0.000000 0.000000 0.000000 0.000000 0.000000 0.000000 0.000000 0.000000 0.000000 0.000000 0.000000 0.000000 0.000000 0.000000 0.000000 0.000000 0.000000 0.000000 0.000000 0.000000 0.000000 0.000000 0.000000 0.000000 0.000000 0.000000 0.000000 0.000000 0.000000 0.000000 0.000000 0.000000 0.000000 0.000000 0.000000 0.000000 0.000000 0.000000 0.000000 0.000000 0.000000 0.000000 0.000000 0.000000 0.000000 0.000000 0.000000 0.000000 0.000000 0.000000 0.000000 0.000000 0.000000 0.000000 0.000000 0.000000 0.000000 0.000000 0.000000 0.000000 0.000000 0.000000 0.000000 0.000000 0.000000 0.000000 0.000000 0.000000 0.000000 0.000000 0.000000 0.000000 0.000000 0.000000 0.000000 0.000000 0.000000 0.000000 0.000000 0.000000 0.000000 0.000000 0.000000 0.000000 
0.000000 0.000000 0.000000 0.000000 0.000000 0.000000 0.000000 0.000000 0.000000 0.000000 0.000000 0.000000 0.000000 0.000000 0.000000 0.000000 0.000000 0.000000 0.000000 0.000000 3.267834 3.139426 3.084282 2.924878 2.916357 2.943176 2.888211 3.063473 2.985977 3.034180 2.960611 3.063984 2.974731 2.922287 2.867551 2.798212 2.783266 2.902628 2.980280 3.008629 3.050321 2.923990 2.805492 2.633199 2.624640 2.524954 2.350102 2.305292 2.528941 2.771756 2.692703 2.722181 2.683867 2.765288 2.848649 2.830355 2.885255 3.491048 3.498274 3.388237 2.714749 2.464181 2.571060 2.586066 3.100412 3.131562 2.857277 2.978058 4.670487 3.797215 3.052490 2.928617 2.853602 2.883483 3.081070 3.883538 3.629647 3.209616 3.134144 3.458777 3.367759 2.611099 2.632514 2.620111 2.679394 2.871732 2.902549 2.738317 2.638967 2.509885 3.297542 3.730289 3.719583 2.511122 3.072400 2.176600 2.477707 3.270343 3.086596 3.272845 2.224198 0.929506 -0.453828 -0.500000 -0.500000 -0.307951 1.630854 1.424232 1.287563 1.333036 1.365844 1.441824 1.435124 1.427553 1.262044 1.099911 1.300401 1.518790 1.340377 1.393488 1.386220 1.354770 1.333031 1.486565 1.532496 1.599240 1.865329 1.731641 1.341765 1.678374 1.674865 2.033057 1.927075 1.891248 2.103233 1.466442 0.656904 -0.346605 -0.499945 -0.500000 -0.499999 -0.484567 -0.225715 0.086481 0.573855 0.606098 0.744029 1.350767 1.674123 0.000000 0.000000 0.000000 0.000000 0.000000 0.000000 0.000000 0.000000 0.000000 0.000000 0.000000 0.000000 0.000000 0.000000 0.000000 0.000000 0.000000 0.000000 0.000000 0.000000 0.000000 0.000000 0.000000 0.000000 0.000000 0.000000 0.000000 0.000000 0.000000 0.000000 0.000000 0.000000 0.000000 0.000000 0.000000 0.000000 0.000000 0.000000 0.000000 0.000000 0.000000 0.000000 0.000000 0.000000 0.000000 0.000000 0.000000 0.000000 0.000000 0.000000 0.000000 0.000000 0.000000 0.000000 0.000000 0.000000 0.000000 0.000000 0.000000 0.000000 0.000000 0.000000 0.000000 0.000000 0.000000 0.000000 0.000000 0.000000 0.000000 0.000000 0.000000 0.000000 0.000000 0.000000 0.000000 0.000000 0.000000 0.000000 0.000000 0.000000 0.000000 0.000000 0.000000 0.000000 0.000000 0.000000 0.000000 0.000000 0.000000 0.000000 
0.000000 0.000000 0.000000 0.000000 0.000000 0.000000 0.000000 0.000000 0.000000 0.000000 0.000000 0.000000 0.000000 0.000000 0.000000 0.000000 0.000000 0.000000 0.000000 0.000000 3.362386 3.279539 3.201500 3.007549 2.997069 3.144656 3.042577 3.147043 3.067141 3.119794 3.037123 3.138546 3.153757 3.094358 2.957061 2.994232 2.891435 2.779381 2.759411 2.784019 2.778045 2.917025 2.757230 2.692635 2.468033 2.485882 2.527532 2.362325 2.471190 2.681502 2.701869 2.709275 2.752639 2.788457 2.974091 2.852080 3.014551 3.356209 3.420494 2.720409 2.922787 3.439846 2.822813 2.679537 2.798706 3.167336 3.141416 2.717854 3.449367 4.550489 3.229845 2.962914 2.946529 3.386843 3.955980 3.450780 3.169265 3.324959 3.487547 3.830362 2.686893 2.650079 2.748082 2.720712 2.804976 2.955303 2.943216 2.848869 2.615048 2.623585 3.603361 3.700262 3.396920 2.765904 3.709535 3.468401 3.538253 3.429977 3.297529 3.322430 1.848783 0.202075 -0.500000 -0.500000 -0.500000 1.031976 2.243929 1.090284 0.876965 1.073782 1.229292 1.386684 1.327435 1.406309 1.365390 1.279704 2.119374 1.665932 1.921934 1.546187 1.495261 1.485234 1.433570 1.455446 1.574512 1.740367 1.520911 1.325235 0.975940 0.949185 1.295389 1.855680 1.882705 1.578008 1.862606 1.540876 1.161161 1.238606 -0.258795 -0.498722 -0.500000 -0.500000 -0.499673 -0.487196 -0.337803 -0.002891 0.429109 0.894116 1.093732 1.820251 0.000000 0.000000 0.000000 0.000000 0.000000 0.000000 0.000000 0.000000 0.000000 0.000000 0.000000 0.000000 0.000000 0.000000 0.000000 0.000000 0.000000 0.000000 0.000000 0.000000 0.000000 0.000000 0.000000 0.000000 0.000000 0.000000 0.000000 0.000000 0.000000 0.000000 0.000000 0.000000 0.000000 0.000000 0.000000 0.000000 0.000000 0.000000 0.000000 0.000000 0.000000 0.000000 0.000000 0.000000 0.000000 0.000000 0.000000 0.000000 0.000000 0.000000 0.000000 0.000000 0.000000 0.000000 0.000000 0.000000 0.000000 0.000000 0.000000 0.000000 0.000000 0.000000 0.000000 0.000000 0.000000 0.000000 0.000000 0.000000 0.000000 0.000000 0.000000 0.000000 0.000000 0.000000 0.000000 0.000000 0.000000 0.000000 0.000000 0.000000 0.000000 0.000000 0.000000 0.000000 0.000000 0.000000 0.000000 0.000000 0.000000 
0.000000 0.000000 0.000000 0.000000 0.000000 0.000000 0.000000 0.000000 0.000000 0.000000 0.000000 0.000000 0.000000 0.000000 0.000000 0.000000 0.000000 0.000000 0.000000 0.000000 0.000000 3.267911 3.217394 3.067943 3.038265 3.079307 3.098891 3.201696 3.087019 3.122381 3.100409 3.156179 3.074078 3.106302 2.946816 3.090888 2.936061 2.886239 2.705385 2.674552 2.746108 2.855874 2.735190 2.779259 2.574605 2.602215 2.533311 2.405218 2.613901 2.617984 2.707251 2.871377 2.932028 2.780825 2.744090 2.843982 3.475653 3.433381 2.886144 3.069668 3.717904 3.740409 3.474931 2.845802 2.753747 3.159783 3.212439 3.130579 2.580252 4.019456 4.300606 3.080869 3.269789 3.319457 3.202892 3.170710 3.563926 3.999704 3.462906 2.822907 2.716974 2.721338 2.783881 2.839090 2.905905 3.057836 3.043073 2.951952 2.697609 2.937463 3.655650 3.655932 2.979406 2.709555 3.525485 3.215729 3.289782 2.295146 2.413346 3.266882 1.786172 -0.061589 -0.500000 -0.500000 -0.495365 1.905975 2.028599 0.958139 0.655157 0.830835 0.911164 1.202751 1.344312 1.449164 1.369902 1.365679 1.358907 1.567973 1.781500 1.607013 1.666573 1.678166 1.496181 1.630631 1.423508 1.295488 1.118645 0.864433 0.893288 1.931843 1.328385 1.368749 1.454360 1.493170 1.530560 1.679034 1.413688 0.566392 0.209613 -0.127302 -0.467594 -0.500000 -0.500000 -0.500000 -0.500000 -0.498381 -0.400150 -0.139608 0.790853 1.800045 1.776733 0.000000 0.000000 0.000000 0.000000 0.000000 0.000000 0.000000 0.000000 0.000000 0.000000 0.000000 0.000000 0.000000 0.000000 0.000000 0.000000 0.000000 0.000000 0.000000 0.000000 0.000000 0.000000 0.000000 0.000000 0.000000 0.000000 0.000000 0.000000 0.000000 0.000000 0.000000 0.000000 0.000000 0.000000 0.000000 0.000000 0.000000 0.000000 0.000000 0.000000 0.000000 0.000000 0.000000 0.000000 0.000000 0.000000 0.000000 0.000000 0.000000 0.000000 0.000000 0.000000 0.000000 0.000000 0.000000 0.000000 0.000000 0.000000 0.000000 0.000000 0.000000 0.000000 0.000000 0.000000 0.000000 0.000000 0.000000 0.000000 0.000000 0.000000 0.000000 0.000000 0.000000 0.000000 0.000000 0.000000 0.000000 0.000000 0.000000 0.000000 0.000000 0.000000 0.000000 0.000000 0.000000 0.000000 0.000000 0.000000 
0.000000 0.000000 0.000000 0.000000 0.000000 0.000000 0.000000 0.000000 0.000000 0.000000 0.000000 0.000000 0.000000 0.000000 0.000000 0.000000 0.000000 0.000000 0.000000 0.000000 0.000000 3.563345 3.432268 3.110298 3.150261 3.465770 3.604296 3.528565 3.502714 3.520118 3.481434 3.398067 3.157234 3.090103 3.075501 3.087002 3.005609 2.991618 2.846473 2.601962 2.646440 2.662153 2.634318 2.596438 2.651174 2.452497 2.338913 2.510741 2.531992 2.676526 2.809080 2.847144 2.858888 2.766611 2.813602 3.157934 3.828457 2.947612 3.035758 3.744274 3.928899 3.969147 3.920299 3.601823 3.069010 3.039752 3.252373 3.240487 3.067996 2.939803 4.024456 3.607241 3.529989 3.154946 3.284941 3.703314 3.709081 2.980789 2.779310 2.823083 2.868403 2.819299 2.917042 2.992351 3.130892 3.178508 3.035928 2.976572 2.838364 3.469797 3.505379 3.588527 2.214318 3.152158 3.458096 3.284120 3.250709 2.135219 2.270448 2.826709 2.064402 -0.331212 -0.500000 -0.500000 -0.125868 2.611591 2.089990 1.017682 0.608822 0.647798 0.645934 1.346035 1.530683 1.338785 1.292144 1.439293 1.305538 1.339939 1.386181 1.362058 1.521593 1.895642 1.634662 1.361343 1.214481 0.986095 0.894647 1.054842 1.131663 1.494785 1.141179 1.327919 1.412811 1.471814 1.544612 1.534798 1.476094 0.761865 0.800265 1.826050 1.231314 -0.485711 -0.500000 -0.500000 -0.500000 -0.500000 -0.500000 -0.496065 -0.029700 1.138713 0.592138 0.651650 0.000000 0.000000 0.000000 0.000000 0.000000 0.000000 0.000000 0.000000 0.000000 0.000000 0.000000 0.000000 0.000000 0.000000 0.000000 0.000000 0.000000 0.000000 0.000000 0.000000 0.000000 0.000000 0.000000 0.000000 0.000000 0.000000 0.000000 0.000000 0.000000 0.000000 0.000000 0.000000 0.000000 0.000000 0.000000 0.000000 0.000000 0.000000 0.000000 0.000000 0.000000 0.000000 0.000000 0.000000 0.000000 0.000000 0.000000 0.000000 0.000000 0.000000 0.000000 0.000000 0.000000 0.000000 0.000000 0.000000 0.000000 0.000000 0.000000 0.000000 0.000000 0.000000 0.000000 0.000000 0.000000 0.000000 0.000000 0.000000 0.000000 0.000000 0.000000 0.000000 0.000000 0.000000 0.000000 0.000000 0.000000 0.000000 0.000000 0.000000 0.000000 0.000000 0.000000 0.000000 0.000000 0.000000 0.000000 
0.000000 0.000000 0.000000 0.000000 0.000000 0.000000 0.000000 0.000000 0.000000 0.000000 0.000000 0.000000 0.000000 0.000000 0.000000 0.000000 0.000000 0.000000 0.000000 0.000000 0.000000 0.000000 3.756557 3.194824 3.224593 3.700231 3.710902 3.694741 3.589993 3.533610 3.570079 3.480982 3.305728 3.432490 3.265625 3.200633 3.079942 2.980239 2.848447 2.683525 2.499279 2.523883 2.588368 2.411954 2.267941 2.300472 2.459385 2.577264 2.655857 2.723418 2.792237 2.803731 2.816242 2.918145 2.871796 3.185429 2.851928 3.028911 3.581563 3.897459 3.942593 4.107774 4.038661 4.214831 3.663857 3.237723 3.070940 3.294814 3.237439 3.204812 3.085671 3.174946 3.196694 3.533710 3.737367 3.303098 2.723959 2.768661 2.768207 2.830133 2.892190 2.998709 3.128591 3.329983 3.399107 3.283457 3.096932 2.991200 2.927444 3.720802 3.646136 3.478279 3.078527 3.338130 2.934311 3.125822 3.352287 2.998587 3.148388 2.668991 1.725429 -0.445488 -0.500000 -0.500000 0.478396 2.413563 1.471718 0.909185 0.604882 0.602564 0.671694 0.954168 1.281535 1.006227 1.282408 1.377209 1.283134 1.344980 1.393236 1.420607 1.363941 1.719493 1.746799 1.998012 1.428318 1.049324 0.874163 0.943201 0.955596 1.480176 1.597023 1.241729 1.241101 1.413661 1.498998 1.479177 1.641244 1.570069 1.055304 1.626191 1.235942 0.372852 0.574228 -0.353018 -0.478334 -0.496720 -0.499997 -0.500000 -0.500000 -0.491765 -0.466586 -0.375103 0.224352 0.000000 0.000000 0.000000 0.000000 0.000000 0.000000 0.000000 0.000000 0.000000 0.000000 0.000000 0.000000 0.000000 0.000000 0.000000 0.000000 0.000000 0.000000 0.000000 0.000000 0.000000 0.000000 0.000000 0.000000 0.000000 0.000000 0.000000 0.000000 0.000000 0.000000 0.000000 0.000000 0.000000 0.000000 0.000000 0.000000 0.000000 0.000000 0.000000 0.000000 0.000000 0.000000 0.000000 0.000000 0.000000 0.000000 0.000000 0.000000 0.000000 0.000000 0.000000 0.000000 0.000000 0.000000 0.000000 0.000000 0.000000 0.000000 0.000000 0.000000 0.000000 0.000000 0.000000 0.000000 0.000000 0.000000 0.000000 0.000000 0.000000 0.000000 0.000000 0.000000 0.000000 0.000000 0.000000 0.000000 0.000000 0.000000 0.000000 0.000000 0.000000 0.000000 0.000000 0.000000 0.000000 0.000000 
0.000000 0.000000 0.000000 0.000000 0.000000 0.000000 0.000000 0.000000 0.000000 0.000000 0.000000 0.000000 0.000000 0.000000 0.000000 0.000000 0.000000 0.000000 0.000000 0.000000 0.000000 0.000000 3.825122 3.248364 3.250150 3.740477 3.704641 3.677239 3.528630 3.433183 3.483870 3.414381 3.476019 3.513069 3.491711 3.461803 3.023806 2.899005 2.815223 2.685136 2.424900 2.321985 2.234410 2.200792 2.195361 2.416112 2.629065 2.729463 2.706607 2.637832 2.631153 2.796988 2.917825 3.091750 3.318939 2.882299 3.210236 3.796815 3.936303 4.080249 4.040889 4.310867 4.371827 4.325060 4.162553 3.772577 3.320514 3.220446 3.292486 3.265832 3.248690 3.140935 3.131122 3.640777 2.932386 2.723081 2.707726 2.793972 2.864104 2.894632 2.966321 3.116407 3.400530 3.488118 3.432673 3.292192 3.231553 3.098071 2.912585 3.136317 3.647791 3.242555 2.714888 3.697309 3.057794 2.920527 2.874830 2.769762 3.241259 2.422432 0.852540 -0.489981 -0.500000 -0.493930 0.823746 1.307278 1.040339 0.655853 0.590037 0.707213 0.601871 0.758229 0.867133 0.867914 1.318012 1.374305 1.412205 1.360412 1.443546 1.482445 1.392063 1.291629 1.494286 1.734435 1.831134 1.174855 0.915725 0.991517 1.107771 1.444848 1.773599 1.088111 1.276037 1.449781 1.503978 1.517078 1.646349 1.735113 1.454364 0.908816 0.812357 2.709481 2.329218 0.547155 0.126512 -0.017505 -0.293035 -0.460640 -0.499078 -0.500000 -0.500000 -0.500000 -0.495771 -0.252719 0.507751 0.000000 0.000000 0.000000 0.000000 0.000000 0.000000 0.000000 0.000000 0.000000 0.000000 0.000000 0.000000 0.000000 0.000000 0.000000 0.000000 0.000000 0.000000 0.000000 0.000000 0.000000 0.000000 0.000000 0.000000 0.000000 0.000000 0.000000 0.000000 0.000000 0.000000 0.000000 0.000000 0.000000 0.000000 0.000000 0.000000 0.000000 0.000000 0.000000 0.000000 0.000000 0.000000 0.000000 0.000000 0.000000 0.000000 0.000000 0.000000 0.000000 0.000000 0.000000 0.000000 0.000000 0.000000 0.000000 0.000000 0.000000 0.000000 0.000000 0.000000 0.000000 0.000000 0.000000 0.000000 0.000000 0.000000 0.000000 0.000000 0.000000 0.000000 0.000000 0.000000 0.000000 0.000000 0.000000 0.000000 0.000000 0.000000 0.000000 0.000000 0.000000 0.000000 0.000000 0.000000 
0.000000 0.000000 0.000000 0.000000 0.000000 0.000000 0.000000 0.000000 0.000000 0.000000 0.000000 0.000000 0.000000 0.000000 0.000000 0.000000 0.000000 0.000000 0.000000 0.000000 0.000000 0.000000 3.458007 3.316779 3.255247 3.331177 3.273427 3.278140 3.186006 3.137655 3.132342 3.137244 3.399662 3.540060 3.365170 3.261546 3.203999 2.847608 2.715987 2.623695 2.387720 2.275108 2.276983 2.181363 2.385408 2.674475 2.770175 2.716253 2.718173 2.768949 2.724032 2.719524 3.145164 3.471950 2.849032 3.098866 3.850828 3.957362 4.079947 4.172493 4.168634 4.398721 4.327821 4.342502 4.356091 4.175491 3.563372 3.120783 3.447919 3.303711 3.222988 3.217850 3.329173 2.927123 2.664412 2.719300 2.776663 2.817922 2.857213 2.923187 3.140778 3.349276 3.612458 3.603660 3.368829 3.262861 3.248516 3.241416 2.957724 2.831670 2.921125 3.538523 3.195637 3.699453 3.185677 3.022901 2.902450 2.801723 3.312865 2.185666 0.717651 -0.497280 -0.500000 -0.443444 1.572788 1.067155 0.707015 0.844001 0.761667 0.628063 0.634255 1.239260 1.427819 1.309185 1.491404 1.633813 1.491088 1.393240 1.471094 1.595920 1.589627 1.251500 1.016149 1.107962 1.845832 1.443462 1.086813 1.207740 1.257228 1.287982 1.556756 1.318008 1.385482 1.448004 1.486979 1.581216 1.537013 1.587498 1.632330 0.988285 0.739258 3.399652 1.397727 1.153480 1.153323 1.084368 0.945124 0.686920 0.378532 -0.472650 -0.499902 -0.500000 -0.500000 -0.499639 -0.372596 0.193541 0.000000 0.000000 0.000000 0.000000 0.000000 0.000000 0.000000 0.000000 0.000000 0.000000 0.000000 0.000000 0.000000 0.000000 0.000000 0.000000 0.000000 0.000000 0.000000 0.000000 0.000000 0.000000 0.000000 0.000000 0.000000 0.000000 0.000000 0.000000 0.000000 0.000000 0.000000 0.000000 0.000000 0.000000 0.000000 0.000000 0.000000 0.000000 0.000000 0.000000 0.000000 0.000000 0.000000 0.000000 0.000000 0.000000 0.000000 0.000000 0.000000 0.000000 0.000000 0.000000 0.000000 0.000000 0.000000 0.000000 0.000000 0.000000 0.000000 0.000000 0.000000 0.000000 0.000000 0.000000 0.000000 0.000000 0.000000 0.000000 0.000000 0.000000 0.000000 0.000000 0.000000 0.000000 0.000000 0.000000 0.000000 0.000000 0.000000 0.000000 0.000000 0.000000 0.000000 
0.000000 0.000000 0.000000 0.000000 0.000000 0.000000 0.000000 0.000000 0.000000 0.000000 0.000000 0.000000 0.000000 0.000000 0.000000 0.000000 0.000000 0.000000 0.000000 0.000000 0.000000 0.000000 0.000000 3.311531 3.282788 3.286035 3.241131 3.207347 3.132647 3.051184 2.990076 2.894790 2.871481 3.132342 3.226933 3.259518 3.270397 2.863208 2.702481 2.653753 2.365340 2.313724 2.305351 2.318166 2.595277 2.668613 2.765278 2.784460 2.753243 2.827747 2.617450 2.913219 3.251595 2.700234 3.101427 3.696861 4.053174 4.134299 4.211039 4.288876 4.317278 4.412813 4.461320 4.445801 4.376539 4.270024 3.936098 3.524374 3.480394 3.413168 3.346881 3.106884 3.210961 3.107915 2.702666 2.700030 2.763263 2.827554 2.838347 2.965815 3.189859 3.341331 3.489022 3.614626 3.540791 3.367024 3.241665 3.270284 3.000586 2.905687 2.790833 3.519881 3.590181 3.502000 3.207061 3.074105 2.937232 2.778114 3.500295 2.149846 0.742386 -0.498779 -0.500000 -0.439572 1.310012 0.911120 0.668508 0.686463 0.732465 0.725437 0.649918 0.772614 1.216643 1.295893 1.907950 1.951493 1.390093 1.535860 1.565125 1.536675 1.532518 1.108832 1.066686 1.363139 1.790277 1.355235 1.104499 1.426514 1.228093 1.205701 1.559906 1.329320 1.419618 1.452296 1.492745 1.535588 1.449852 1.372809 1.500456 2.044119 2.480419 2.898316 1.702852 1.672232 1.870811 2.038802 2.489995 2.126765 1.702029 0.903972 -0.078614 -0.430419 -0.499967 -0.500000 -0.499955 -0.484852 -0.174896 0.000000 0.000000 0.000000 0.000000 0.000000 0.000000 0.000000 0.000000 0.000000 0.000000 0.000000 0.000000 0.000000 0.000000 0.000000 0.000000 0.000000 0.000000 0.000000 0.000000 0.000000 0.000000 0.000000 0.000000 0.000000 0.000000 0.000000 0.000000 0.000000 0.000000 0.000000 0.000000 0.000000 0.000000 0.000000 0.000000 0.000000 0.000000 0.000000 0.000000 0.000000 0.000000 0.000000 0.000000 0.000000 0.000000 0.000000 0.000000 0.000000 0.000000 0.000000 0.000000 0.000000 0.000000 0.000000 0.000000 0.000000 0.000000 0.000000 0.000000 0.000000 0.000000 0.000000 0.000000 0.000000 0.000000 0.000000 0.000000 0.000000 0.000000 0.000000 0.000000 0.000000 0.000000 0.000000 0.000000 0.000000 0.000000 0.000000 0.000000 0.000000 0.000000 
0.000000 0.000000 0.000000 0.000000 0.000000 0.000000 0.000000 0.000000 0.000000 0.000000 0.000000 0.000000 0.000000 0.000000 0.000000 0.000000 0.000000 0.000000 0.000000 0.000000 0.000000 0.000000 0.000000 3.379367 3.408115 3.697304 3.743114 3.648978 3.567315 3.531360 3.499586 3.380868 2.910093 2.767728 3.033736 3.210010 3.289277 3.147587 2.635267 2.422951 2.337660 2.380317 2.342223 2.467122 2.722493 2.784770 2.865755 3.334826 3.137848 2.553536 2.675305 3.332084 2.823852 3.111974 3.784681 3.929824 4.088241 4.170922 4.230291 4.366556 4.320585 4.440553 4.430220 4.275065 4.313772 3.813993 3.529367 3.663512 3.934166 3.246996 3.526926 3.381575 3.113122 3.555805 2.937257 2.853117 2.844909 2.957839 3.005051 3.112183 3.283766 3.259563 3.308327 3.417177 3.622503 3.505758 3.332174 3.357876 3.105063 2.988319 2.992315 3.078738 3.304139 3.497136 3.181572 3.149909 3.036026 2.732893 3.247076 2.064914 0.268288 -0.499988 -0.500000 -0.307206 1.163939 0.713763 0.681179 0.709185 0.704798 0.769447 0.702161 0.580769 0.586166 0.681434 1.346913 1.367345 1.328638 1.683217 1.569118 1.561124 1.478753 1.216475 1.128079 1.176877 1.234933 1.238344 1.080148 1.113036 1.190857 1.218350 1.527024 1.440594 1.475868 1.570204 1.584742 1.594631 1.607187 1.377152 1.113613 2.049523 3.043502 1.881570 1.390157 1.606374 1.722663 1.537986 1.506260 1.797929 2.299334 1.349627 1.186958 1.054757 0.013298 -0.470069 -0.499891 -0.500000 -0.500000 -0.294225 0.529362 0.000000 0.000000 0.000000 0.000000 0.000000 0.000000 0.000000 0.000000 0.000000 0.000000 0.000000 0.000000 0.000000 0.000000 0.000000 0.000000 0.000000 0.000000 0.000000 0.000000 0.000000 0.000000 0.000000 0.000000 0.000000 0.000000 0.000000 0.000000 0.000000 0.000000 0.000000 0.000000 0.000000 0.000000 0.000000 0.000000 0.000000 0.000000 0.000000 0.000000 0.000000 0.000000 0.000000 0.000000 0.000000 0.000000 0.000000 0.000000 0.000000 0.000000 0.000000 0.000000 0.000000 0.000000 0.000000 0.000000 0.000000 0.000000 0.000000 0.000000 0.000000 0.000000 0.000000 0.000000 0.000000 0.000000 0.000000 0.000000 0.000000 0.000000 0.000000 0.000000 0.000000 0.000000 0.000000 0.000000 0.000000 0.000000 0.000000 0.000000 
0.000000 0.000000 0.000000 0.000000 0.000000 0.000000 0.000000 0.000000 0.000000 0.000000 0.000000 0.000000 0.000000 0.000000 0.000000 0.000000 0.000000 0.000000 0.000000 0.000000 0.000000 0.000000 0.000000 0.000000 3.440398 3.701550 3.804937 3.767364 3.674379 3.632226 3.490175 3.522798 3.251493 2.824776 2.681905 3.049776 3.177652 2.779444 2.466527 2.459260 2.643436 2.720366 2.584656 2.707142 2.729593 2.828532 3.040579 3.454116 3.166614 2.552045 2.653461 2.851469 2.980715 3.874543 4.002872 4.131538 4.231999 4.350768 4.327991 4.539706 4.456136 4.480529 4.368551 4.333736 3.791611 4.163626 4.259885 4.080322 3.958748 3.284767 3.489681 3.617012 3.449536 3.136389 3.467361 3.421680 3.308754 3.124464 3.210663 3.352558 3.374706 3.457073 3.417640 3.441676 3.635546 3.608536 3.461443 3.367072 3.263888 3.165745 3.219234 2.978161 3.122326 3.463446 3.353756 3.354701 3.403359 3.073580 3.161265 1.486475 -0.235478 -0.500000 -0.500000 0.022405 0.978607 0.894495 0.742039 0.744276 0.749224 0.738080 0.750880 0.746967 0.654570 0.719435 1.371633 2.034207 2.110315 2.516326 1.902017 1.694227 1.474973 1.372328 1.188724 1.067286 1.385406 1.200094 1.160488 1.132575 1.260245 1.209453 1.251745 1.378232 1.442984 1.671975 1.680797 1.611667 1.592651 1.589976 1.716397 2.393090 2.671766 1.147986 1.321480 1.628772 1.324922 1.201441 1.368116 1.464533 1.134653 0.930647 1.064785 1.118731 1.191261 0.312466 -0.115183 -0.496040 -0.500000 -0.500000 -0.499280 -0.245870 0.364433 0.000000 0.000000 0.000000 0.000000 0.000000 0.000000 0.000000 0.000000 0.000000 0.000000 0.000000 0.000000 0.000000 0.000000 0.000000 0.000000 0.000000 0.000000 0.000000 0.000000 0.000000 0.000000 0.000000 0.000000 0.000000 0.000000 0.000000 0.000000 0.000000 0.000000 0.000000 0.000000 0.000000 0.000000 0.000000 0.000000 0.000000 0.000000 0.000000 0.000000 0.000000 0.000000 0.000000 0.000000 0.000000 0.000000 0.000000 0.000000 0.000000 0.000000 0.000000 0.000000 0.000000 0.000000 0.000000 0.000000 0.000000 0.000000 0.000000 0.000000 0.000000 0.000000 0.000000 0.000000 0.000000 0.000000 0.000000 0.000000 0.000000 0.000000 0.000000 0.000000 0.000000 0.000000 0.000000 0.000000 0.000000 0.000000 
0.000000 0.000000 0.000000 0.000000 0.000000 0.000000 0.000000 0.000000 0.000000 0.000000 0.000000 0.000000 0.000000 0.000000 0.000000 0.000000 0.000000 0.000000 0.000000 0.000000 0.000000 0.000000 0.000000 0.000000 3.475796 3.870796 3.884455 3.843122 3.781320 3.753294 3.577809 3.407148 3.478119 3.365209 2.677250 2.696140 2.686987 2.626862 2.875912 2.935582 2.888896 2.846144 2.892228 3.003472 3.113857 3.040455 3.234100 3.485014 3.619433 3.226250 2.707643 2.809354 3.630483 3.877279 4.038935 4.064593 3.995625 4.163955 4.407688 4.517474 4.504272 4.274139 3.986575 3.711350 3.924090 4.331780 3.896031 4.035115 4.039062 3.716981 3.368995 3.660177 3.639194 3.424398 3.191171 3.354598 3.652656 3.304638 3.240197 3.254109 3.284266 3.354568 3.373019 3.417289 3.567526 3.717196 3.627323 3.446881 3.374052 3.200138 3.127866 2.909288 3.295904 3.354072 3.317141 3.314321 3.164793 3.256259 2.611706 0.936923 -0.437480 -0.500000 -0.500000 0.601259 1.020221 1.011962 0.911449 0.743677 0.825379 0.993099 1.009193 1.011302 0.794028 0.867176 1.210055 1.723703 2.294577 2.396105 2.179383 2.077929 1.572859 1.284822 1.138818 1.537055 2.471944 1.636874 1.139240 1.134501 1.274026 1.134400 1.184133 1.360922 1.528812 1.704418 1.650825 1.671725 1.585281 1.751600 1.897335 2.425666 2.024794 0.973558 1.411007 1.546685 1.317355 1.195086 1.133438 1.249511 1.376919 1.021293 1.235084 1.180308 1.142869 0.956284 1.473539 0.879452 -0.274736 -0.498823 -0.500000 -0.500000 -0.499820 -0.458572 0.659716 0.000000 0.000000 0.000000 0.000000 0.000000 0.000000 0.000000 0.000000 0.000000 0.000000 0.000000 0.000000 0.000000 0.000000 0.000000 0.000000 0.000000 0.000000 0.000000 0.000000 0.000000 0.000000 0.000000 0.000000 0.000000 0.000000 0.000000 0.000000 0.000000 0.000000 0.000000 0.000000 0.000000 0.000000 0.000000 0.000000 0.000000 0.000000 0.000000 0.000000 0.000000 0.000000 0.000000 0.000000 0.000000 0.000000 0.000000 0.000000 0.000000 0.000000 0.000000 0.000000 0.000000 0.000000 0.000000 0.000000 0.000000 0.000000 0.000000 0.000000 0.000000 0.000000 0.000000 0.000000 0.000000 0.000000 0.000000 0.000000 0.000000 0.000000 0.000000 0.000000 0.000000 0.000000 0.000000 0.000000 
0.000000 0.000000 0.000000 0.000000 0.000000 0.000000 0.000000 0.000000 0.000000 0.000000 0.000000 0.000000 0.000000 0.000000 0.000000 0.000000 0.000000 0.000000 0.000000 0.000000 0.000000 0.000000 0.000000 0.000000 0.000000 3.856898 3.987030 3.948059 3.796860 3.761211 3.704970 3.589418 3.462475 3.427277 2.897565 2.760379 2.840040 3.048759 3.441130 3.208059 3.227750 2.924130 3.181733 3.113786 2.862516 2.446952 3.049954 3.403245 3.400080 2.885554 2.883510 3.572411 3.788395 3.802987 3.901677 3.902537 3.859597 4.071501 4.398220 4.392244 4.309894 3.816601 3.724473 3.886835 3.905598 4.336670 4.208850 4.157894 4.243741 4.009836 3.764167 3.398416 3.772218 3.678133 3.388424 3.632158 3.761479 3.521808 3.148781 3.094016 3.079803 3.270811 3.321061 3.330537 3.442846 3.564785 3.644044 3.695681 3.429260 3.290327 3.358243 3.051408 3.563581 3.446011 3.365729 3.317710 3.163635 3.216727 2.271599 0.737046 -0.471255 -0.500000 -0.470738 1.259987 1.213854 1.234859 1.236063 1.500357 1.752280 1.691422 1.736512 1.679720 1.377290 1.224903 1.169656 1.613337 2.114208 2.354858 2.675071 2.378796 1.240656 1.027504 1.175955 1.431714 2.485460 1.896902 1.065099 1.230147 1.265739 1.128284 1.206157 1.318596 1.646614 1.656619 1.613751 1.517546 1.428790 1.508188 1.862054 2.296920 1.263853 1.063582 1.409740 1.530641 1.443189 1.306935 1.207521 1.152402 1.226806 1.251870 1.371705 1.198668 1.160840 0.921766 1.916010 2.778823 2.044095 0.373653 -0.409123 -0.499885 -0.500000 -0.500000 -0.495039 -0.339612 1.341475 0.000000 0.000000 0.000000 0.000000 0.000000 0.000000 0.000000 0.000000 0.000000 0.000000 0.000000 0.000000 0.000000 0.000000 0.000000 0.000000 0.000000 0.000000 0.000000 0.000000 0.000000 0.000000 0.000000 0.000000 0.000000 0.000000 0.000000 0.000000 0.000000 0.000000 0.000000 0.000000 0.000000 0.000000 0.000000 0.000000 0.000000 0.000000 0.000000 0.000000 0.000000 0.000000 0.000000 0.000000 0.000000 0.000000 0.000000 0.000000 0.000000 0.000000 0.000000 0.000000 0.000000 0.000000 0.000000 0.000000 0.000000 0.000000 0.000000 0.000000 0.000000 0.000000 0.000000 0.000000 0.000000 0.000000 0.000000 0.000000 0.000000 0.000000 0.000000 0.000000 0.000000 0.000000 
0.000000 0.000000 0.000000 0.000000 0.000000 0.000000 0.000000 0.000000 0.000000 0.000000 0.000000 0.000000 0.000000 0.000000 0.000000 0.000000 0.000000 0.000000 0.000000 0.000000 0.000000 0.000000 0.000000 0.000000 0.000000 3.946524 3.937310 3.906346 3.655404 3.705669 3.768027 3.622409 3.268301 3.003972 2.861818 3.010933 3.371210 3.535422 3.366035 3.234876 3.212676 3.343970 3.230086 2.658835 2.659007 2.748242 2.554572 3.265978 2.940928 2.848350 3.537072 3.685072 3.846330 3.882651 3.982108 3.927069 3.934375 4.124947 4.235340 4.257314 3.820226 4.122295 3.973595 3.834150 3.933641 4.055176 4.402676 4.229540 4.312321 4.261936 4.047812 3.709626 3.797231 3.824912 3.712744 3.389314 3.664489 3.536153 3.378511 3.003313 3.014403 3.117744 3.227268 3.307161 3.399069 3.540381 3.774400 4.289941 3.481253 3.548189 3.490611 3.081754 3.628918 3.548302 3.502223 3.324692 3.259474 3.357826 2.182417 0.692883 -0.459364 -0.500000 -0.447985 0.665967 1.225760 2.011532 1.772288 1.792421 1.646944 1.536248 1.581464 1.606660 1.563917 1.499257 1.511008 2.019846 2.286163 2.569942 2.729701 2.262427 1.156823 0.970745 1.052885 1.301647 1.770642 2.166543 1.086191 1.019446 1.105665 1.236274 1.311152 1.466276 1.733881 1.541071 1.489279 1.387471 1.306007 1.343856 2.055766 2.020365 0.870673 1.260003 1.454023 1.844437 1.609730 1.370831 1.820812 1.207462 1.504080 1.484914 1.496253 1.270132 0.989439 0.940148 0.976897 1.492760 2.293270 1.851495 1.254537 0.239091 -0.387668 -0.497312 -0.500000 -0.500000 -0.490417 0.066613 0.000000 0.000000 0.000000 0.000000 0.000000 0.000000 0.000000 0.000000 0.000000 0.000000 0.000000 0.000000 0.000000 0.000000 0.000000 0.000000 0.000000 0.000000 0.000000 0.000000 0.000000 0.000000 0.000000 0.000000 0.000000 0.000000 0.000000 0.000000 0.000000 0.000000 0.000000 0.000000 0.000000 0.000000 0.000000 0.000000 0.000000 0.000000 0.000000 0.000000 0.000000 0.000000 0.000000 0.000000 0.000000 0.000000 0.000000 0.000000 0.000000 0.000000 0.000000 0.000000 0.000000 0.000000 0.000000 0.000000 0.000000 0.000000 0.000000 0.000000 0.000000 0.000000 0.000000 0.000000 0.000000 0.000000 0.000000 0.000000 0.000000 0.000000 0.000000 0.000000 0.000000 
0.000000 0.000000 0.000000 0.000000 0.000000 0.000000 0.000000 0.000000 0.000000 0.000000 0.000000 0.000000 0.000000 0.000000 0.000000 0.000000 0.000000 0.000000 0.000000 0.000000 0.000000 0.000000 0.000000 0.000000 0.000000 0.000000 3.984973 3.956191 3.753582 3.849423 3.767492 3.454626 2.971944 2.931215 3.281492 3.599518 3.567794 3.459996 3.370159 3.336447 3.514494 3.440573 2.932155 2.819087 3.238263 2.646154 2.540348 2.811398 2.785554 3.413971 3.569580 3.715842 3.904863 4.014734 4.031477 4.105699 4.036318 4.205520 3.917548 4.063440 4.808329 4.282222 4.049683 4.109039 4.157264 4.236981 4.426136 4.469248 4.460069 4.151434 4.195292 4.235587 3.915002 3.928877 3.867421 3.694968 3.298496 3.543947 3.604988 3.123896 3.003530 3.073588 3.082301 3.221977 3.307991 3.456078 3.771521 4.331467 3.785261 3.486559 3.573485 3.167592 3.540845 3.468710 3.493916 3.357997 3.329337 3.439484 2.171993 0.611476 -0.483337 -0.500000 -0.456624 0.461429 1.373492 1.750220 1.927507 1.833805 1.605493 1.500921 1.603909 1.556753 1.593210 1.649146 1.666873 1.715435 1.802534 2.694612 2.507983 2.199225 1.664988 0.856070 0.954395 1.154121 1.389273 1.775539 1.153676 1.138728 1.136844 1.449399 1.380304 1.402404 1.583306 1.475224 1.316522 1.422922 1.334385 1.441469 2.112603 1.463649 0.882608 1.937158 1.292668 1.845978 1.502291 1.174039 1.477773 1.342097 1.684075 1.576115 1.556092 1.401324 1.072916 0.894983 0.899273 0.795176 0.900727 1.142692 1.846810 2.423182 1.987803 1.048943 0.140726 -0.466947 -0.500000 -0.500000 -0.491385 -0.367587 0.000000 0.000000 0.000000 0.000000 0.000000 0.000000 0.000000 0.000000 0.000000 0.000000 0.000000 0.000000 0.000000 0.000000 0.000000 0.000000 0.000000 0.000000 0.000000 0.000000 0.000000 0.000000 0.000000 0.000000 0.000000 0.000000 0.000000 0.000000 0.000000 0.000000 0.000000 0.000000 0.000000 0.000000 0.000000 0.000000 0.000000 0.000000 0.000000 0.000000 0.000000 0.000000 0.000000 0.000000 0.000000 0.000000 0.000000 0.000000 0.000000 0.000000 0.000000 0.000000 0.000000 0.000000 0.000000 0.000000 0.000000 0.000000 0.000000 0.000000 0.000000 0.000000 0.000000 0.000000 0.000000 0.000000 0.000000 0.000000 0.000000 0.000000 0.000000 
0.000000 0.000000 0.000000 0.000000 0.000000 0.000000 0.000000 0.000000 0.000000 0.000000 0.000000 0.000000 0.000000 0.000000 0.000000 0.000000 0.000000 0.000000 0.000000 0.000000 0.000000 0.000000 0.000000 0.000000 0.000000 0.000000 3.875855 3.942641 3.869237 3.566044 3.220654 3.047962 3.130127 3.548491 3.649097 3.583965 3.638570 3.509200 3.360765 3.397144 3.377907 3.500281 3.424288 3.198756 3.228541 2.859714 2.667004 2.748685 3.436880 3.439685 3.631964 3.737842 3.877736 3.920451 4.113941 4.138106 4.125828 3.812570 4.265514 4.688026 4.554189 4.165718 4.045155 4.231165 4.121215 4.404503 4.475268 4.477143 4.468657 4.406983 4.383876 4.610977 4.273933 3.655824 3.832580 3.907577 3.661833 3.313722 3.503345 3.585710 3.307914 3.264995 3.302763 3.342383 3.352574 3.445788 3.526304 3.614169 3.584089 3.438025 3.294766 3.314133 3.660429 3.630644 3.579756 3.482782 3.455940 3.253731 1.961798 0.307397 -0.500000 -0.500000 -0.359368 0.594865 1.736846 1.790037 1.858741 1.719925 1.446333 1.510478 1.581800 1.577428 1.684302 1.854949 1.696998 1.791260 1.801222 1.986303 2.080882 2.193105 1.960493 1.003632 0.779510 1.132348 1.346543 1.216382 1.219940 1.271059 1.203606 1.289418 1.312239 1.495736 1.525085 1.467591 1.582919 2.051842 1.739739 1.754979 1.930517 1.096938 1.195956 2.099509 1.098862 1.437113 1.350763 1.122232 1.180066 1.202879 1.247024 1.321189 1.478004 1.431865 1.062466 0.912046 0.903104 0.808525 0.808081 0.840679 0.913636 1.369430 2.139545 2.068975 2.678774 2.611559 0.241320 -0.489864 -0.499956 -0.500000 -0.492915 -0.088435 0.000000 0.000000 0.000000 0.000000 0.000000 0.000000 0.000000 0.000000 0.000000 0.000000 0.000000 0.000000 0.000000 0.000000 0.000000 0.000000 0.000000 0.000000 0.000000 0.000000 0.000000 0.000000 0.000000 0.000000 0.000000 0.000000 0.000000 0.000000 0.000000 0.000000 0.000000 0.000000 0.000000 0.000000 0.000000 0.000000 0.000000 0.000000 0.000000 0.000000 0.000000 0.000000 0.000000 0.000000 0.000000 0.000000 0.000000 0.000000 0.000000 0.000000 0.000000 0.000000 0.000000 0.000000 0.000000 0.000000 0.000000 0.000000 0.000000 0.000000 0.000000 0.000000 0.000000 0.000000 0.000000 0.000000 0.000000 0.000000 0.000000 
0.000000 0.000000 0.000000 0.000000 0.000000 0.000000 0.000000 0.000000 0.000000 0.000000 0.000000 0.000000 0.000000 0.000000 0.000000 0.000000 0.000000 0.000000 0.000000 0.000000 0.000000 0.000000 0.000000 0.000000 0.000000 0.000000 0.000000 3.861031 3.713196 3.228575 3.111616 3.350368 3.655001 3.811279 3.730006 3.663504 3.526522 3.630259 3.333894 3.111202 2.876092 3.345660 3.570688 3.608708 3.554413 3.059502 2.832756 3.514045 3.623784 3.714391 3.740739 3.825385 3.885406 4.147432 4.187631 3.958586 3.859212 4.342047 4.412682 4.366842 4.356214 4.350401 4.288561 4.420141 4.399005 4.433829 4.496140 4.408523 4.477036 4.535743 4.500597 4.579328 4.354118 3.442551 3.658320 3.921759 3.978221 3.585790 3.337910 3.528846 3.633804 3.419111 3.412721 3.387072 3.409270 3.473175 3.549452 3.866224 3.966316 4.071557 3.356558 3.484343 3.438411 3.610129 3.865675 3.659123 3.681636 3.406340 2.229522 0.107801 -0.500000 -0.500000 0.152006 1.168095 1.590858 1.738498 1.628823 1.415298 1.419239 1.500124 1.504533 1.518379 1.674730 1.869769 1.689992 1.707722 1.670225 1.368468 1.327084 1.438984 1.946752 1.763011 1.035539 1.220910 1.350697 1.218428 1.312461 1.369444 1.335898 1.293518 1.660860 2.250990 2.142287 2.156033 1.621752 1.581398 1.889713 1.871398 1.584999 0.961606 1.808919 2.450652 0.967015 1.105274 1.188193 1.230963 1.205694 1.136472 1.115793 1.109508 1.080157 1.116016 1.042309 0.966470 1.046711 0.843517 0.893523 0.882684 0.962107 1.034016 0.990175 1.105559 0.993041 1.522565 1.928757 0.726624 0.560865 -0.452203 -0.500000 -0.500000 -0.491699 0.000000 0.000000 0.000000 0.000000 0.000000 0.000000 0.000000 0.000000 0.000000 0.000000 0.000000 0.000000 0.000000 0.000000 0.000000 0.000000 0.000000 0.000000 0.000000 0.000000 0.000000 0.000000 0.000000 0.000000 0.000000 0.000000 0.000000 0.000000 0.000000 0.000000 0.000000 0.000000 0.000000 0.000000 0.000000 0.000000 0.000000 0.000000 0.000000 0.000000 0.000000 0.000000 0.000000 0.000000 0.000000 0.000000 0.000000 0.000000 0.000000 0.000000 0.000000 0.000000 0.000000 0.000000 0.000000 0.000000 0.000000 0.000000 0.000000 0.000000 0.000000 0.000000 0.000000 0.000000 0.000000 0.000000 0.000000 0.000000 
0.000000 0.000000 0.000000 0.000000 0.000000 0.000000 0.000000 0.000000 0.000000 0.000000 0.000000 0.000000 0.000000 0.000000 0.000000 0.000000 0.000000 0.000000 0.000000 0.000000 0.000000 0.000000 0.000000 0.000000 0.000000 0.000000 0.000000 3.616736 3.233835 3.181046 3.610421 3.801194 3.824761 3.729289 3.755812 3.651923 3.547863 3.258728 2.985469 2.980469 2.905420 2.808824 3.266921 3.647021 3.349758 2.975651 3.699048 3.726248 3.798229 3.710773 3.753362 4.061489 4.411055 4.134170 3.862547 4.061442 4.230847 4.279378 4.318435 4.437023 4.543410 4.618060 4.619776 4.499301 4.610249 4.561634 4.580878 4.676227 4.593667 4.664617 4.703132 4.485543 3.916709 3.578176 3.650012 3.930778 4.087499 3.976109 3.403749 3.534586 3.634953 3.762113 3.407163 3.329396 3.389290 3.440121 3.545489 3.802800 4.290570 3.742595 3.418711 3.659145 3.462841 3.502739 3.737603 3.400235 3.615410 3.025762 2.538918 -0.099667 -0.500000 -0.500000 0.511465 2.040006 1.613357 1.957334 1.795239 1.806366 1.522918 1.591213 1.489282 1.509852 1.648340 1.675720 1.720965 1.819540 1.759691 1.711901 1.630250 1.406814 1.602883 1.640789 2.060613 2.304858 1.643583 1.676135 1.327393 1.311723 1.690543 1.604771 1.989499 2.227083 2.148884 1.808782 1.429627 1.249866 1.625229 1.746954 1.240639 1.113957 2.227451 2.526954 1.275008 1.083929 1.231586 1.205841 1.212079 1.171148 1.180458 1.134310 1.113766 1.266465 1.252470 1.156179 1.178490 1.122188 1.030304 0.969560 1.029684 1.047987 0.980518 0.946372 0.936710 0.895772 0.910353 1.036119 1.688642 1.517530 0.433694 -0.332999 -0.499252 -0.499997 -0.498018 0.000000 0.000000 0.000000 0.000000 0.000000 0.000000 0.000000 0.000000 0.000000 0.000000 0.000000 0.000000 0.000000 0.000000 0.000000 0.000000 0.000000 0.000000 0.000000 0.000000 0.000000 0.000000 0.000000 0.000000 0.000000 0.000000 0.000000 0.000000 0.000000 0.000000 0.000000 0.000000 0.000000 0.000000 0.000000 0.000000 0.000000 0.000000 0.000000 0.000000 0.000000 0.000000 0.000000 0.000000 0.000000 0.000000 0.000000 0.000000 0.000000 0.000000 0.000000 0.000000 0.000000 0.000000 0.000000 0.000000 0.000000 0.000000 0.000000 0.000000 0.000000 0.000000 0.000000 0.000000 0.000000 0.000000 
0.000000 0.000000 0.000000 0.000000 0.000000 0.000000 0.000000 0.000000 0.000000 0.000000 0.000000 0.000000 0.000000 0.000000 0.000000 0.000000 0.000000 0.000000 0.000000 0.000000 0.000000 0.000000 0.000000 0.000000 0.000000 0.000000 0.000000 0.000000 3.336677 3.691095 3.932499 4.003345 3.925921 3.760988 3.611448 3.484083 3.265759 3.048747 3.082725 3.130369 3.179366 3.104995 3.420879 3.548526 3.033101 3.873997 4.023185 3.941575 3.921669 3.862663 4.033025 4.402942 4.085887 4.006959 4.315927 4.328587 4.433074 4.523194 4.515224 4.607523 4.873629 4.782682 4.752495 4.705610 4.688812 4.661043 4.631960 4.680063 4.726171 4.746421 4.531872 3.991483 3.609480 3.649027 3.828841 4.024645 4.127722 4.187152 3.868509 3.291092 3.644109 3.691653 3.620327 3.295783 3.311358 3.382077 3.464193 3.672672 4.245591 3.693923 4.021241 3.914701 3.840370 3.675676 3.657764 3.438933 3.584448 2.820204 2.522004 -0.185091 -0.500000 -0.499349 0.810741 2.058255 1.888453 1.543783 1.868334 1.994915 1.531831 1.482732 1.487425 1.636498 1.766617 1.916914 1.829774 1.750785 1.886025 1.942617 1.775191 1.519557 1.242849 1.624262 2.071625 2.075958 2.242307 1.961875 2.222133 1.894517 2.426627 2.024963 1.754646 1.572918 1.426538 1.519431 1.392809 1.355503 1.753277 1.520670 1.157954 1.528684 2.393515 1.625691 1.259227 1.200197 1.145148 1.172362 1.131157 1.120037 1.158195 1.153221 1.176518 1.301258 1.364792 1.303262 1.278175 1.261654 1.186294 1.194067 1.237777 1.126332 1.064590 1.002756 0.928147 1.020135 1.006213 1.123720 1.094302 1.130467 1.496071 2.227694 1.367536 -0.046079 -0.486282 -0.500000 0.000000 0.000000 0.000000 0.000000 0.000000 0.000000 0.000000 0.000000 0.000000 0.000000 0.000000 0.000000 0.000000 0.000000 0.000000 0.000000 0.000000 0.000000 0.000000 0.000000 0.000000 0.000000 0.000000 0.000000 0.000000 0.000000 0.000000 0.000000 0.000000 0.000000 0.000000 0.000000 0.000000 0.000000 0.000000 0.000000 0.000000 0.000000 0.000000 0.000000 0.000000 0.000000 0.000000 0.000000 0.000000 0.000000 0.000000 0.000000 0.000000 0.000000 0.000000 0.000000 0.000000 0.000000 0.000000 0.000000 0.000000 0.000000 0.000000 0.000000 0.000000 0.000000 0.000000 0.000000 0.000000 
0.000000 0.000000 0.000000 0.000000 0.000000 0.000000 0.000000 0.000000 0.000000 0.000000 0.000000 0.000000 0.000000 0.000000 0.000000 0.000000 0.000000 0.000000 0.000000 0.000000 0.000000 0.000000 0.000000 0.000000 0.000000 0.000000 0.000000 0.000000 3.888354 4.043854 3.842262 4.011205 3.880975 3.659847 3.423253 3.183094 3.106722 3.047097 3.144878 3.290593 3.773473 4.020026 3.762951 3.334973 3.884656 4.207434 4.187730 4.067367 3.823647 4.321632 4.318955 4.004393 4.366093 4.477862 4.217414 4.481791 4.821279 4.769210 4.731587 4.835515 4.590212 4.742948 4.657656 4.758163 4.752995 4.785861 4.795720 4.850081 4.971235 4.302081 3.940464 3.801344 3.805732 3.956813 4.021806 3.943272 4.020069 4.289332 4.234252 3.722759 3.353105 3.434727 3.524293 3.507850 3.297484 3.289229 3.360589 3.469843 4.043839 3.795334 4.420657 4.315073 4.246363 4.137069 4.038189 3.845491 3.771883 2.765462 2.031631 -0.250987 -0.500000 -0.499294 0.788680 2.093226 1.714161 1.429425 1.119914 1.433532 1.071866 1.408740 1.411394 1.440911 1.611905 1.819385 1.814131 1.761445 1.840907 1.840734 1.516469 1.312661 1.164133 1.374762 1.688573 1.877239 2.186334 1.856140 1.599565 1.505141 1.374153 1.487633 1.277499 1.238499 1.237831 1.322003 1.358225 1.408872 1.629262 1.294382 1.125760 1.936017 2.489871 1.511663 1.196851 1.158614 1.126256 1.150636 1.120046 1.097806 1.085301 1.080888 1.175781 1.320748 1.302233 1.263057 1.287612 1.284903 1.234251 1.188111 1.199706 1.261222 1.191720 1.016331 1.057635 1.068451 1.048119 1.158540 1.053683 1.096436 1.136631 1.209602 1.347719 1.538565 1.652684 0.627825 -0.288637 -0.493837 0.000000 0.000000 0.000000 0.000000 0.000000 0.000000 0.000000 0.000000 0.000000 0.000000 0.000000 0.000000 0.000000 0.000000 0.000000 0.000000 0.000000 0.000000 0.000000 0.000000 0.000000 0.000000 0.000000 0.000000 0.000000 0.000000 0.000000 0.000000 0.000000 0.000000 0.000000 0.000000 0.000000 0.000000 0.000000 0.000000 0.000000 0.000000 0.000000 0.000000 0.000000 0.000000 0.000000 0.000000 0.000000 0.000000 0.000000 0.000000 0.000000 0.000000 0.000000 0.000000 0.000000 0.000000 0.000000 0.000000 0.000000 0.000000 0.000000 0.000000 0.000000 0.000000 0.000000 
0.000000 0.000000 0.000000 0.000000 0.000000 0.000000 0.000000 0.000000 0.000000 0.000000 0.000000 0.000000 0.000000 0.000000 0.000000 0.000000 0.000000 0.000000 0.000000 0.000000 0.000000 0.000000 0.000000 0.000000 0.000000 0.000000 0.000000 0.000000 4.230879 3.975489 3.815249 3.826130 3.589592 3.302145 3.143834 3.115721 3.132254 3.183509 3.890579 3.932826 3.886452 3.429966 3.692630 4.335090 4.264823 4.354826 4.249816 4.151726 4.356232 3.945303 4.021372 4.663717 4.607293 4.357472 4.379214 4.669499 4.941695 4.818364 4.891440 4.753398 4.724563 4.697388 4.725332 4.817998 4.851156 4.966142 5.004956 5.093613 4.435413 3.981053 3.983603 4.053515 4.149448 3.993889 3.750288 3.611911 3.531025 3.552778 4.409412 4.199540 3.557474 3.389632 3.381061 3.585423 3.251364 3.264647 3.305632 3.448553 3.862164 3.947341 4.454350 4.581229 4.335629 3.354364 3.353808 3.374444 3.648799 3.200373 1.363976 -0.311970 -0.500000 -0.499990 0.690428 2.254672 1.502656 1.197547 1.105375 1.171433 1.081388 1.312037 1.368877 1.403999 1.584269 1.798493 1.585949 1.548669 1.670672 1.588669 1.428276 1.284499 1.234368 1.695723 1.862365 2.247600 2.147668 1.912033 1.566620 1.415548 1.213227 1.237273 1.202709 1.082051 1.335149 1.269677 1.110208 1.311357 1.371371 1.444932 1.522865 1.292123 1.999778 1.490030 1.216615 1.093569 1.209024 1.252744 1.227349 1.360559 1.186695 1.084364 1.098312 1.271997 1.270686 1.254949 1.322789 1.170432 1.256387 1.112041 1.133535 1.166930 1.129480 1.134343 1.201470 1.223729 1.127703 1.211122 1.065217 1.136758 1.153113 1.139152 1.220986 1.167596 1.232550 1.458409 1.815183 0.842196 0.526431 -0.285700 -0.497758 0.000000 0.000000 0.000000 0.000000 0.000000 0.000000 0.000000 0.000000 0.000000 0.000000 0.000000 0.000000 0.000000 0.000000 0.000000 0.000000 0.000000 0.000000 0.000000 0.000000 0.000000 0.000000 0.000000 0.000000 0.000000 0.000000 0.000000 0.000000 0.000000 0.000000 0.000000 0.000000 0.000000 0.000000 0.000000 0.000000 0.000000 0.000000 0.000000 0.000000 0.000000 0.000000 0.000000 0.000000 0.000000 0.000000 0.000000 0.000000 0.000000 0.000000 0.000000 0.000000 0.000000 0.000000 0.000000 0.000000 0.000000 0.000000 0.000000 0.000000 
0.000000 0.000000 0.000000 0.000000 0.000000 0.000000 0.000000 0.000000 0.000000 0.000000 0.000000 0.000000 0.000000 0.000000 0.000000 0.000000 0.000000 0.000000 0.000000 0.000000 0.000000 0.000000 0.000000 0.000000 0.000000 0.000000 0.000000 0.000000 0.000000 4.150360 3.734836 3.385442 3.322014 3.038343 3.165579 3.275604 3.282359 3.333821 3.851575 3.717552 3.469564 3.990172 4.295740 4.508495 4.515278 4.391714 4.561592 4.408969 4.038061 4.079146 4.399269 4.339377 4.274703 4.284805 4.420274 4.682866 4.841444 4.773836 4.719925 4.797486 4.822260 4.821097 4.909713 4.937245 5.053835 5.156517 4.915172 4.285041 4.034328 4.118880 4.248184 4.181194 3.860602 3.588897 3.500436 3.499024 3.479939 3.374973 3.761549 4.506196 4.121881 3.381799 3.547423 3.549312 3.301751 3.185997 3.292334 3.414626 3.678261 3.760662 4.009008 4.656532 4.073164 2.848069 2.787888 2.868221 3.616861 2.967213 1.824316 -0.221725 -0.500000 -0.500000 0.075969 1.530579 1.271034 1.157929 1.216322 1.332056 1.051899 1.146856 1.442651 1.294618 1.538213 1.773020 1.759409 1.493036 1.429077 1.359530 1.288930 1.265899 1.369399 2.018494 1.636175 2.543270 2.618169 2.344343 1.827826 1.513373 1.424672 1.369685 1.297566 1.177966 1.349323 1.096075 1.089098 1.183197 1.334268 1.768231 2.155191 1.934017 1.463624 1.367871 1.274958 1.179777 1.172960 1.126492 1.161623 1.092656 1.068033 1.097165 1.109129 1.168683 1.280392 1.297565 1.349654 1.089363 1.146486 1.106650 1.050889 1.118177 1.067549 1.104357 1.144439 1.187683 1.240334 1.292710 1.287948 1.254471 1.203090 1.214316 1.167653 1.194178 1.196201 1.191039 1.160304 1.253129 1.793313 1.204773 0.905162 0.441261 -0.055785 0.000000 0.000000 0.000000 0.000000 0.000000 0.157385 0.839137 0.000000 0.000000 0.000000 0.000000 0.000000 0.000000 0.000000 0.000000 0.000000 0.000000 0.000000 0.000000 0.000000 0.000000 0.000000 0.000000 0.000000 0.000000 0.000000 0.000000 0.000000 0.000000 0.000000 0.000000 0.000000 0.000000 0.000000 0.000000 0.000000 0.000000 0.000000 0.000000 0.000000 0.000000 0.000000 0.000000 0.000000 0.000000 0.000000 0.000000 0.000000 0.000000 0.000000 0.000000 0.000000 0.000000 0.000000 0.000000 0.000000 0.000000 0.000000 
0.000000 0.000000 0.000000 0.000000 0.000000 0.000000 0.000000 0.000000 0.000000 0.000000 0.000000 0.000000 0.000000 0.000000 0.000000 0.000000 0.000000 0.000000 0.000000 0.000000 0.000000 0.000000 0.000000 0.000000 0.000000 0.000000 0.000000 0.000000 0.000000 3.930388 3.355550 3.124630 3.072735 3.090783 3.230836 3.441251 3.504048 3.445514 3.474171 3.699925 4.243781 4.329603 4.489266 4.564267 4.652823 4.851824 4.400812 4.237121 4.242303 4.310837 4.101422 4.292919 4.443887 4.438129 4.403058 4.417682 4.782997 4.809139 4.728800 4.700356 4.913134 4.954408 4.977878 5.199359 4.776773 4.458715 4.100558 4.091808 4.284153 4.291704 4.009530 3.740268 3.609239 3.510999 3.482428 3.438578 3.415676 3.447672 3.390380 4.120029 4.554530 4.066910 3.449029 4.467061 3.274564 3.172676 3.248855 3.508395 3.571860 3.797532 4.084404 4.658998 3.728788 3.012354 2.899610 2.987099 3.923624 3.124873 2.937696 0.195116 -0.500000 -0.500000 0.288290 1.640762 1.142650 1.152202 1.251269 1.206993 1.027805 0.984056 1.325829 1.172864 1.387169 1.667130 1.596299 1.382302 1.425409 1.318167 1.361800 1.449243 1.648904 1.689276 1.692546 2.246777 2.568687 2.617067 1.614680 1.437830 1.426599 1.393817 1.254772 1.280271 1.738775 1.293348 1.176593 1.201087 1.343989 1.790614 2.090775 2.268270 2.154750 1.775058 1.506927 1.311581 1.348853 1.394938 1.381070 1.286211 1.278103 1.231855 1.284139 1.283050 1.389114 1.466254 1.270493 1.425520 1.230704 0.931894 0.906758 1.003592 0.996244 1.051785 1.074746 1.116019 1.209881 1.218466 1.375967 1.394616 1.341759 1.344235 1.290020 1.301048 1.261847 1.307065 1.312404 1.173765 1.234300 1.107759 1.054401 0.965586 0.737771 1.626439 1.342760 1.361103 2.049609 1.988707 2.139863 2.108122 2.738586 0.000000 0.000000 0.000000 0.000000 0.000000 0.000000 0.000000 0.000000 0.000000 0.000000 0.000000 0.000000 0.000000 0.000000 0.000000 0.000000 0.000000 0.000000 0.000000 0.000000 0.000000 0.000000 0.000000 0.000000 0.000000 0.000000 0.000000 0.000000 0.000000 0.000000 0.000000 0.000000 0.000000 0.000000 0.000000 0.000000 0.000000 0.000000 0.000000 0.000000 0.000000 0.000000 0.000000 0.000000 0.000000 0.000000 0.000000 0.000000 0.000000 0.000000 
0.000000 0.000000 0.000000 0.000000 0.000000 0.000000 0.000000 0.000000 0.000000 0.000000 0.000000 0.000000 0.000000 0.000000 0.000000 0.000000 0.000000 0.000000 0.000000 0.000000 0.000000 0.000000 0.000000 0.000000 0.000000 0.000000 0.000000 0.000000 0.000000 3.460987 3.175783 3.051975 3.065927 3.239303 3.867163 3.982551 3.534102 3.562182 4.156863 4.435517 4.565150 4.569360 4.726367 4.860740 4.578255 4.164804 4.359717 4.590148 4.367609 4.064339 3.811137 3.711998 4.424552 4.725007 4.689320 4.508312 4.599993 4.802012 4.845860 4.896049 5.135786 4.950253 4.879821 4.415420 4.009611 4.051730 4.245515 4.296170 4.083050 3.804446 3.675495 3.547869 3.459785 3.450091 3.428950 3.434893 3.400359 3.382020 3.394573 3.458478 4.389271 4.566204 4.017651 3.836678 4.088383 3.235250 3.186052 3.741741 3.517844 3.519689 4.779246 4.528498 3.373535 3.155931 3.071576 3.316456 4.115435 3.396649 2.917228 0.457609 -0.500000 -0.500000 0.096178 1.708862 1.217625 1.153006 1.193796 1.389797 1.018358 1.043843 1.164343 1.158974 1.224302 1.516409 1.437084 1.391671 1.329530 1.402087 1.629322 1.768237 1.624254 1.727819 1.731269 2.000211 2.427104 2.016964 1.655709 1.946993 1.765181 1.494639 1.332477 1.270472 1.277107 1.160523 1.176615 1.276721 1.384833 1.675953 2.179647 2.065168 2.075044 1.828133 1.498969 1.282806 1.276398 1.329487 1.323978 1.385570 1.370490 1.378282 1.417566 1.406288 1.387738 1.386810 1.464684 1.490192 1.258323 0.984727 1.003985 0.967496 1.011985 1.049372 1.079076 1.094848 1.182123 1.138468 1.337421 1.390121 1.344803 1.284654 1.445583 1.561616 1.444823 1.401683 1.316297 1.319179 1.230911 1.163341 1.233491 1.236628 1.008419 1.364504 1.103828 2.209646 2.728956 2.735724 2.992399 3.052469 3.108637 3.302607 0.000000 0.000000 0.000000 0.000000 0.000000 0.000000 0.000000 0.000000 0.000000 0.000000 0.000000 0.000000 0.000000 0.000000 0.000000 0.000000 0.000000 0.000000 0.000000 0.000000 0.000000 0.000000 0.000000 0.000000 0.000000 0.000000 0.000000 0.000000 0.000000 0.000000 0.000000 0.000000 0.000000 0.000000 0.000000 0.000000 0.000000 0.000000 0.000000 0.000000 0.000000 0.000000 0.000000 0.000000 0.000000 0.000000 0.000000 0.000000 0.000000 
0.000000 0.000000 0.000000 0.000000 0.000000 0.000000 0.000000 0.000000 0.000000 0.000000 0.000000 0.000000 0.000000 0.000000 0.000000 0.000000 0.000000 0.000000 0.000000 0.000000 0.000000 0.000000 0.000000 0.000000 0.000000 0.000000 0.000000 0.000000 0.000000 0.000000 3.246798 3.153725 3.253299 3.953629 3.711338 3.561472 4.042404 4.352914 4.317638 4.581874 4.651818 4.831511 4.857532 4.485282 4.541824 4.978065 4.554291 4.562380 4.642257 4.547390 4.204677 3.782295 3.916236 4.714770 4.670486 4.633070 4.606308 4.761673 5.010936 4.993341 4.745487 4.540506 3.975327 3.986059 4.176593 4.254820 4.080018 3.836183 3.699040 3.595468 3.507986 3.502544 3.490617 3.521744 3.517261 3.467745 3.428049 3.388206 3.328974 3.382907 3.506293 4.532135 4.586219 4.016649 3.933139 3.939101 3.724568 3.833054 3.533130 3.627239 4.798065 3.914219 3.251185 3.181707 3.031356 3.217671 4.393290 3.567442 2.746918 0.663373 -0.500000 -0.500000 0.017946 1.303461 1.076918 1.141662 0.988610 1.173573 1.040355 1.376086 1.476217 1.227177 1.174374 1.359478 1.384185 1.425112 1.288215 1.489156 1.679730 1.824838 1.612090 1.593685 1.452952 1.401852 1.395239 1.481402 1.524267 1.598632 1.633688 1.523478 1.351973 1.202681 1.303381 1.090044 1.180169 1.267098 1.349136 1.449534 1.713475 1.891226 2.004151 1.585891 1.229570 1.291917 1.293387 1.292978 1.290612 1.354658 1.354257 1.377828 1.438177 1.548976 1.686072 1.596088 1.588966 1.456307 1.476276 1.411538 1.483377 1.337271 1.321638 1.521897 1.468744 1.382203 1.264161 1.254914 1.360506 1.281076 1.293040 1.238943 1.783309 2.249362 1.714120 1.513188 1.534504 1.603577 1.321299 1.295899 1.399663 1.361916 1.461405 1.422495 1.295221 2.617378 2.801400 2.968418 3.307262 3.365880 3.463853 3.698752 4.157375 0.000000 0.000000 0.000000 0.000000 0.000000 0.000000 0.000000 0.000000 0.000000 0.000000 0.000000 0.000000 0.000000 0.000000 0.000000 0.000000 0.000000 0.000000 0.000000 0.000000 0.000000 0.000000 0.000000 0.000000 0.000000 0.000000 0.000000 0.000000 0.000000 0.000000 0.000000 0.000000 0.000000 0.000000 0.000000 0.000000 0.000000 0.000000 0.000000 0.000000 0.000000 0.000000 0.000000 0.000000 0.000000 0.000000 0.000000 0.000000 
0.000000 0.000000 0.000000 0.000000 0.000000 0.000000 0.000000 0.000000 0.000000 0.000000 0.000000 0.000000 0.000000 0.000000 0.000000 0.000000 0.000000 0.000000 0.000000 0.000000 0.000000 0.000000 0.000000 0.000000 0.000000 0.000000 0.000000 0.000000 0.000000 0.000000 3.333019 3.316680 3.249758 3.500814 3.701691 4.503443 4.409656 4.369053 4.640784 4.879843 4.902920 4.800430 4.357557 4.719553 4.764673 4.632919 4.613111 4.699923 4.671990 4.765457 4.684409 4.837213 4.348386 4.713207 4.893180 4.612400 4.645435 5.326333 4.898323 4.569426 3.977227 3.902136 4.106841 4.184894 4.051803 3.755780 3.668138 3.629361 3.583863 3.568968 3.561572 3.586848 3.583381 3.589233 3.603368 3.579686 3.487781 3.377677 3.238251 3.272836 3.352889 3.617244 4.698652 4.614315 4.085436 3.785954 3.958143 3.877193 3.539503 3.271689 3.969702 4.354676 3.348205 3.082999 2.904527 2.953637 4.444953 3.512409 2.419964 0.443093 -0.500000 -0.500000 -0.474298 0.880839 0.951919 1.119677 0.947169 1.158397 0.992127 1.103973 1.463969 1.285002 1.141495 1.192084 1.328211 1.254827 1.402213 2.343138 2.044004 1.678796 1.571141 1.595780 1.555872 1.455200 1.374624 1.416535 1.428293 1.490184 1.485527 1.509387 1.364859 1.200600 1.309569 1.369723 1.105156 1.264858 1.287483 1.323255 1.413280 1.399880 1.570891 1.730242 1.744594 1.492788 1.204634 1.187858 1.221917 1.222802 1.303235 1.344121 1.426300 1.548176 1.753321 1.767384 1.686627 1.571315 2.163055 2.302811 2.640167 1.865947 1.632232 1.936443 1.643805 1.605004 1.659551 1.599044 1.927331 1.595519 1.328759 1.447202 2.230777 2.149526 1.577953 1.573186 1.507174 1.470381 1.428994 1.464003 1.485557 1.472065 1.439386 1.327095 2.237648 1.995561 3.274607 3.315858 3.418078 3.522260 3.648428 3.977065 4.250818 4.452337 3.992467 0.000000 0.000000 0.000000 0.000000 0.000000 0.000000 0.000000 0.000000 0.000000 0.000000 0.000000 0.000000 0.000000 0.000000 0.000000 0.000000 0.000000 0.000000 0.000000 0.000000 0.000000 0.000000 0.000000 0.000000 0.000000 0.000000 0.000000 0.000000 0.000000 0.000000 0.000000 0.000000 0.000000 0.000000 0.000000 0.000000 0.000000 0.000000 0.000000 0.000000 0.000000 0.000000 0.000000 0.000000 0.000000 0.000000 
0.000000 0.000000 0.000000 0.000000 0.000000 0.000000 0.000000 0.000000 0.000000 0.000000 0.000000 0.000000 0.000000 0.000000 0.000000 0.000000 0.000000 0.000000 0.000000 0.000000 0.000000 0.000000 0.000000 0.000000 0.000000 0.000000 0.000000 0.000000 0.000000 0.000000 3.465758 3.462505 3.382126 3.847001 4.410465 4.449229 4.628108 4.760252 4.920745 5.112554 4.634858 4.428702 4.832972 5.166133 4.816801 4.593596 4.839334 4.870343 4.984593 5.021134 4.930866 4.938066 5.048360 4.064435 4.921175 4.646868 4.640892 5.351923 3.907666 3.763877 3.871454 4.145239 4.056705 3.805611 3.581829 3.581477 3.553368 3.556604 3.586165 3.608188 3.597255 3.560554 3.518266 3.513129 3.496603 3.547867 3.538254 3.425119 3.276659 3.202217 3.307403 3.374933 3.911629 4.799844 4.653457 4.157328 4.098164 3.790679 4.069500 3.443002 3.264741 3.932610 4.366894 3.484688 3.065409 2.974170 4.282250 3.476222 2.431507 0.402480 -0.500000 -0.500000 -0.499998 0.668701 1.246100 1.091092 0.932167 1.080592 1.004068 1.063723 1.334519 1.096149 1.160929 1.219729 1.323637 1.205102 1.638741 2.254044 1.723124 1.581062 1.537400 1.696603 1.960397 1.416861 1.435396 1.345458 1.308825 1.306370 1.347360 1.378484 1.328244 1.297791 1.186415 1.263141 1.264343 1.361036 1.296154 1.358501 1.387658 1.323485 1.313993 1.977459 1.883986 1.492731 1.123488 1.121431 1.143622 1.077015 1.197531 1.394403 1.497386 1.534258 1.860455 1.782817 1.763830 1.683293 1.809290 2.227053 2.796764 2.619269 2.409166 2.413907 2.364461 2.248719 2.194402 2.441449 2.367289 1.764377 1.565773 1.944339 2.498587 1.995137 1.726365 1.759505 1.644824 1.621227 1.482043 1.573962 1.629987 1.614112 1.467133 1.815711 2.655850 2.021633 3.484691 3.198977 3.351186 3.704096 3.826185 4.116242 4.213632 4.597530 3.214059 2.579117 0.000000 0.000000 0.000000 0.000000 0.000000 0.000000 0.000000 0.000000 0.000000 0.000000 0.000000 0.000000 0.000000 0.000000 0.000000 0.000000 0.000000 0.000000 0.000000 0.000000 0.000000 0.000000 0.000000 0.000000 0.000000 0.000000 0.000000 0.000000 0.000000 0.000000 0.000000 0.000000 0.000000 0.000000 0.000000 0.000000 0.000000 0.000000 0.000000 0.000000 0.000000 0.000000 0.000000 0.000000 0.000000 
0.000000 0.000000 0.000000 0.000000 0.000000 0.000000 0.000000 0.000000 0.000000 0.000000 0.000000 0.000000 0.000000 0.000000 0.000000 0.000000 0.000000 0.000000 0.000000 0.000000 0.000000 0.000000 0.000000 0.000000 0.000000 0.000000 0.000000 0.000000 0.000000 0.000000 3.406849 3.489758 3.804405 4.420447 4.677636 4.794693 4.902026 5.054442 4.715852 4.476808 4.891600 5.145077 4.851633 4.868399 4.558267 4.749046 5.148742 5.152311 5.243169 5.229415 5.088187 4.933351 5.061172 4.798011 4.237360 4.759003 4.948624 5.252738 3.842537 3.768473 4.145210 4.020208 3.682495 3.568132 3.523525 3.521716 3.560676 3.615900 3.606917 3.582999 3.543890 3.505143 3.484595 3.476023 3.450277 3.480826 3.485422 3.443415 3.320257 3.199645 3.248265 3.331352 3.396588 3.860157 4.789335 4.670356 4.198667 3.882156 4.103534 4.098467 3.318256 3.281546 3.944191 4.140400 3.999209 3.888255 4.056342 3.463134 2.641366 0.614003 -0.500000 -0.500000 -0.500000 0.476711 1.576138 1.074625 0.952627 1.011509 1.086378 1.222949 1.197067 1.067628 1.153818 1.285829 1.240528 1.384336 1.846729 2.534583 2.050033 1.639609 1.503211 2.210012 2.403229 1.359952 1.343781 1.296604 1.236785 1.203187 1.270913 1.274884 1.240847 1.253805 1.268053 1.268242 1.264088 1.300234 1.327804 1.378748 1.396186 1.325315 1.224836 1.627462 2.282905 2.139514 1.170186 1.090142 1.134441 1.196660 1.367913 1.653406 1.747317 1.615611 1.889992 1.813709 1.810926 1.861826 1.910789 2.094413 2.314540 2.763673 2.808020 2.704797 2.614276 2.682824 2.744672 2.515077 2.286346 1.820576 1.816158 1.973499 2.003163 1.818413 1.897174 2.084383 1.741556 1.672999 1.474751 1.687127 1.617264 1.109060 1.546830 2.562031 2.874543 2.042722 3.226324 3.207413 3.488509 3.804219 3.988930 4.133614 4.238357 4.191113 2.695211 2.125194 2.061722 0.000000 0.000000 0.000000 0.000000 0.000000 0.000000 0.000000 0.000000 0.000000 0.000000 0.000000 0.000000 0.000000 0.000000 0.000000 0.000000 0.000000 0.000000 0.000000 0.000000 0.000000 0.000000 0.000000 0.000000 0.000000 0.000000 0.000000 0.000000 0.000000 0.000000 0.000000 0.000000 0.000000 0.000000 0.000000 0.000000 0.000000 0.000000 0.000000 0.000000 0.000000 0.000000 0.000000 0.000000 
0.000000 0.000000 0.000000 0.000000 0.000000 0.000000 0.000000 0.000000 0.000000 0.000000 0.000000 0.000000 0.000000 0.000000 0.000000 0.000000 0.000000 0.000000 0.000000 0.000000 0.000000 0.000000 0.000000 0.000000 0.000000 0.000000 0.000000 0.000000 0.000000 0.000000 0.000000 3.962433 4.333989 4.489800 4.751867 5.045521 5.077396 4.517467 4.532132 5.272294 4.997808 4.772671 5.307765 4.720784 4.638943 4.796317 4.984277 4.961448 5.117143 5.010587 4.961901 4.834540 4.929467 5.077318 4.584823 4.341223 4.630255 4.334085 4.332782 3.946132 4.163744 3.698202 3.459530 3.499046 3.525094 3.582954 3.621162 3.614900 3.597923 3.586696 3.549861 3.501596 3.496908 3.447841 3.429415 3.443721 3.458573 3.464671 3.387651 3.254341 3.252640 3.287343 3.317161 3.314598 3.692291 4.674442 4.652030 4.271718 3.842500 4.266567 4.300081 3.547756 3.387750 3.470137 3.553873 3.473424 3.642608 3.469471 2.809605 0.886546 -0.500000 -0.500000 -0.500000 0.197851 1.916025 1.153032 0.991910 0.996774 1.014329 1.071316 1.163438 1.362520 1.506936 1.242015 1.585427 1.740044 2.391259 2.555731 2.441046 2.054301 1.589278 2.131135 1.536013 1.310143 1.289554 1.202897 1.221118 1.282154 1.409274 1.236530 1.385980 2.331024 1.698931 1.298028 1.238137 1.233917 1.402056 1.365398 1.339318 1.323200 1.307336 1.666201 2.104501 1.961317 1.344213 1.152851 1.181176 1.245268 1.383798 1.596248 1.722107 1.586455 1.750999 1.860800 1.909631 2.007889 1.876097 1.997172 2.266635 2.820039 2.900965 2.746291 2.805791 2.887307 2.885608 2.771425 2.259919 1.923911 1.789586 1.854261 2.009332 2.064428 2.044125 1.987163 1.694800 1.672951 1.583314 1.592474 1.490614 1.279816 1.669384 2.752759 3.150522 2.964593 2.585539 3.634053 3.955383 4.053678 4.158860 4.125852 4.238134 4.246885 3.579369 2.481865 2.356525 2.295881 2.294300 0.000000 0.000000 0.000000 0.000000 0.000000 0.000000 0.000000 0.000000 0.000000 0.000000 0.000000 0.000000 0.000000 0.000000 0.000000 0.000000 0.000000 0.000000 0.000000 0.000000 0.000000 0.000000 0.000000 0.000000 0.000000 0.000000 0.000000 0.000000 0.000000 0.000000 0.000000 0.000000 0.000000 0.000000 0.000000 0.000000 0.000000 0.000000 0.000000 0.000000 0.000000 0.000000 
0.000000 0.000000 0.000000 0.000000 0.000000 0.000000 0.000000 0.000000 0.000000 0.000000 0.000000 0.000000 0.000000 0.000000 0.000000 0.000000 0.000000 0.000000 0.000000 0.000000 0.000000 0.000000 0.000000 0.000000 0.000000 0.000000 0.000000 0.000000 0.000000 0.000000 0.000000 4.576831 4.681643 4.865266 5.108849 4.944094 4.527736 4.687056 4.257581 4.107014 3.628654 3.825330 4.505758 4.829951 4.770510 4.809807 4.833167 4.812725 4.964698 4.990303 4.893694 4.832751 4.873250 4.943431 4.776213 4.568758 4.153721 3.685624 4.158207 4.097790 4.029792 3.612431 3.447865 3.536918 3.612808 3.630526 3.585205 3.632217 3.612649 3.586102 3.548635 3.514935 3.530366 3.484855 3.450495 3.441341 3.435695 3.441618 3.385191 3.319426 3.280946 3.277934 3.302380 3.350821 3.381179 3.546128 4.466753 4.656587 4.378950 3.990737 4.041705 4.631235 4.324732 3.761143 3.717654 3.693327 3.514010 3.175297 2.855489 1.348262 -0.500000 -0.500000 -0.500000 0.253241 1.737885 1.146604 1.076826 0.992454 1.310280 1.384786 1.564002 1.478687 1.536637 1.195889 1.746739 2.253207 2.507599 2.583841 2.258597 1.962145 1.820354 1.462814 1.434032 1.616128 2.096664 1.452280 1.334310 1.323169 1.225174 1.503736 1.726275 1.678156 1.404469 1.332988 1.215491 1.306192 1.467956 1.314062 1.351677 1.572642 1.603038 1.653490 2.476079 2.351692 1.819927 1.226821 1.248830 1.313294 1.417378 1.528353 1.500372 1.450319 1.848808 2.078477 2.160341 2.208337 1.958108 1.988206 2.427750 2.785100 2.753746 2.658352 2.801548 2.925795 2.950589 3.007217 2.725858 2.464384 2.244432 2.422958 2.569664 2.512791 2.490672 2.935895 2.392858 1.883127 1.714197 1.668418 1.530295 1.477292 1.686217 2.707939 3.184420 3.484759 3.535600 3.899981 4.082427 4.193642 4.228185 4.255473 4.353844 4.556346 4.188827 3.446033 2.801062 2.895564 3.084934 2.845669 0.000000 0.000000 0.000000 0.000000 0.000000 0.000000 0.000000 0.000000 0.000000 0.000000 0.000000 0.000000 0.000000 0.000000 0.000000 0.000000 0.000000 0.000000 0.000000 0.000000 0.000000 0.000000 0.000000 0.000000 0.000000 0.000000 0.000000 0.000000 0.000000 0.000000 0.000000 0.000000 0.000000 0.000000 0.000000 0.000000 0.000000 0.000000 0.000000 0.000000 0.000000 
0.000000 0.000000 0.000000 0.000000 0.000000 0.000000 0.000000 0.000000 0.000000 0.000000 0.000000 0.000000 0.000000 0.000000 0.000000 0.000000 0.000000 0.000000 0.000000 0.000000 0.000000 0.000000 0.000000 0.000000 0.000000 0.000000 0.000000 0.000000 0.000000 0.000000 0.000000 4.948028 5.072316 5.330620 4.715611 4.771568 5.029313 4.432367 3.918043 3.690185 3.676038 3.739671 3.927936 4.999173 4.924769 4.898811 4.922607 4.898293 5.019126 4.987254 4.922999 4.825768 4.872361 4.783045 4.785231 4.819792 4.625804 3.517451 3.565984 3.986478 4.018346 3.623665 3.524219 3.597684 3.643060 3.610376 3.605170 3.605579 3.623643 3.675056 3.654209 3.576701 3.525324 3.491145 3.475996 3.464049 3.468643 3.457987 3.419513 3.360868 3.304654 3.303945 3.431728 3.626204 3.527713 3.508946 3.489221 4.243427 4.645600 4.429855 4.121867 3.994655 4.389153 4.752354 3.863957 3.797114 3.991383 3.159156 2.979176 1.657123 -0.483044 -0.500000 -0.500000 -0.260359 1.928113 1.332269 1.182164 1.117109 1.350456 1.445193 1.397383 1.431532 1.443207 1.452591 1.556630 2.427358 2.367281 2.238758 1.926885 1.551795 1.646248 1.401806 1.222592 1.429164 1.719200 1.528211 1.313104 1.174638 1.281118 1.911273 1.644559 1.336581 1.311319 1.312716 1.304855 1.343501 1.500872 1.512895 1.735359 1.713798 1.540327 1.306292 2.400687 2.407214 2.003292 1.260205 1.302145 1.326707 1.358528 1.374619 1.411770 1.297570 1.949310 2.074415 1.937862 1.830306 1.895911 2.177319 2.385236 2.730555 2.769370 2.594053 2.667329 2.792667 2.874697 2.980582 2.760384 2.319832 2.780167 2.614653 2.503036 2.649826 2.405818 2.811781 2.890214 2.720447 2.016272 1.865816 1.715445 2.300813 1.793435 3.082351 3.599783 3.885726 3.877226 3.911384 4.080349 4.196823 4.316618 4.374570 4.470590 4.654424 4.671054 4.565856 4.542826 4.355221 4.343557 4.221303 3.964264 0.000000 0.000000 0.000000 0.000000 0.000000 0.000000 0.000000 0.000000 0.000000 0.000000 0.000000 0.000000 0.000000 0.000000 0.000000 0.000000 0.000000 0.000000 0.000000 0.000000 0.000000 0.000000 0.000000 0.000000 0.000000 0.000000 0.000000 0.000000 0.000000 0.000000 0.000000 0.000000 0.000000 0.000000 0.000000 0.000000 0.000000 0.000000 0.000000 0.000000 
0.000000 0.000000 0.000000 0.000000 0.000000 0.000000 0.000000 0.000000 0.000000 0.000000 0.000000 0.000000 0.000000 0.000000 0.000000 0.000000 0.000000 0.000000 0.000000 0.000000 0.000000 0.000000 0.000000 0.000000 0.000000 0.000000 0.000000 0.000000 0.000000 0.000000 0.000000 0.000000 5.322765 4.998772 6.084320 6.724495 4.859235 3.836818 3.898164 3.726183 3.827778 3.810832 4.097315 5.046912 5.300618 5.006500 5.044710 4.982863 4.794907 4.842589 4.754765 4.723808 4.725031 4.672088 4.634771 4.741527 4.828804 4.077165 3.635357 4.265374 4.122581 3.818088 3.510821 3.493209 3.631840 3.597572 3.607860 3.648803 3.737980 3.711562 3.697258 3.651127 3.570894 3.530113 3.498080 3.498113 3.470353 3.501004 3.444940 3.371394 3.386941 3.425457 3.647443 3.738128 3.703374 3.682004 3.654063 3.662510 4.374104 4.594642 4.509726 4.251799 3.995027 4.184729 4.253798 4.143282 3.675797 3.146482 3.019695 2.774216 -0.221762 -0.500000 -0.500000 -0.500000 1.898308 1.528923 1.427381 1.330200 1.256773 1.154417 1.411818 1.452188 1.476269 1.413786 1.284441 1.289882 1.538399 1.872722 1.917833 1.842082 1.748447 1.159666 0.939286 0.999333 1.152528 1.197170 1.403954 1.488861 1.937729 2.151921 1.648264 1.349784 1.338410 1.310086 1.372522 1.429505 1.577090 1.668527 1.859443 1.747376 1.580624 1.403405 2.335692 2.203532 2.303466 1.369482 1.344525 1.266361 1.326747 1.346272 1.455364 1.327463 1.954162 2.048403 2.057900 2.036846 2.021580 2.244290 2.477389 2.636695 2.717642 2.678436 2.637866 2.641725 2.749263 2.734828 2.626205 2.235571 2.398345 2.290153 2.373889 2.334884 2.502475 1.949119 1.786483 1.707492 1.668800 1.730615 2.896422 3.011214 3.868397 3.926913 4.123726 4.142112 4.195971 4.230184 4.324653 4.383567 4.511661 4.597653 4.622364 4.727000 4.839273 4.990644 5.111700 5.142944 5.180122 5.290822 5.261371 5.341439 0.000000 0.000000 0.000000 0.000000 0.000000 0.000000 0.000000 0.000000 0.000000 0.000000 0.000000 0.000000 0.000000 0.000000 0.000000 0.000000 0.000000 0.000000 0.000000 0.000000 0.000000 0.000000 0.000000 0.000000 0.000000 0.000000 0.000000 0.000000 0.000000 0.000000 0.000000 0.000000 0.000000 0.000000 0.000000 0.000000 0.000000 0.000000 0.000000 
0.000000 0.000000 0.000000 0.000000 0.000000 0.000000 0.000000 0.000000 0.000000 0.000000 0.000000 0.000000 0.000000 0.000000 0.000000 0.000000 0.000000 0.000000 0.000000 0.000000 0.000000 0.000000 0.000000 0.000000 0.000000 0.000000 0.000000 0.000000 0.000000 0.000000 0.000000 0.000000 5.807735 8.100913 10.017661 8.709743 4.654937 3.711358 3.766521 3.809511 3.894423 4.320828 4.675442 5.527213 6.294528 5.950343 5.098245 4.822237 4.859710 4.740524 4.791043 4.685110 4.743542 4.623497 4.746061 4.708394 4.805725 4.602661 3.549255 4.924258 4.226270 4.052810 3.704772 3.600307 3.653921 3.681225 3.670442 3.716121 3.800528 3.824769 3.771139 3.696275 3.652139 3.598267 3.581890 3.564959 3.566047 3.602408 3.530173 3.567255 3.527153 3.566996 3.817882 3.851117 3.815939 3.814868 3.800218 3.826004 4.077765 4.119544 4.218506 4.487645 4.396961 4.124096 3.987701 4.150814 3.934985 3.762414 3.182634 2.810680 0.080108 -0.500000 -0.500000 -0.500000 0.473660 1.396730 1.187977 1.230069 1.313276 1.220230 1.238633 1.258919 1.401841 2.216566 1.436394 1.185738 1.142583 1.148070 1.633371 2.040052 2.004819 1.818914 1.247519 1.609328 1.633330 1.397763 1.490592 1.464687 2.171034 2.248113 1.607137 1.363507 1.366804 1.463681 1.438482 1.540825 1.789302 1.792399 1.964241 1.681989 1.524364 1.562113 2.557361 2.230650 2.435898 2.130822 1.917174 1.452368 1.386040 1.379640 1.377490 1.416801 1.989868 1.819509 1.883173 1.784009 2.022545 2.433138 1.633388 1.627734 2.008058 2.757795 1.669208 1.744107 1.860539 1.866252 1.908906 1.893578 1.869518 1.977314 1.987379 1.948259 2.378421 2.431032 2.633636 3.232583 3.364962 3.384388 3.724272 3.951344 4.135178 4.218840 4.312030 4.360535 4.406253 4.546080 4.677652 4.761564 4.822113 4.886537 4.958095 5.047248 5.115570 5.174183 5.239713 5.301542 5.349463 5.378138 5.409270 5.454239 5.505150 0.000000 0.000000 0.000000 0.000000 0.000000 0.000000 0.000000 0.000000 0.000000 0.000000 0.000000 0.000000 0.000000 0.000000 0.000000 0.000000 0.000000 0.000000 0.000000 0.000000 0.000000 0.000000 0.000000 0.000000 0.000000 0.000000 0.000000 0.000000 0.000000 0.000000 0.000000 0.000000 0.000000 0.000000 0.000000 0.000000 0.000000 0.000000 
0.000000 0.000000 0.000000 0.000000 0.000000 0.000000 0.000000 0.000000 0.000000 0.000000 0.000000 0.000000 0.000000 0.000000 0.000000 0.000000 0.000000 0.000000 0.000000 0.000000 0.000000 0.000000 0.000000 0.000000 0.000000 0.000000 0.000000 0.000000 0.000000 0.000000 0.000000 0.000000 9.826653 10.565366 9.601368 8.729671 4.991473 3.971190 3.947113 4.019993 4.188928 4.484410 7.037972 9.043504 9.598915 7.766673 5.360575 4.776320 4.767646 4.746312 4.768120 4.741893 4.694432 4.631069 4.643543 4.613496 4.696090 4.828795 4.026350 3.916391 4.540622 4.189808 3.960294 3.631460 3.657971 3.661638 3.752350 3.759482 3.789298 3.804404 3.799228 3.761763 3.720008 3.645380 3.614313 3.617949 3.636908 3.660956 3.680164 3.697546 3.441510 3.542690 3.933324 3.917989 3.982190 3.959928 3.986105 3.885082 3.833956 3.777380 3.740168 3.881330 4.383306 4.458993 4.296841 4.010284 3.762507 3.672618 3.378964 3.188088 0.812000 -0.500000 -0.500000 -0.500000 0.011555 1.413830 1.234631 1.386150 1.535717 1.487828 1.284063 1.346925 1.590515 2.491223 1.987143 1.399050 1.280894 1.129402 1.523389 2.051752 1.870302 1.290787 1.316849 2.091666 1.831656 1.621524 1.770533 2.027427 2.078457 1.549088 1.382689 1.560630 1.424886 1.551740 1.449493 1.711641 2.165585 1.837196 1.633261 1.523296 1.499428 1.925121 2.371418 2.032791 1.606108 1.463286 1.399620 1.103478 1.214299 1.408812 1.447972 1.602052 1.682423 1.825384 1.739405 2.006375 2.411283 2.918721 2.573779 2.684546 2.875954 3.221936 3.075498 3.215065 3.337239 3.356296 3.328232 3.261285 3.156823 3.084036 3.121893 3.196388 3.341056 3.528593 3.703755 3.826579 3.908819 3.975602 3.951500 4.024926 4.188922 4.290613 4.342899 4.387555 4.507195 4.555250 4.592897 4.644305 4.714233 4.789580 4.881336 5.037670 5.123009 5.182133 5.410480 5.634763 5.803125 6.049908 6.130767 6.185866 6.227580 6.151008 0.000000 0.000000 0.000000 0.000000 0.000000 0.000000 0.000000 0.000000 0.000000 0.000000 0.000000 0.000000 0.000000 0.000000 0.000000 0.000000 0.000000 0.000000 0.000000 0.000000 0.000000 0.000000 0.000000 0.000000 0.000000 0.000000 0.000000 0.000000 0.000000 0.000000 0.000000 0.000000 0.000000 0.000000 0.000000 0.000000 0.000000 
0.000000 0.000000 0.000000 0.000000 0.000000 0.000000 0.000000 0.000000 0.000000 0.000000 0.000000 0.000000 0.000000 0.000000 0.000000 0.000000 0.000000 0.000000 0.000000 0.000000 0.000000 0.000000 0.000000 0.000000 0.000000 0.000000 0.000000 0.000000 0.000000 0.000000 0.000000 0.000000 10.168826 9.874372 9.177937 8.440277 6.271280 4.521163 4.433852 4.957017 6.263622 6.393661 10.283525 11.112567 11.219339 9.308557 5.581228 5.081450 4.884846 4.774889 4.790933 4.784592 4.731899 4.675137 4.667118 4.720870 4.730555 4.938897 4.705303 3.590103 4.747082 4.245805 4.164285 3.733367 3.705424 3.710660 3.743612 3.788549 3.774251 3.770308 3.785026 3.792943 3.776293 3.694318 3.727301 3.712746 3.861256 3.984545 4.039442 3.985638 3.608690 3.667746 3.906445 3.985561 4.092632 4.087553 4.133006 4.058048 3.853103 3.814595 3.743878 3.699543 3.709064 4.003019 4.436940 4.505169 4.269151 3.971219 3.673928 3.470972 1.220232 -0.499037 -0.500000 -0.500000 -0.043422 1.425706 1.252258 1.503622 1.342997 1.367290 1.307636 1.499832 2.253140 2.166985 1.993942 1.552339 1.515556 1.420268 1.682346 1.962359 2.044787 1.391852 1.458506 1.667802 1.595242 1.751214 1.746692 2.136042 2.765851 2.125278 2.055699 2.415936 1.814302 1.518107 1.435821 2.127865 2.604583 1.845923 1.443834 1.452448 1.500780 1.769465 1.880904 2.123863 2.427064 2.810072 3.123980 3.335831 3.389391 3.405810 3.393069 3.389986 3.381997 3.352787 3.313283 3.279677 3.286214 3.287750 3.274151 3.263827 3.258397 3.302540 3.331054 3.372637 3.381269 3.379870 3.289011 2.754526 2.818830 2.530574 2.620413 2.465494 2.868687 2.262391 2.422656 2.613891 2.931097 3.318195 3.092358 3.213658 3.411074 4.073985 4.510872 4.577331 4.598053 4.649486 4.635892 4.685096 4.669138 4.879561 5.075390 5.313715 5.267117 5.358419 6.066650 6.355302 6.331751 6.605002 6.589283 6.502617 6.502537 6.604207 6.708664 6.718378 0.000000 0.000000 0.000000 0.000000 0.000000 0.000000 0.000000 0.000000 0.000000 0.000000 0.000000 0.000000 0.000000 0.000000 0.000000 0.000000 0.000000 0.000000 0.000000 0.000000 0.000000 0.000000 0.000000 0.000000 0.000000 0.000000 0.000000 0.000000 0.000000 0.000000 0.000000 0.000000 0.000000 0.000000 0.000000 
0.000000 0.000000 0.000000 0.000000 0.000000 0.000000 0.000000 0.000000 0.000000 0.000000 0.000000 0.000000 0.000000 0.000000 0.000000 0.000000 0.000000 0.000000 0.000000 0.000000 0.000000 0.000000 0.000000 0.000000 0.000000 0.000000 0.000000 0.000000 0.000000 0.000000 0.000000 0.000000 0.000000 9.657848 9.390917 8.253633 7.014998 5.888777 5.897126 5.492735 7.167396 10.445361 10.996461 11.014532 11.299006 10.767345 6.546668 5.118939 5.092926 4.918517 4.860771 4.856573 4.793637 4.675678 4.742823 4.735462 4.674375 4.645557 4.747602 3.918491 4.191824 4.450111 4.273812 4.015839 3.701174 3.756036 3.756871 3.835727 3.787513 3.799071 3.800735 3.751004 3.749188 3.911790 4.451561 4.167063 4.224190 4.205783 4.156271 4.051047 3.902568 3.833580 4.005552 3.893767 4.069932 4.124159 4.161373 4.080485 3.928406 3.923305 3.853555 3.797063 3.809347 3.668303 3.733318 4.489086 4.668151 4.429042 4.204589 4.015521 3.186727 -0.350327 -0.500000 -0.500000 -0.026424 2.075880 1.299303 1.313681 1.759112 1.544492 1.316074 1.936615 2.070896 2.003642 1.813269 1.670508 1.690027 1.750036 2.182928 2.459933 2.083133 1.631582 1.869033 1.872088 1.907874 1.885037 1.857404 2.443966 2.763691 2.682979 2.700933 2.835430 2.479539 1.677909 2.195183 2.867516 3.019559 2.973699 2.958092 3.238857 3.353653 3.406598 3.434395 3.329010 3.250996 3.265085 3.254892 3.197832 3.164958 3.139615 3.141303 3.084540 3.038067 3.029293 3.030498 3.040864 3.079210 2.917699 3.047940 3.010126 2.993060 2.902846 3.001055 3.120343 3.068174 3.074869 3.049875 2.511242 2.474547 2.374866 2.510367 2.195146 2.497842 2.650811 2.429785 2.547685 2.690411 2.807875 3.301069 3.395010 3.579756 3.869860 4.581007 4.813061 4.858236 5.139613 5.085347 4.579929 4.700167 4.886277 5.051652 5.198129 5.243712 5.369256 6.044818 5.891664 6.105392 6.619349 6.537152 6.519706 6.604836 6.610479 6.792822 6.046223 6.067314 0.000000 0.000000 0.000000 0.000000 0.000000 0.000000 0.000000 0.000000 0.000000 0.000000 0.000000 0.000000 0.000000 0.000000 0.000000 0.000000 0.000000 0.000000 0.000000 0.000000 0.000000 0.000000 0.000000 0.000000 0.000000 0.000000 0.000000 0.000000 0.000000 0.000000 0.000000 0.000000 0.000000 0.000000 
0.000000 0.000000 0.000000 0.000000 0.000000 0.000000 0.000000 0.000000 0.000000 0.000000 0.000000 0.000000 0.000000 0.000000 0.000000 0.000000 0.000000 0.000000 0.000000 0.000000 0.000000 0.000000 0.000000 0.000000 0.000000 0.000000 0.000000 0.000000 0.000000 0.000000 0.000000 0.000000 0.000000 10.695775 10.281754 9.444395 9.235502 8.356636 7.218934 6.909254 7.866283 10.421103 11.168965 11.156455 11.386253 11.514665 8.295549 5.372982 5.099936 4.970181 4.904216 4.925818 4.888717 4.870402 4.798184 4.786020 4.711969 4.562260 4.718088 4.571132 3.637209 4.844303 4.295864 4.187637 3.849876 3.751421 3.765951 3.784034 3.844258 3.859412 3.808128 3.743961 3.915240 4.270222 4.563425 4.430319 4.255328 4.292193 4.203367 4.143383 4.100557 3.885916 4.079332 4.026546 4.107447 4.186363 4.215961 4.146846 4.033932 3.971836 3.917595 3.889421 3.939741 3.855873 3.734326 4.109030 4.804143 4.330928 4.040878 4.125257 4.185492 0.561338 -0.500000 -0.500000 -0.485148 2.302460 2.273650 2.692205 2.673980 2.206074 1.906191 2.314831 2.226009 2.073434 1.928299 1.880567 1.745687 1.870208 1.818088 2.173749 2.198035 2.056265 2.068078 2.247555 2.439711 2.360351 2.399817 2.721185 2.670400 2.750949 2.797577 2.886173 2.973475 3.035572 3.079865 3.078094 3.109562 3.084516 2.841813 2.680191 2.806800 2.460149 2.147678 1.830785 1.763237 2.579498 2.892998 2.889482 2.844323 2.886325 2.817062 2.883208 2.803663 2.609700 2.686269 2.855024 2.917006 2.952534 2.988050 2.997757 2.870032 2.965287 2.688511 3.091861 3.139605 3.139850 3.171304 2.837714 2.554958 2.493982 2.760930 2.730462 2.572786 2.677450 2.504947 2.423952 2.580009 2.589342 3.014028 3.491326 3.569349 3.778516 4.039826 3.754296 5.038828 4.819563 5.178033 4.497859 4.716535 4.817422 5.024541 5.276759 5.376030 5.482294 6.129159 6.165760 6.360338 6.539197 6.527798 6.594143 6.834937 6.656408 6.310377 6.263219 6.499620 0.000000 0.000000 0.000000 0.000000 0.000000 0.000000 0.000000 0.000000 0.000000 0.000000 0.000000 0.000000 0.000000 0.000000 0.000000 0.000000 0.000000 0.000000 0.000000 0.000000 0.000000 0.000000 0.000000 0.000000 0.000000 0.000000 0.000000 0.000000 0.000000 0.000000 0.000000 0.000000 0.000000 0.000000 
0.000000 0.000000 0.000000 0.000000 0.000000 0.000000 0.000000 0.000000 0.000000 0.000000 0.000000 0.000000 0.000000 0.000000 0.000000 0.000000 0.000000 0.000000 0.000000 0.000000 0.000000 0.000000 0.000000 0.000000 0.000000 0.000000 0.000000 0.000000 0.000000 0.000000 0.000000 0.000000 0.000000 9.613388 11.316865 11.017654 10.646286 9.513177 8.380362 9.232524 10.220791 11.193416 11.813226 11.687263 11.575658 11.900895 10.314951 6.088227 5.313566 4.968854 5.067503 4.957682 4.952506 4.845576 4.796469 4.916838 4.716465 4.544224 4.608675 4.778519 3.855820 4.393118 4.379417 4.318438 4.021328 3.792647 3.764169 3.734662 3.735514 3.852618 3.947626 4.179555 4.470105 4.539149 4.555685 4.570187 4.314653 4.334321 4.313123 4.255002 4.205282 4.051732 4.112159 4.174403 4.158090 4.131072 4.195223 4.182693 4.209986 4.211472 4.145563 4.103245 4.105772 3.998505 3.949799 4.184939 4.378800 3.808701 3.631723 3.690754 3.742807 0.740991 -0.500000 -0.500000 -0.500000 3.386117 3.484430 3.190008 2.963484 2.791993 2.731285 2.712614 2.710917 2.553748 2.413563 2.302385 2.305068 2.448971 2.500044 2.607354 2.735269 2.764393 2.767351 2.791521 2.784635 2.749942 2.701483 2.669825 2.678891 2.636504 2.608786 2.458076 2.429411 2.196249 2.108279 2.330529 2.605614 2.469829 2.300218 2.187844 2.352289 2.205382 2.143161 2.360149 1.833687 1.784446 3.088596 2.924831 2.844230 2.972865 2.908913 2.899707 2.887639 2.573556 2.585559 2.793060 2.781894 2.726319 2.918372 2.959957 2.921506 3.134292 2.913253 2.923799 2.984466 3.080559 2.979396 2.905174 3.054019 2.645143 3.308899 2.821075 2.540665 2.545967 2.540731 2.336126 2.408931 2.449325 2.769288 3.344405 3.682558 3.806443 3.924958 4.239508 4.875287 5.057593 4.396953 4.295822 4.604159 4.825476 5.023706 5.240691 5.489139 5.688101 6.051363 6.418675 6.027995 6.037355 6.538752 6.557784 6.811663 6.395337 6.489048 6.404865 6.330365 6.211113 6.300459 6.088958 0.000000 0.000000 0.000000 0.000000 0.000000 0.000000 0.000000 0.000000 0.000000 0.000000 0.000000 0.000000 0.000000 0.000000 0.000000 0.000000 0.000000 0.000000 0.000000 0.000000 0.000000 0.000000 0.000000 0.000000 0.000000 0.000000 0.000000 0.000000 0.000000 0.000000 0.000000 
0.000000 0.000000 0.000000 0.000000 0.000000 0.000000 0.000000 0.000000 0.000000 0.000000 0.000000 0.000000 0.000000 0.000000 0.000000 0.000000 0.000000 0.000000 0.000000 0.000000 0.000000 0.000000 0.000000 0.000000 0.000000 0.000000 0.000000 0.000000 0.000000 0.000000 0.000000 0.000000 0.000000 0.000000 9.220900 11.330871 12.100042 11.217260 10.578984 10.682986 11.001346 11.533884 12.087050 12.040919 11.815529 11.950641 11.724130 8.167293 5.728572 5.088773 5.043074 5.135460 4.985292 5.022383 4.997871 4.921854 4.857074 4.756176 4.610211 4.863978 4.565266 3.730350 4.832480 4.339354 4.260653 3.883983 3.852147 3.951707 3.933841 4.094373 4.128851 4.397727 4.514849 4.526620 4.556853 4.599906 4.526016 4.417519 4.402143 4.351003 4.290083 4.134423 4.028812 4.194505 4.196902 4.192970 4.233920 4.244392 4.256430 4.280591 4.266795 4.245326 4.219495 4.190140 4.198825 4.270220 4.245002 3.792948 3.651435 3.577074 3.387698 2.337303 -0.387785 -0.500000 -0.500000 0.454237 2.891949 3.210074 3.143543 3.175768 3.200262 3.239254 3.232638 3.236454 3.221943 3.200266 3.183132 3.128195 3.059076 2.965042 2.815462 2.655951 2.513813 2.132874 1.955899 1.870233 1.780095 1.655813 2.179129 2.725029 1.916651 1.946522 2.245813 2.101420 2.543242 2.247787 2.095831 1.859894 2.278710 2.387547 2.338385 2.172601 2.083969 2.354448 2.270455 1.631701 2.999797 2.906353 2.820020 3.010883 2.975749 2.950579 2.847424 2.496496 2.551116 2.762489 2.772401 2.840968 3.025021 3.033835 3.060884 3.209216 3.184994 3.114611 2.998819 3.096387 3.140459 3.160142 3.242249 2.771223 3.103736 2.660745 2.867224 3.079942 2.842526 2.467266 2.255369 2.284028 2.561593 3.081192 3.785924 4.013912 3.996756 4.300089 4.501823 4.570648 2.867136 4.279047 4.529746 4.821399 4.907244 5.199818 5.490485 5.646157 5.824950 6.101264 6.265763 5.975358 6.142922 6.401667 6.346490 6.374959 6.346619 6.132056 5.850919 5.831186 5.997344 6.140179 5.995732 0.000000 0.000000 0.000000 0.000000 0.000000 0.000000 0.000000 0.000000 0.000000 0.000000 0.000000 0.000000 0.000000 0.000000 0.000000 0.000000 0.000000 0.000000 0.000000 0.000000 0.000000 0.000000 0.000000 0.000000 0.000000 0.000000 0.000000 0.000000 0.000000 0.000000 
0.000000 0.000000 0.000000 0.000000 0.000000 0.000000 0.000000 0.000000 0.000000 0.000000 0.000000 0.000000 0.000000 0.000000 0.000000 0.000000 0.000000 0.000000 0.000000 0.000000 0.000000 0.000000 0.000000 0.000000 0.000000 0.000000 0.000000 0.000000 0.000000 0.000000 0.000000 0.000000 0.000000 0.000000 6.650205 8.203462 10.682733 12.584228 12.284950 9.996627 10.043316 11.758489 12.220681 12.252863 11.981002 11.703524 12.103165 10.301573 6.279951 5.168844 5.095554 4.935411 5.139701 5.290642 4.903659 5.054488 4.941343 4.867820 4.747761 4.649258 4.975464 4.004922 4.252507 4.613848 4.388884 4.145589 4.035683 3.943952 3.947747 4.151925 4.192615 4.268216 4.573643 4.665440 4.798557 4.721604 4.822901 4.664891 4.494326 4.438133 4.388224 4.342642 4.101473 4.172014 4.162397 4.175371 4.244673 4.232237 4.257184 4.193429 4.204315 4.237034 4.249758 4.247539 4.249410 4.148873 4.040064 3.845526 3.707468 3.615946 3.385195 2.817847 0.586777 -0.497201 -0.500000 -0.494213 1.047056 2.692577 2.869109 2.832690 2.615194 2.410160 2.559830 2.614655 3.111588 2.481292 2.314628 2.046073 1.739572 1.729521 1.658106 1.545705 1.370738 1.063895 1.068737 1.001263 1.153560 1.306496 1.016271 1.640845 1.649484 1.741568 1.874979 1.407569 1.929437 1.918940 2.558512 2.630709 1.730517 1.729082 2.247622 2.188865 1.948205 2.146156 2.185116 1.616619 2.448663 2.463159 2.708799 2.957175 2.823910 2.933076 2.988472 2.991424 2.815758 2.743332 2.743304 2.932765 3.017900 3.192806 3.091124 3.217010 3.264641 3.182328 3.118618 3.201208 3.315219 3.379641 3.337248 3.003127 2.822121 3.292173 3.503048 3.533872 2.846700 2.796980 2.328311 2.020658 2.414413 2.889731 3.566159 3.937099 4.162444 4.273391 4.455890 4.670721 4.739707 4.851074 4.681886 4.794351 4.909658 5.045269 5.424995 5.606168 5.771142 6.032216 6.307688 6.170928 6.349157 6.433487 6.246168 6.119382 6.025138 5.741795 5.494063 5.550786 5.693202 6.073426 6.057625 0.000000 0.000000 0.000000 0.000000 0.000000 0.000000 0.000000 0.000000 0.000000 0.000000 0.000000 0.000000 0.000000 0.000000 0.000000 0.000000 0.000000 0.000000 0.000000 0.000000 0.000000 0.000000 0.000000 0.000000 0.000000 0.000000 0.000000 0.000000 0.000000 0.000000 
0.000000 0.000000 0.000000 0.000000 0.000000 0.000000 0.000000 0.000000 0.000000 0.000000 0.000000 0.000000 0.000000 0.000000 0.000000 0.000000 0.000000 0.000000 0.000000 0.000000 0.000000 0.000000 0.000000 0.000000 0.000000 0.000000 0.000000 0.000000 0.000000 0.000000 0.000000 0.000000 0.000000 0.000000 6.282754 6.411040 7.616335 10.489257 12.730670 12.303021 10.711958 12.380535 12.412510 12.273643 11.997966 11.709198 11.791395 11.528162 7.462326 5.308191 5.300508 5.173002 5.262057 5.139620 5.083218 4.985510 5.028378 4.995119 4.906912 4.682788 4.650340 4.787190 3.760261 4.840876 4.536750 4.341289 4.074207 3.901498 4.005226 4.170951 4.275152 4.267403 4.690402 4.827402 4.911373 4.978533 5.085743 4.998119 4.679183 4.535018 4.483912 4.438503 4.278659 4.264915 4.244206 4.218677 4.294417 4.175846 4.320364 4.176850 4.154347 4.112524 4.088006 4.105092 4.146342 4.110216 4.168130 3.990279 3.875387 3.708558 3.449973 2.835197 1.944264 -0.180260 -0.499964 -0.500000 -0.159583 1.350050 2.679477 2.661913 2.341797 2.823840 2.244951 1.876278 1.938474 1.507671 1.409328 1.267642 1.156237 1.117148 1.064202 1.046363 0.992451 0.979761 0.919490 0.742857 0.780732 1.100204 1.146015 1.033615 1.075795 1.123570 1.037029 0.994900 1.107095 1.113077 1.432666 2.076490 2.243881 1.733177 1.618428 1.520120 1.434939 1.437489 1.444006 1.598274 2.023138 1.976396 1.890531 2.183367 2.607179 3.070356 3.131649 3.091761 2.872075 2.753250 2.755053 2.839736 3.085487 3.148614 3.101695 3.261723 3.464843 3.304834 3.222438 3.266376 3.337095 3.397941 3.336390 3.307217 2.838568 3.689018 3.634059 3.435780 2.984370 2.922829 2.593621 2.094230 2.372646 2.894917 3.351092 3.959374 4.300252 4.404005 4.538594 4.623533 4.758301 4.805070 4.793929 4.772951 5.000210 4.925605 5.113065 5.446128 5.687691 5.935557 6.183439 6.094237 6.026442 6.008913 6.003590 5.768532 5.523030 5.364330 5.453902 5.540013 5.877180 6.296649 6.299516 6.134374 0.000000 0.000000 0.000000 0.000000 0.000000 0.000000 0.000000 0.000000 0.000000 0.000000 0.000000 0.000000 0.000000 0.000000 0.000000 0.000000 0.000000 0.000000 0.000000 0.000000 0.000000 0.000000 0.000000 0.000000 0.000000 0.000000 0.000000 0.000000 0.000000 
0.000000 0.000000 0.000000 0.000000 0.000000 0.000000 0.000000 0.000000 0.000000 0.000000 0.000000 0.000000 0.000000 0.000000 0.000000 0.000000 0.000000 0.000000 0.000000 0.000000 0.000000 0.000000 0.000000 0.000000 0.000000 0.000000 0.000000 0.000000 0.000000 0.000000 0.000000 0.000000 0.000000 0.000000 0.000000 7.188056 6.827344 7.492345 9.696192 12.468387 12.181719 12.290126 12.552239 12.137446 11.926216 11.700281 11.815511 11.311367 8.960658 5.781056 5.332234 5.161776 5.233524 5.195372 5.161594 5.115522 5.199179 5.034811 4.868674 4.808109 4.819781 4.741283 4.039941 4.135005 4.810956 4.460986 4.300745 4.351085 4.562215 4.316316 4.356378 4.356679 4.560964 4.847263 5.079553 5.204784 5.294163 5.336462 4.960891 4.626242 4.642353 4.398876 4.284881 4.304317 4.416570 4.402126 4.354861 4.418005 4.453364 4.483093 4.483546 4.399165 4.287400 4.153494 4.121765 4.196234 4.227612 4.156479 3.976908 3.852595 3.620935 2.948498 2.453426 0.971937 -0.441463 -0.500000 -0.498971 -0.322150 1.405164 3.009649 2.632972 2.982120 1.945934 1.418056 1.352674 1.232121 1.227213 1.179567 1.161244 1.163507 1.134937 1.067455 1.030366 0.959971 0.932903 0.803645 0.835616 1.258589 1.279746 0.788785 0.904310 0.964062 1.023515 1.042498 1.004882 0.998393 1.133085 1.322119 2.188309 2.200565 1.636547 1.469317 1.441753 1.469095 1.457449 1.583752 2.276268 2.183645 1.812531 2.087663 2.700078 3.016702 2.949544 2.898735 2.818416 2.786997 2.826003 2.899009 3.025691 3.150902 3.164984 3.285246 3.403521 3.285019 3.299925 3.280730 3.295275 3.361790 3.374014 3.422625 3.049828 3.835604 3.789415 3.845513 3.276756 3.024664 3.047232 2.663539 3.021231 3.231023 3.527737 3.930314 4.461730 4.552183 4.517406 4.648310 4.724770 4.765810 4.802287 4.874405 5.071129 5.009406 4.999509 5.240633 5.565066 5.896030 5.952291 5.871388 5.780834 5.668557 5.534642 5.294466 5.307899 5.539767 5.968419 6.142960 6.284547 6.640182 6.647394 7.103370 6.446871 0.000000 0.000000 0.000000 0.000000 0.000000 0.000000 0.000000 0.000000 0.000000 0.000000 0.000000 0.000000 0.000000 0.000000 0.000000 0.000000 0.000000 0.000000 0.000000 0.000000 0.000000 0.000000 0.000000 0.000000 0.000000 0.000000 0.000000 0.000000 
0.000000 0.000000 0.000000 0.000000 0.000000 0.000000 0.000000 0.000000 0.000000 0.000000 0.000000 0.000000 0.000000 0.000000 0.000000 0.000000 0.000000 0.000000 0.000000 0.000000 0.000000 0.000000 0.000000 0.000000 0.000000 0.000000 0.000000 0.000000 0.000000 0.000000 0.000000 0.000000 0.000000 0.000000 0.000000 0.000000 7.597242 7.274866 7.834548 8.992979 11.821028 13.195759 12.687720 11.569520 11.893015 11.918985 11.799889 10.186862 8.939503 6.813313 5.601820 5.972041 5.892189 5.671316 6.087540 5.735762 5.351411 5.110755 5.168215 5.048799 5.044952 5.002426 4.811689 4.478773 4.998354 4.562356 4.482674 4.513103 4.642148 4.605212 4.466095 4.688635 4.961279 5.210641 5.286753 5.323726 5.382894 5.341530 5.137495 4.885895 4.927561 4.387396 4.333390 4.401384 4.360856 4.291181 4.298664 4.494434 4.454110 4.506787 4.526799 4.520466 4.523141 4.479279 4.284210 4.346810 4.373393 4.344289 4.077490 3.903941 3.582363 3.090288 2.503956 2.100466 0.700048 -0.489124 -0.500000 -0.500000 -0.421493 1.101282 2.810637 2.620040 1.605949 1.466320 1.416780 1.365378 1.269625 1.245991 1.261884 1.247967 1.195856 1.194122 1.103138 0.997941 1.005450 0.902908 1.049892 1.514623 1.214889 0.883521 0.975323 1.092611 1.101649 1.154440 1.223536 1.166606 1.214303 1.209409 1.437445 2.113583 1.598425 1.466973 1.433066 1.475370 1.448163 1.530998 1.980693 1.982484 2.066344 2.322191 2.637183 2.811026 2.954222 2.951204 2.907222 2.903316 3.004523 3.171710 3.307815 3.337120 3.313169 3.273858 3.201366 3.289344 3.323135 3.270072 3.259851 3.296227 3.470711 3.545353 3.169024 3.627746 3.958095 3.512044 3.144028 3.056313 3.066158 2.863678 3.449204 3.811870 4.090210 4.303383 4.549380 4.642546 4.680799 4.660471 4.824847 4.757089 4.776055 4.976087 5.128049 5.253126 5.079409 5.087275 5.308288 5.609192 5.685158 5.651381 5.424490 5.182638 5.209461 5.384122 5.692596 6.042415 6.224607 6.416510 6.616294 6.843827 7.841914 8.276346 7.581829 0.000000 0.000000 0.000000 0.000000 0.000000 0.000000 0.000000 0.000000 0.000000 0.000000 0.000000 0.000000 0.000000 0.000000 0.000000 0.000000 0.000000 0.000000 0.000000 0.000000 0.000000 0.000000 0.000000 0.000000 0.000000 0.000000 0.000000 0.000000 
0.000000 0.000000 0.000000 0.000000 0.000000 0.000000 0.000000 0.000000 0.000000 0.000000 0.000000 0.000000 0.000000 0.000000 0.000000 0.000000 0.000000 0.000000 0.000000 0.000000 0.000000 0.000000 0.000000 0.000000 0.000000 0.000000 0.000000 0.000000 0.000000 0.000000 0.000000 0.000000 0.000000 0.000000 0.000000 0.000000 0.000000 7.196054 7.419407 7.509070 8.681746 11.155600 12.342048 11.871859 12.329163 12.432086 11.079508 9.395967 8.203890 7.420069 6.769637 7.003015 7.026454 7.321276 7.868421 7.924230 7.879509 7.597901 7.679747 7.407233 6.987107 6.804533 6.437837 6.297550 5.545168 4.756883 4.573475 4.617885 4.703820 4.858974 4.817312 4.972696 5.218914 5.421291 5.402977 5.394201 5.402900 5.372010 5.285507 4.979454 4.787865 4.415793 4.498075 4.383076 4.315427 4.276021 4.314834 4.438275 4.302611 4.313058 4.374010 4.464561 4.496036 4.507295 4.394361 4.450364 4.534767 4.423146 4.171043 3.929569 3.590087 3.276338 2.986334 2.757557 2.123856 0.161074 -0.493678 -0.500000 -0.500000 -0.391526 1.439023 2.616105 2.143441 1.625162 1.496004 1.437820 1.379119 1.322763 1.334131 1.328050 1.358147 1.326277 1.232714 1.157953 1.165235 1.094772 1.445677 1.508025 1.136149 0.940956 1.065805 1.123701 1.165992 1.251248 1.326115 1.312594 1.257084 1.214538 1.385951 2.442245 1.832668 1.520809 1.435905 1.449811 1.459894 1.515002 1.617815 1.916893 2.157197 2.572976 2.477559 2.841125 2.913511 2.865147 2.855354 2.962189 3.096179 3.110295 3.249500 3.203685 3.243480 3.208165 3.073853 3.241305 3.266794 3.273618 3.267905 3.204740 3.309360 3.317323 3.322176 3.070937 3.323421 3.217871 2.919532 3.387760 3.579422 2.959499 3.666021 4.224506 4.514417 4.587920 4.666368 4.695699 4.803042 4.727922 4.699017 4.712636 4.673699 4.985636 5.454169 5.415154 5.299760 5.254270 5.181648 5.357155 5.515208 5.342901 5.176095 5.281960 5.694123 5.835681 6.098434 6.434142 6.671350 6.791821 7.321433 7.812614 7.816699 7.786142 7.660569 0.000000 0.000000 0.000000 0.000000 0.000000 0.000000 0.000000 0.000000 0.000000 0.000000 0.000000 0.000000 0.000000 0.000000 0.000000 0.000000 0.000000 0.000000 0.000000 0.000000 0.000000 0.000000 0.000000 0.000000 0.000000 0.000000 0.000000 0.000000 
0.000000 0.000000 0.000000 0.000000 0.000000 0.000000 0.000000 0.000000 0.000000 0.000000 0.000000 0.000000 0.000000 0.000000 0.000000 0.000000 0.000000 0.000000 0.000000 0.000000 0.000000 0.000000 0.000000 0.000000 0.000000 0.000000 0.000000 0.000000 0.000000 0.000000 0.000000 0.000000 0.000000 0.000000 0.000000 0.000000 0.000000 0.000000 7.170354 7.198768 7.261698 7.921830 9.739763 11.651005 11.738291 10.798579 9.407416 8.338075 7.821840 7.494521 7.263746 7.020182 7.326805 7.174376 7.717055 8.071950 8.317053 8.289482 8.402655 8.305488 8.055656 8.001123 8.057618 7.846954 6.002333 5.239172 4.643239 4.733007 4.833587 4.942627 5.052174 5.172425 5.303305 5.474714 5.461362 5.450143 5.451496 5.392681 5.241732 4.900980 4.921017 4.902843 4.756343 4.469943 4.428679 4.319481 4.481047 4.505209 4.334221 4.321308 4.337312 4.347744 4.344499 4.371540 4.429368 4.581803 4.574510 4.415686 4.269045 4.016351 3.499241 3.266316 3.006845 2.118894 1.334524 1.348725 -0.145513 -0.499729 -0.500000 -0.500000 -0.415691 1.243213 2.460674 1.835785 1.660660 1.533758 1.452688 1.392457 1.352226 1.398117 1.414904 1.394518 1.345529 1.284174 1.228195 1.228022 1.425057 1.544552 1.155012 1.049661 1.052917 1.145517 1.212206 1.296536 1.369349 1.371435 1.256463 1.264855 1.270310 2.469093 1.914530 1.490714 1.493060 1.499689 1.462199 1.500056 1.601688 1.597917 2.278395 2.515027 2.719794 2.783813 2.864252 2.832409 2.890818 2.955277 3.314505 3.386466 3.324407 3.266716 3.207062 3.160750 3.158673 3.077384 3.181845 3.228040 3.236169 3.139922 3.124200 3.217388 3.506808 3.395729 3.334596 3.851536 3.608544 3.123178 3.516897 3.343317 3.764669 4.372984 4.675301 4.685403 4.615662 4.715191 4.850305 4.745612 4.730779 4.637898 4.824390 4.995448 5.252110 5.533266 5.568153 5.651750 5.403598 5.253386 5.291408 5.238574 5.488555 6.004848 6.070080 6.192801 6.376618 6.731263 7.170261 7.543223 7.785799 7.683434 7.489755 7.362533 7.535125 7.800358 0.000000 0.000000 0.000000 0.000000 0.000000 0.000000 0.000000 0.000000 0.000000 0.000000 0.000000 0.000000 0.000000 0.000000 0.000000 0.000000 0.000000 0.000000 0.000000 0.000000 0.000000 0.000000 0.000000 0.000000 0.000000 0.000000 0.000000 
0.000000 0.000000 0.000000 0.000000 0.000000 0.000000 0.000000 0.000000 0.000000 0.000000 0.000000 0.000000 0.000000 0.000000 0.000000 0.000000 0.000000 0.000000 0.000000 0.000000 0.000000 0.000000 0.000000 0.000000 0.000000 0.000000 0.000000 0.000000 0.000000 0.000000 0.000000 0.000000 0.000000 0.000000 0.000000 0.000000 0.000000 0.000000 0.000000 6.987343 7.107921 7.221710 7.345179 8.372279 8.852775 8.108217 7.493485 7.087234 6.752592 7.009399 7.601023 7.598307 7.396243 7.231977 6.913378 7.003746 6.937925 6.724827 6.949921 7.325484 7.359463 7.987975 7.815279 7.754971 6.417882 5.810551 5.009397 4.841420 4.984446 5.089952 5.149293 5.291757 5.281663 5.436724 5.472695 5.447856 5.365112 5.277041 5.248763 4.963545 4.980160 4.994862 4.851347 4.556876 4.617115 4.532805 4.582176 4.601147 4.544716 4.543097 4.512832 4.520096 4.486907 4.334664 4.483542 4.687974 4.615913 4.454001 4.290311 4.001854 3.541181 2.845649 1.621443 1.222085 1.121201 1.231340 0.929178 -0.447797 -0.500000 -0.500000 -0.500000 -0.180242 1.822608 2.434683 1.814016 1.652710 1.530925 1.429852 1.375010 1.452341 1.458475 1.472297 1.440492 1.405704 1.345293 1.306862 1.276518 1.433056 1.214053 1.163731 1.146154 1.154666 1.158192 1.332247 1.393976 1.304844 1.303920 1.351590 1.361371 2.280288 1.766373 1.459817 1.466154 1.468516 1.493448 1.520937 1.616888 1.601625 2.333074 2.829862 2.979133 3.069971 3.102396 3.071360 3.074234 3.132864 3.346332 3.427862 3.414031 3.463109 3.452435 3.367325 3.280162 3.107331 3.201640 3.205524 3.276345 3.119871 3.195997 3.297402 3.953007 4.275876 3.715625 4.052837 3.965436 3.734552 3.249182 3.077078 3.587620 4.356780 4.500275 4.510635 4.650035 4.764108 4.669965 4.613128 4.638466 4.770265 4.865118 4.925770 5.109148 5.212940 5.807044 5.876496 5.789171 5.561690 5.391096 5.374961 5.900445 6.328853 6.608858 6.599529 7.027381 7.322046 7.593136 7.847001 7.840111 7.500935 7.150544 7.156372 7.327739 7.825154 0.000000 0.000000 0.000000 0.000000 0.000000 0.000000 0.000000 0.000000 0.000000 0.000000 0.000000 0.000000 0.000000 0.000000 0.000000 0.000000 0.000000 0.000000 0.000000 0.000000 0.000000 0.000000 0.000000 0.000000 0.000000 0.000000 0.000000 
0.000000 0.000000 0.000000 0.000000 0.000000 0.000000 0.000000 0.000000 0.000000 0.000000 0.000000 0.000000 0.000000 0.000000 0.000000 0.000000 0.000000 0.000000 0.000000 0.000000 0.000000 0.000000 0.000000 0.000000 0.000000 0.000000 0.000000 0.000000 0.000000 0.000000 0.000000 0.000000 0.000000 0.000000 0.000000 0.000000 0.000000 0.000000 0.000000 0.000000 7.056755 7.092558 7.169981 7.375979 7.280142 7.152380 6.897629 6.707594 6.609468 6.874421 7.665977 7.766710 7.382455 7.353611 6.903087 6.980731 6.859495 6.475180 6.550642 7.414247 7.113909 7.187766 7.609463 7.250159 7.106724 6.075497 5.486608 5.083016 5.167977 5.228085 5.286374 5.212404 5.123968 5.403529 5.453165 5.459349 5.526861 5.606549 5.557859 5.294732 5.048035 4.973097 4.859528 4.714491 4.601046 4.643869 4.592298 4.614778 4.657613 4.611500 4.604843 4.618351 4.606160 4.583967 4.810172 4.735733 4.701976 4.588210 4.297222 3.958154 2.940080 1.631331 1.286552 1.032590 0.932562 1.146590 1.256063 0.200504 -0.490041 -0.500000 -0.500000 -0.498401 0.204911 2.306979 2.610257 1.893023 1.606505 1.479342 1.454142 1.539575 1.573286 1.532732 1.586831 1.534406 1.449622 1.437822 1.310513 1.210162 1.215003 1.229452 1.227120 1.258172 1.257963 1.388017 1.343480 1.320515 1.320917 1.404625 1.527552 2.678913 1.754777 1.486549 1.458120 1.473522 1.472785 1.495174 1.572097 1.581364 1.938249 2.827438 2.992809 3.213117 3.324358 3.294331 3.198940 3.296976 3.392642 3.450370 3.544381 3.592914 3.512663 3.418715 3.334023 3.173831 3.091015 3.081144 3.203369 3.207763 3.387954 3.423926 4.156982 4.755135 4.224415 4.407976 3.992734 4.072068 3.868230 3.235275 3.055835 4.038092 4.290378 4.330264 4.491476 4.526247 4.562480 4.602405 4.659281 4.557658 4.690979 4.720997 4.819133 4.795765 5.619627 6.061049 6.046294 5.967341 5.822536 5.574678 5.813315 6.400379 6.763680 7.080907 7.337063 7.644812 7.793241 7.876152 7.763372 7.541063 7.151975 7.074106 7.336091 7.948231 0.000000 0.000000 0.000000 0.000000 0.000000 0.000000 0.000000 0.000000 0.000000 0.000000 0.000000 0.000000 0.000000 0.000000 0.000000 0.000000 0.000000 0.000000 0.000000 0.000000 0.000000 0.000000 0.000000 0.000000 0.000000 0.000000 0.000000 
0.000000 0.000000 0.000000 0.000000 0.000000 0.000000 0.000000 0.000000 0.000000 0.000000 0.000000 0.000000 0.000000 0.000000 0.000000 0.000000 0.000000 0.000000 0.000000 0.000000 0.000000 0.000000 0.000000 0.000000 0.000000 0.000000 0.000000 0.000000 0.000000 0.000000 0.000000 0.000000 0.000000 0.000000 0.000000 0.000000 0.000000 0.000000 0.000000 0.000000 0.000000 7.286815 7.278918 7.063192 7.253375 7.109860 6.889266 6.833679 6.692971 7.002563 7.618886 7.914671 7.220914 7.489151 6.862075 6.732171 6.375618 6.104979 6.426349 6.593576 6.657412 6.798808 6.787773 7.006316 6.834006 6.270079 5.971162 5.444011 5.364951 5.408247 5.409157 5.454890 5.390826 5.576311 5.740623 5.884150 6.204145 6.488061 6.629939 6.706045 6.406728 6.228032 5.751675 5.412647 5.095394 4.990655 4.951841 4.871403 4.811024 4.777795 4.713801 4.702301 4.656961 4.594986 4.648902 4.803563 4.873488 4.737762 4.450170 3.797405 2.593440 1.574252 1.285439 1.088905 1.022686 1.066925 1.155995 1.071422 -0.057613 -0.497961 -0.500000 -0.500000 -0.499169 0.326738 2.368391 2.349716 1.741781 1.584143 1.546098 1.587050 1.612940 1.577753 1.626156 1.560982 1.473275 1.459963 1.369396 1.222603 1.308212 1.321391 1.300252 1.309273 1.345312 1.390128 1.340269 1.353696 1.395442 1.436526 1.798143 2.914748 1.665146 1.458668 1.454636 1.480139 1.476249 1.515381 1.588577 1.606463 1.647364 2.370275 2.347623 2.946821 2.926605 3.104912 3.159456 3.229494 3.316885 3.495728 3.623687 3.582118 3.608998 3.526185 3.347853 3.244048 3.063298 3.017357 3.110307 3.420714 3.577763 3.687820 4.211584 5.444207 5.015289 4.141556 4.625016 4.086395 3.470830 2.939772 2.879135 3.270781 3.930301 4.125397 4.431117 4.399070 4.473098 4.627986 4.455463 4.524202 4.669733 4.630838 5.024605 4.829316 5.078787 5.748338 6.117514 6.164942 6.152412 6.042337 5.896960 6.189816 6.719617 7.079777 7.393539 7.531455 7.731035 7.918783 7.902503 7.670209 7.253199 7.123927 7.754364 8.152294 0.000000 0.000000 0.000000 0.000000 0.000000 0.000000 0.000000 0.000000 0.000000 0.000000 0.000000 0.000000 0.000000 0.000000 0.000000 0.000000 0.000000 0.000000 0.000000 0.000000 0.000000 0.000000 0.000000 0.000000 0.000000 0.000000 0.000000 
0.000000 0.000000 0.000000 0.000000 0.000000 0.000000 0.000000 0.000000 0.000000 0.000000 0.000000 0.000000 0.000000 0.000000 0.000000 0.000000 0.000000 0.000000 0.000000 0.000000 0.000000 0.000000 0.000000 0.000000 0.000000 0.000000 0.000000 0.000000 0.000000 0.000000 0.000000 0.000000 0.000000 0.000000 0.000000 0.000000 0.000000 0.000000 0.000000 0.000000 0.000000 0.000000 7.399673 7.398413 7.578779 7.984536 7.339202 7.046739 7.290713 7.534976 7.698149 7.756496 7.209963 7.731847 6.647562 6.799373 6.599137 6.918703 6.741931 6.868587 6.832600 6.963038 7.117810 7.210439 7.051268 6.805835 6.313765 5.820136 5.706174 5.701407 5.534827 5.618816 5.771509 6.355528 7.239890 7.358377 7.538222 7.580415 7.593814 7.442708 7.290379 7.024310 6.873569 6.627438 6.296076 5.981498 5.777633 5.311045 5.162398 5.071263 4.973140 4.887402 4.827443 4.718444 4.725144 4.847157 5.008182 4.822242 4.492278 3.685153 2.475810 1.552975 1.314318 1.152533 1.056173 0.943711 1.076030 1.161213 1.059281 -0.170968 -0.499973 -0.500000 -0.500000 -0.494442 0.514940 2.021446 2.484414 1.792396 1.645924 1.579701 1.650859 1.628045 1.625676 1.560644 1.483313 1.429963 1.368802 1.265092 1.263578 1.298298 1.311964 1.298497 1.265308 1.304335 1.307256 1.308881 1.364900 1.491182 1.986091 2.864803 1.696493 1.519670 1.583782 1.653455 1.538991 1.603386 1.684594 1.725176 1.916098 2.137962 2.196613 2.041720 2.602692 2.993399 3.333048 3.217867 3.281387 3.238437 3.274235 3.875165 4.215386 4.115786 3.619395 3.378614 3.179138 3.148245 3.244560 3.514622 3.769214 4.082325 4.487486 4.820774 5.200401 3.935532 4.251106 3.958098 3.614733 3.551986 3.019565 3.481362 3.547106 4.263046 4.437221 4.364350 4.349805 4.647828 4.591269 4.646395 4.550807 4.417666 5.103028 5.114473 5.161074 5.410914 6.116978 6.393811 6.499670 6.511528 6.386285 6.323209 6.501569 6.998539 7.299335 7.525056 7.668837 7.792614 7.938711 7.914023 7.514335 7.162110 7.823431 8.092249 8.098307 0.000000 0.000000 0.000000 0.000000 0.000000 0.000000 0.000000 0.000000 0.000000 0.000000 0.000000 0.000000 0.000000 0.000000 0.000000 0.000000 0.000000 0.000000 0.000000 0.000000 0.000000 0.000000 0.000000 0.000000 0.000000 0.000000 
0.000000 0.000000 0.000000 0.000000 0.000000 0.000000 0.000000 0.000000 0.000000 0.000000 0.000000 0.000000 0.000000 0.000000 0.000000 0.000000 0.000000 0.000000 0.000000 0.000000 0.000000 0.000000 0.000000 0.000000 0.000000 0.000000 0.000000 0.000000 0.000000 0.000000 0.000000 0.000000 0.000000 0.000000 0.000000 0.000000 0.000000 0.000000 0.000000 0.000000 0.000000 0.000000 7.510593 7.317701 7.385290 7.724334 8.038067 7.915668 8.253091 8.326428 8.230368 7.988348 6.893281 7.505136 7.347446 6.893393 6.961345 6.932769 6.798525 6.868733 7.150646 7.341688 7.219509 7.259746 7.358933 6.994129 6.457560 6.152735 6.154230 5.996445 6.087760 6.326975 6.474739 7.074430 7.626106 7.598828 7.471303 7.568585 7.845189 7.430494 7.237889 7.730361 7.782805 7.686668 7.115032 6.776016 7.002337 6.378965 6.669334 6.324574 5.693001 5.275746 5.151117 5.040023 4.975068 5.022580 5.100194 4.872717 4.537390 3.914990 2.261052 1.682092 1.370166 1.166098 0.947714 0.911086 0.956588 1.056180 1.063794 0.749008 -0.497509 -0.500000 -0.500000 -0.500000 -0.483304 0.573695 2.363771 2.496302 1.773231 1.612634 1.614284 1.587148 1.539712 1.492194 1.401550 1.302636 1.242915 1.190417 1.248645 1.182375 1.208678 1.109257 1.113032 1.180473 1.252339 1.275855 1.269096 1.302693 2.105190 2.460015 1.683681 1.493863 1.709224 2.185020 2.033984 2.348315 2.747150 2.538254 2.972672 2.606572 2.458619 2.124190 2.360067 2.704541 3.260623 3.370375 3.345475 3.227919 3.038074 3.705383 4.554174 4.390423 4.087821 3.456528 3.221804 3.264434 3.426634 3.756700 3.981333 4.220329 4.607555 4.782789 5.110187 4.396463 4.079917 3.956722 3.951752 4.144340 3.550558 3.871804 3.969543 4.300279 4.359572 4.343809 4.630576 4.865713 4.667751 4.682734 4.562977 4.755822 4.982333 5.222727 5.477586 5.767792 5.906957 6.372872 6.710571 6.829274 6.875099 6.845078 6.704342 6.814516 7.102671 7.403974 7.583639 7.614140 7.731592 7.745645 7.351568 7.148806 7.733670 7.973335 7.993289 0.000000 0.000000 0.000000 0.000000 0.000000 0.000000 0.000000 0.000000 0.000000 0.000000 0.000000 0.000000 0.000000 0.000000 0.000000 0.000000 0.000000 0.000000 0.000000 0.000000 0.000000 0.000000 0.000000 0.000000 0.000000 0.000000 
0.000000 0.000000 0.000000 0.000000 0.000000 0.000000 0.000000 0.000000 0.000000 0.000000 0.000000 0.000000 0.000000 0.000000 0.000000 0.000000 0.000000 0.000000 0.000000 0.000000 0.000000 0.000000 0.000000 0.000000 0.000000 0.000000 0.000000 0.000000 0.000000 0.000000 0.000000 0.000000 0.000000 0.000000 0.000000 0.000000 0.000000 0.000000 0.000000 0.000000 0.000000 0.000000 0.000000 4.562945 4.959797 6.919564 7.385579 8.098107 7.959792 8.286054 8.416797 7.860063 6.927593 6.976765 7.579813 7.187904 7.152710 6.932498 6.969613 7.122468 7.330626 7.402120 7.336856 7.158280 6.947530 6.644055 6.545496 6.489683 6.495412 6.552068 6.593352 6.686901 6.751312 7.183887 7.858032 7.488125 7.937999 8.043309 8.030307 7.885541 7.954558 8.270900 8.646709 8.622739 8.716413 7.903476 7.500084 7.525230 7.800010 7.783620 6.475168 6.246991 6.062556 5.629446 5.480151 5.408722 5.213761 4.959841 4.593058 3.277996 1.942705 1.742307 1.496008 1.352512 1.079833 0.971123 0.911685 0.683287 0.621792 1.150092 -0.448995 -0.500000 -0.500000 -0.500000 -0.500000 -0.486896 0.894677 2.531803 2.357635 1.642782 1.543237 1.470126 1.434923 1.371838 1.268784 1.176409 1.094770 1.040452 1.168710 1.190591 1.160303 1.078874 1.053591 1.111874 1.143293 1.194425 1.269753 1.208600 1.895450 1.885190 1.680109 1.504047 1.555650 2.172087 2.193703 2.617996 3.042546 2.997516 2.956936 2.816184 2.410310 2.079748 2.391424 2.675946 3.162510 3.267566 3.347649 3.242570 3.148149 3.476529 4.444798 4.619370 4.088742 3.416406 3.264780 3.316699 3.610586 3.796040 4.043555 4.318678 4.469424 4.705503 4.961910 4.706261 4.535752 4.384714 4.279657 4.683562 5.327402 4.714002 5.014657 4.990421 4.439144 4.380531 4.627303 4.779770 4.682323 4.599504 4.780262 4.975430 5.149908 5.248302 5.662639 6.223760 6.337969 7.182076 7.181728 7.090669 7.252211 7.430695 7.234954 7.031063 6.969226 7.031170 7.221710 7.372593 7.479418 7.590274 7.448400 7.233490 7.496286 7.595681 7.624107 0.000000 0.000000 0.000000 0.000000 0.000000 0.000000 0.000000 0.000000 0.000000 0.000000 0.000000 0.000000 0.000000 0.000000 0.000000 0.000000 0.000000 0.000000 0.000000 0.000000 0.000000 0.000000 0.000000 0.000000 0.000000 0.000000 
0.000000 0.000000 0.000000 0.000000 0.000000 0.000000 0.000000 0.000000 0.000000 0.000000 0.000000 0.000000 0.000000 0.000000 0.000000 0.000000 0.000000 0.000000 0.000000 0.000000 0.000000 0.000000 0.000000 0.000000 0.000000 0.000000 0.000000 0.000000 0.000000 0.000000 0.000000 0.000000 0.000000 0.000000 0.000000 0.000000 0.000000 0.000000 0.000000 0.000000 0.000000 0.000000 0.000000 0.000000 4.092968 5.640292 7.434577 7.573207 7.708181 8.301373 8.155538 7.086593 7.129944 6.958958 7.319164 7.482893 7.204292 7.180753 7.350681 7.479207 7.148674 6.946804 6.884278 6.837408 6.743897 6.570880 6.628098 6.664440 6.674741 6.850700 6.911802 7.056701 7.270088 7.654494 8.196920 8.278811 8.636144 8.937690 8.922422 8.846977 8.985963 9.282304 9.628871 9.655187 9.743629 9.086936 8.637557 8.667133 8.913004 8.672349 7.328953 6.664597 6.360618 6.310878 6.435206 5.734527 5.239000 4.944067 4.303267 2.530122 1.724124 1.507283 1.438307 1.329865 1.162654 1.011055 0.892219 0.766352 0.819598 0.901107 0.791615 -0.438296 -0.500000 -0.500000 -0.500000 -0.500000 -0.428699 1.545602 2.512718 1.991313 1.607262 1.531019 1.390649 1.385247 1.278646 1.197046 1.111117 0.985303 1.142315 1.146916 1.109746 1.186313 1.205080 1.244638 1.211196 1.310413 1.301150 1.397218 2.312479 2.530381 1.694687 1.523752 1.569513 1.816618 2.164545 2.648104 2.895120 3.026609 2.954599 2.628209 2.606449 2.480618 2.661971 3.048648 3.080212 3.317054 3.354737 3.265042 3.016389 3.274627 3.608250 3.844673 3.751176 3.331031 3.368258 3.708435 3.723674 3.897215 4.162767 4.500422 4.625846 4.662720 4.742109 4.765475 4.824194 4.775252 4.644717 4.401642 4.389273 4.611740 4.624247 4.770332 5.076541 4.653492 4.798263 4.627077 4.642138 4.537949 4.736651 5.090091 5.269399 5.361655 6.099791 6.835019 7.292274 8.020258 8.063083 7.535609 7.437200 7.705328 7.615914 7.500611 7.341920 7.168029 7.129171 7.163239 7.214414 7.235511 7.277854 7.327727 7.408235 7.499799 7.593910 0.000000 0.000000 0.000000 0.000000 0.000000 0.000000 0.000000 0.000000 0.000000 0.000000 0.000000 0.000000 0.000000 0.000000 0.000000 0.000000 0.000000 0.000000 0.000000 0.000000 0.000000 0.000000 0.000000 0.000000 0.000000 0.000000 
0.000000 0.000000 0.000000 0.000000 0.000000 0.000000 0.000000 0.000000 0.000000 0.000000 0.000000 0.000000 0.000000 0.000000 0.000000 0.000000 0.000000 0.000000 0.000000 0.000000 0.000000 0.000000 0.000000 0.000000 0.000000 0.000000 0.000000 0.000000 0.000000 0.000000 0.000000 0.000000 0.000000 0.000000 0.000000 0.000000 0.000000 0.000000 0.000000 0.000000 0.000000 0.000000 0.000000 0.000000 0.000000 5.264102 6.645046 6.322736 6.382911 7.406227 8.633524 8.931006 7.902833 7.161607 7.393293 8.080759 7.676705 7.933973 8.200678 7.291203 7.171729 7.113725 7.075206 7.015630 6.988097 7.071431 7.050071 7.018956 7.101458 7.364816 7.419828 7.723402 8.027272 8.374490 8.703726 8.933599 9.146993 9.529472 9.526087 9.692526 9.910472 10.121984 10.251304 10.107371 10.013914 9.835181 9.771509 9.736084 9.809625 9.387427 8.019210 7.400165 6.944083 6.829860 6.723620 6.025121 5.534333 5.036816 3.386786 2.138569 1.745465 1.635761 1.401104 1.212440 1.099904 1.047890 0.927603 0.818890 1.110810 1.224426 0.844088 0.625720 -0.481916 -0.500000 -0.500000 -0.500000 -0.500000 -0.353571 2.366594 2.583508 2.031756 1.623579 1.460111 1.426903 1.344787 1.319216 1.221710 1.158175 1.231947 1.218919 1.207760 1.202674 1.236466 1.311896 1.320207 1.341570 1.358817 1.396172 2.483831 2.438814 1.646533 1.478457 1.489519 1.542888 2.433777 2.942551 2.968353 2.976735 2.882891 2.861027 2.818342 2.949202 2.782838 2.624625 2.638951 2.832701 2.951821 2.898170 2.795038 2.812509 3.232255 3.375883 3.365847 3.297563 3.513408 4.035379 4.567725 4.923264 4.522412 4.473660 4.600849 4.681292 4.836245 4.808697 4.936709 4.982460 4.956617 4.907246 4.664296 4.509354 4.482970 4.613556 4.803650 4.762751 4.762818 4.850915 4.897989 4.892231 5.106088 5.240629 5.869513 6.263764 7.017428 7.336051 7.903905 8.600883 8.427223 7.727479 7.559629 7.669864 7.666419 7.692924 7.710005 7.554393 7.564298 7.697349 7.745185 7.598272 7.453121 7.250735 7.637269 7.823217 7.991252 0.000000 0.000000 0.000000 0.000000 0.000000 0.000000 0.000000 0.000000 0.000000 0.000000 0.000000 0.000000 0.000000 0.000000 0.000000 0.000000 0.000000 0.000000 0.000000 0.000000 0.000000 0.000000 0.000000 0.000000 0.000000 0.000000 
0.000000 0.000000 0.000000 0.000000 0.000000 0.000000 0.000000 0.000000 0.000000 0.000000 0.000000 0.000000 0.000000 0.000000 0.000000 0.000000 0.000000 0.000000 0.000000 0.000000 0.000000 0.000000 0.000000 0.000000 0.000000 0.000000 0.000000 0.000000 0.000000 0.000000 0.000000 0.000000 0.000000 0.000000 0.000000 0.000000 0.000000 0.000000 0.000000 0.000000 0.000000 0.000000 0.000000 0.000000 0.000000 0.000000 6.912457 6.435958 7.078265 7.767046 8.433492 9.079597 9.355690 8.436470 8.042769 9.155739 8.728934 8.370054 7.843546 7.768174 7.834696 7.878500 7.896516 7.893727 7.846801 7.932331 7.899811 7.833980 7.955503 7.928841 8.086045 8.447611 8.827453 9.056992 9.251367 9.440899 9.642918 9.842640 9.860934 10.115951 10.329772 10.548183 10.648515 10.604562 10.519725 10.413934 10.177284 9.655616 9.615334 9.421952 9.045186 8.535822 8.107015 7.678443 7.418948 7.003100 5.955599 5.064349 2.520268 1.913697 1.756936 1.670123 1.536869 1.336305 1.119651 0.982295 0.850426 0.775249 0.853572 1.045720 0.911478 1.108953 0.426516 -0.499280 -0.500000 -0.500000 -0.500000 -0.499764 0.337035 2.221419 2.989312 1.974576 1.620713 1.454183 1.380514 1.370560 1.296343 1.136045 1.114568 1.176455 1.264180 1.249906 1.272003 1.321532 1.374865 1.372412 1.326601 1.422478 2.569698 2.391641 1.574592 1.498836 1.700149 1.903685 2.543243 3.011950 2.892529 3.070376 3.055266 2.869557 3.208626 3.159619 2.910671 2.799057 3.269782 3.067585 3.008876 3.283921 2.864584 2.790943 3.140514 3.406575 3.448748 3.445092 3.543499 3.742365 3.987540 4.962643 5.264939 4.431957 4.530404 4.699300 4.855084 4.936421 5.081808 5.233363 5.255875 5.251695 5.244837 4.956557 4.730422 4.739644 4.791023 4.810199 4.844043 5.716874 5.945878 5.424231 5.488474 5.528678 6.465102 7.076061 7.692551 7.476169 7.374605 8.159825 7.899557 7.535351 7.491603 7.719700 7.913525 7.896121 7.924266 7.873402 7.947920 8.225616 8.207742 7.991546 7.652717 7.423935 8.033817 8.240834 8.573531 8.882525 0.000000 0.000000 0.000000 0.000000 0.000000 0.000000 0.000000 0.000000 0.000000 0.000000 0.000000 0.000000 0.000000 0.000000 0.000000 0.000000 0.000000 0.000000 0.000000 0.000000 0.000000 0.000000 0.000000 0.000000 0.000000 
0.000000 0.000000 0.000000 0.000000 0.000000 0.000000 0.000000 0.000000 0.000000 0.000000 0.000000 0.000000 0.000000 0.000000 0.000000 0.000000 0.000000 0.000000 0.000000 0.000000 0.000000 0.000000 0.000000 0.000000 0.000000 0.000000 0.000000 0.000000 0.000000 0.000000 0.000000 0.000000 0.000000 0.000000 0.000000 0.000000 0.000000 0.000000 0.000000 0.000000 0.000000 0.000000 0.000000 0.000000 0.000000 0.000000 0.000000 8.018022 8.318685 8.732983 9.063045 9.476250 9.768795 9.915985 9.632464 9.336937 9.094858 8.730438 8.592730 8.529656 8.482686 8.587828 8.599817 8.558197 8.488589 8.502322 8.508273 8.665040 8.725875 8.560744 8.695627 9.169952 9.631095 9.956432 10.111067 10.129997 10.095497 10.089223 10.122115 10.237827 10.375155 10.503818 10.613986 10.722368 10.517215 10.394755 10.285889 10.034719 9.921187 9.868261 9.799859 9.654978 9.511682 8.754389 8.755285 8.284605 6.416363 4.387742 2.098098 1.740978 1.588186 1.577208 1.441568 1.318720 1.093034 0.893975 0.783458 0.761375 1.064440 0.820583 0.932691 1.053621 1.281421 -0.098973 -0.499956 -0.498423 -0.499757 -0.500000 -0.499125 0.117357 2.480709 2.953847 1.777993 1.587680 1.466005 1.481093 1.272096 1.145530 1.155962 1.230868 1.315886 1.333949 1.351366 1.385287 1.416193 1.395056 1.399543 1.514488 2.677892 2.191595 1.624576 1.744363 2.159826 2.445863 2.614217 2.773150 2.709340 2.930566 3.148117 3.113499 3.185241 3.341558 3.106564 3.195910 3.680520 3.256397 3.155080 3.446118 3.086337 2.663332 3.046068 3.479193 3.553021 3.481679 3.483205 3.767189 3.918067 4.047335 4.681343 4.469553 4.562568 4.675482 4.962253 5.098468 5.286317 5.507805 5.587224 5.581772 5.558446 5.497726 5.187454 4.920211 4.978000 4.892885 5.663014 6.045829 6.424222 6.438941 6.388288 6.187392 7.052058 7.600922 8.061330 8.552577 7.644300 7.612135 7.660893 7.734743 7.734960 7.797814 7.967129 8.119104 8.231874 8.261813 8.340445 8.550275 8.459583 8.217670 7.759112 7.771221 8.235467 8.574028 9.089150 9.198733 0.000000 0.000000 0.000000 0.000000 0.000000 0.000000 0.000000 0.000000 0.000000 0.000000 0.000000 0.000000 0.000000 0.000000 0.000000 0.000000 0.000000 0.000000 0.000000 0.000000 0.000000 0.000000 0.000000 0.000000 0.000000 
0.000000 0.000000 0.000000 0.000000 0.000000 0.000000 0.000000 0.000000 0.000000 0.000000 0.000000 0.000000 0.000000 0.000000 0.000000 0.000000 0.000000 0.000000 0.000000 0.000000 0.000000 0.000000 0.000000 0.000000 0.000000 0.000000 0.000000 0.000000 0.000000 0.000000 0.000000 0.000000 0.000000 0.000000 0.000000 0.000000 0.000000 0.000000 0.000000 0.000000 0.000000 0.000000 0.000000 0.000000 0.000000 0.000000 0.000000 0.000000 8.827134 9.293304 9.594755 9.832705 9.925944 9.746460 9.806513 9.580983 9.341386 9.050104 8.942111 8.852570 8.811491 8.838337 8.802040 8.907854 8.895244 8.898606 8.903366 9.036866 9.094460 9.075122 9.273411 9.602438 9.869094 10.100422 10.236316 10.213030 10.231062 10.264032 10.305597 10.266267 10.286841 10.377529 10.378798 10.366561 10.327667 10.277552 10.246866 10.165472 10.170875 10.186408 10.182346 10.157243 9.834795 9.652282 9.676248 8.815257 6.457704 4.063761 2.055788 1.788275 1.686808 1.646657 1.401072 1.247859 1.064452 0.906842 0.812174 0.890887 1.149239 0.844466 0.953750 0.984975 1.262102 1.243221 -0.024579 0.078731 -0.211006 -0.485708 -0.500000 -0.489364 0.960302 2.766230 2.170542 1.653165 1.519980 1.393722 1.339932 1.242696 1.221097 1.238495 1.320218 1.362014 1.367069 1.370742 1.412855 1.436894 1.446667 1.518236 2.571834 2.015603 1.629708 1.507328 1.644126 2.038987 2.696208 2.678538 2.619447 2.837679 3.145414 3.155934 3.375315 3.207315 2.838566 3.111614 3.360966 3.310764 3.112159 3.192430 2.756505 2.461953 3.075427 3.421193 3.590773 3.555830 3.547926 3.775276 3.903929 4.027469 4.188601 4.387845 4.478605 4.648176 5.235821 5.233255 5.462951 5.682126 5.814505 5.903541 5.833680 5.788935 5.721381 5.459305 5.226727 5.018555 5.589600 6.353467 6.768365 7.066079 6.978353 7.153235 7.658205 7.889596 8.540316 8.935760 8.577861 7.904994 7.831771 7.960542 8.027157 8.123298 8.196972 8.316583 8.542274 8.776954 8.840969 8.784983 8.434993 8.027642 7.927866 8.008471 8.534170 8.845980 9.654624 9.492514 0.000000 0.000000 0.000000 0.000000 0.000000 0.000000 0.000000 0.000000 0.000000 0.000000 0.000000 0.000000 0.000000 0.000000 0.000000 0.000000 0.000000 0.000000 0.000000 0.000000 0.000000 0.000000 0.000000 0.000000 0.000000 
0.000000 0.000000 0.000000 0.000000 0.000000 0.000000 0.000000 0.000000 0.000000 0.000000 0.000000 0.000000 0.000000 0.000000 0.000000 0.000000 0.000000 0.000000 0.000000 0.000000 0.000000 0.000000 0.000000 0.000000 0.000000 0.000000 0.000000 0.000000 0.000000 0.000000 0.000000 0.000000 0.000000 0.000000 0.000000 0.000000 0.000000 0.000000 0.000000 0.000000 0.000000 0.000000 0.000000 0.000000 0.000000 0.000000 0.000000 0.000000 0.000000 9.856060 10.098668 9.990730 9.866162 9.851272 10.196000 10.007971 9.979825 9.848051 9.495440 9.059520 9.099355 9.187225 9.187815 9.211657 9.226060 9.201031 9.182915 9.202332 9.238992 9.336966 9.514759 9.738329 9.936922 10.085541 10.150484 10.147854 10.187678 10.289512 10.238658 10.215559 10.322927 10.401367 10.361912 10.363796 10.338372 10.302725 10.276767 10.177794 10.176721 10.098256 10.007942 10.203274 10.062786 10.167520 10.248599 9.628898 5.991728 3.602074 1.961505 1.717961 1.693194 1.593292 1.440190 1.300644 1.052946 0.919194 0.839336 1.254595 1.083970 0.988135 1.035820 1.009074 1.123894 1.265605 1.350137 1.547623 0.767202 -0.171351 -0.498180 -0.500000 -0.303745 1.696208 2.615896 1.802947 1.535060 1.451352 1.397529 1.322354 1.295647 1.311591 1.347963 1.381506 1.348093 1.369197 1.420089 1.456981 1.443970 1.503640 2.704874 2.244747 1.616140 1.599757 1.771031 2.010476 2.610964 2.860909 2.816553 2.965207 2.924532 3.121607 3.271052 3.127059 3.417275 3.324800 2.908386 3.203936 3.157418 3.151630 2.323580 2.487419 3.112973 3.421037 3.655321 3.702947 3.706478 3.726581 3.983481 4.014220 4.134644 4.270536 4.493726 4.691576 5.116034 5.138132 5.362571 5.699116 5.892067 6.003141 5.999965 6.044573 5.989196 5.876683 5.702102 5.574409 6.000486 6.529408 7.308573 7.555685 7.222015 7.667192 7.926850 8.232824 8.509275 8.672956 9.020709 8.275020 8.041955 8.168810 8.270175 8.377394 8.447261 8.433794 8.597521 8.965415 9.174952 9.019782 8.626051 8.253210 8.082675 8.476911 8.899989 9.362214 10.006718 9.778440 0.000000 0.000000 0.000000 0.000000 0.000000 0.000000 0.000000 0.000000 0.000000 0.000000 0.000000 0.000000 0.000000 0.000000 0.000000 0.000000 0.000000 0.000000 0.000000 0.000000 0.000000 0.000000 0.000000 0.000000 0.000000 
0.000000 0.000000 0.000000 0.000000 0.000000 0.000000 0.000000 0.000000 0.000000 0.000000 0.000000 0.000000 0.000000 0.000000 0.000000 0.000000 0.000000 0.000000 0.000000 0.000000 0.000000 0.000000 0.000000 0.000000 0.000000 0.000000 0.000000 0.000000 0.000000 0.000000 0.000000 0.000000 0.000000 0.000000 0.000000 0.000000 0.000000 0.000000 0.000000 0.000000 0.000000 0.000000 0.000000 0.000000 0.000000 0.000000 0.000000 0.000000 0.000000 0.000000 10.174154 9.911473 9.834857 9.980238 10.368073 10.284384 10.280966 10.037189 9.792676 9.429730 9.408761 9.333066 9.293481 9.310786 9.319280 9.268847 9.224054 9.168228 9.211864 9.294314 9.412760 9.666885 9.859227 9.937326 9.928963 9.848507 10.137298 10.247672 10.129115 10.192420 10.255170 10.411507 10.393654 10.389977 10.381167 10.390708 10.278094 10.089661 10.054382 9.989561 9.950275 10.035886 10.134369 10.079814 9.863779 9.564379 6.324137 3.223958 1.998432 1.676986 1.645042 1.460299 1.341667 1.286948 1.075829 0.908187 0.835079 0.939765 0.850340 1.153763 1.082929 1.180679 1.137447 1.147228 1.333849 1.401064 1.025789 0.285042 -0.427327 -0.500000 -0.498884 0.507228 2.477303 2.410334 1.581830 1.526046 1.439293 1.406459 1.369384 1.404189 1.405293 1.438700 1.423199 1.437867 1.464553 1.484687 1.492910 1.483462 2.930317 2.508362 1.906913 2.213918 2.440664 2.212241 2.598129 2.864811 2.857822 2.939224 2.989870 2.976856 3.129440 3.183439 3.466814 3.316970 3.519894 3.471184 3.348659 2.762545 2.672564 2.664391 2.810874 3.492331 3.709172 3.649000 3.622063 3.639928 3.984015 4.014216 4.112702 4.242560 4.750430 4.660154 4.889685 5.174755 5.474109 5.747515 5.826365 5.887379 6.004126 6.089592 6.083646 6.074756 5.901070 6.301769 6.436707 7.077305 7.472701 7.432379 7.509079 7.964973 8.207767 8.246383 8.551958 8.848524 9.006033 8.479238 8.269766 8.389939 8.518652 8.549964 8.581965 8.700073 8.734915 8.815164 9.278178 9.373544 9.159664 8.793056 8.784767 9.046582 9.208174 10.064575 10.200525 9.979011 9.577660 0.000000 0.000000 0.000000 0.000000 0.000000 0.000000 0.000000 0.000000 0.000000 0.000000 0.000000 0.000000 0.000000 0.000000 0.000000 0.000000 0.000000 0.000000 0.000000 0.000000 0.000000 0.000000 0.000000 0.000000 
0.000000 0.000000 0.000000 0.000000 0.000000 0.000000 0.000000 0.000000 0.000000 0.000000 0.000000 0.000000 0.000000 0.000000 0.000000 0.000000 0.000000 0.000000 0.000000 0.000000 0.000000 0.000000 0.000000 0.000000 0.000000 0.000000 0.000000 0.000000 0.000000 0.000000 0.000000 0.000000 0.000000 0.000000 0.000000 0.000000 0.000000 0.000000 0.000000 0.000000 0.000000 0.000000 0.000000 0.000000 0.000000 0.000000 0.000000 0.000000 0.000000 0.000000 0.000000 9.862177 9.839416 9.888711 10.110382 10.324743 10.398515 10.109634 9.843914 9.611753 9.598507 9.390367 9.345467 9.302517 9.275618 9.217206 9.160882 9.142518 9.154940 9.149840 9.309207 9.611228 9.798689 9.713988 9.612775 9.619168 9.712263 9.734114 9.670576 10.073213 10.095384 10.201658 10.271475 10.304724 10.269983 10.283110 10.195633 9.932057 9.917565 10.008817 9.985517 9.967978 10.153578 9.978529 9.289396 8.443495 5.406260 3.208521 1.990419 1.709100 1.655073 1.478842 1.314782 1.263460 1.061787 0.938857 1.130995 1.038238 0.965224 1.118990 1.103174 1.192527 1.209045 1.133896 1.279649 1.326621 1.266352 0.674377 -0.269857 -0.499960 -0.500000 -0.380248 0.919488 1.623434 1.691443 1.626163 1.483522 1.418817 1.400760 1.432444 1.474026 1.488377 1.405342 1.425175 1.462558 1.495862 1.503176 1.440478 2.712945 2.294565 2.208023 2.541399 2.295673 2.335368 2.663684 2.823637 2.868209 3.040239 3.101896 3.073458 3.124936 3.517914 3.127469 3.200284 3.472140 3.476936 3.326412 3.221584 3.090070 3.101234 2.596946 3.474549 3.553894 3.567430 3.559648 3.639351 3.831135 4.096205 4.173242 4.259285 4.400760 4.348927 4.601369 5.234190 5.653197 5.943943 5.895307 5.805404 5.946141 6.009906 6.111674 6.095402 6.150925 6.715851 6.885869 7.138887 7.476558 7.317866 8.018991 7.950264 8.238157 8.274201 8.719111 9.198204 9.070494 9.342239 8.518422 8.596751 8.623638 8.751622 8.821637 8.873522 8.972521 8.954897 9.159381 9.566243 9.516647 9.264616 9.333958 9.522120 9.698658 10.542379 10.403059 10.231918 9.673383 0.000000 0.000000 0.000000 0.000000 0.000000 0.000000 0.000000 0.000000 0.000000 0.000000 0.000000 0.000000 0.000000 0.000000 0.000000 0.000000 0.000000 0.000000 0.000000 0.000000 0.000000 0.000000 0.000000 0.000000 
0.000000 0.000000 0.000000 0.000000 0.000000 0.000000 0.000000 0.000000 0.000000 0.000000 0.000000 0.000000 0.000000 0.000000 0.000000 0.000000 0.000000 0.000000 0.000000 0.000000 0.000000 0.000000 0.000000 0.000000 0.000000 0.000000 0.000000 0.000000 0.000000 0.000000 0.000000 0.000000 0.000000 0.000000 0.000000 0.000000 0.000000 0.000000 0.000000 0.000000 0.000000 0.000000 0.000000 0.000000 0.000000 0.000000 0.000000 0.000000 0.000000 0.000000 0.000000 0.000000 9.841252 9.853576 9.950940 10.203413 10.222271 10.024438 9.890527 9.692469 9.637027 9.389140 9.376950 9.329138 9.274677 9.241571 9.165879 9.158553 9.079648 9.038072 9.253151 9.529689 9.598351 9.544001 9.493731 9.765464 9.892808 10.286347 10.099671 9.899819 9.994530 10.184828 10.170526 10.173012 10.176531 10.165174 10.060874 9.864285 9.913251 10.021032 9.935114 9.981939 10.104224 9.925121 9.162393 8.028672 5.206901 3.117383 2.008206 1.720176 1.659941 1.472276 1.365311 1.306472 1.135211 0.902260 1.138603 0.846823 1.033991 1.042090 1.150296 1.168944 1.188001 1.148101 1.198278 1.292008 1.393419 0.944309 0.119188 -0.473586 -0.500000 -0.499956 0.003825 1.191052 1.959412 1.620310 1.529394 1.515337 1.458593 1.451108 1.396405 1.381375 1.314158 1.402530 1.491321 1.551862 1.459990 1.428939 2.134572 2.221966 2.358621 2.382959 2.008010 2.074660 2.604807 2.882247 3.008535 2.793682 3.033883 2.784935 2.601742 3.097518 3.289578 3.355413 3.382879 3.364535 3.667288 3.848574 3.634176 3.324156 2.745235 3.419738 3.716599 3.748062 3.683846 3.708370 3.851773 4.182405 4.151707 4.272744 4.345026 4.284355 4.356572 4.739076 5.664752 6.228960 6.146748 6.315011 6.003738 6.045928 6.140723 6.273740 6.541673 6.927678 6.998688 7.081358 7.433531 8.133313 7.950275 7.937045 8.453422 8.352533 8.772807 8.977213 9.163329 9.027219 9.145442 8.673503 8.804274 8.869683 9.024981 9.140136 9.107374 9.205484 9.491834 9.754651 9.448137 9.703045 9.848464 9.718703 10.383156 10.892808 10.621366 10.365584 9.877363 0.000000 0.000000 0.000000 0.000000 0.000000 0.000000 0.000000 0.000000 0.000000 0.000000 0.000000 0.000000 0.000000 0.000000 0.000000 0.000000 0.000000 0.000000 0.000000 0.000000 0.000000 0.000000 0.000000 0.000000 
0.000000 0.000000 0.000000 0.000000 0.000000 0.000000 0.000000 0.000000 0.000000 0.000000 0.000000 0.000000 0.000000 0.000000 0.000000 0.000000 0.000000 0.000000 0.000000 0.000000 0.000000 0.000000 0.000000 0.000000 0.000000 0.000000 0.000000 0.000000 0.000000 0.000000 0.000000 0.000000 0.000000 0.000000 0.000000 0.000000 0.000000 0.000000 0.000000 0.000000 0.000000 0.000000 0.000000 0.000000 0.000000 0.000000 0.000000 0.000000 0.000000 0.000000 0.000000 0.000000 0.000000 9.838546 9.988553 10.200401 10.184497 10.156517 9.986578 9.770300 9.641398 9.427571 9.352603 9.342564 9.311464 9.257781 9.172563 9.141803 8.992966 9.127210 9.226135 9.399928 9.396189 9.386512 9.321136 9.525909 9.615439 9.703532 9.730093 9.771180 9.849893 9.884723 9.823651 9.868944 9.930399 9.972782 9.883796 9.809178 9.823133 9.847328 9.888288 10.020524 10.040589 9.950637 9.629859 8.347859 5.471596 2.848353 2.011180 1.590855 1.558702 1.427867 1.337626 1.304147 1.156944 1.111368 1.040080 0.840784 1.103513 1.013950 1.227962 1.232268 1.174453 1.205263 1.223852 1.255207 1.374054 1.269586 0.611377 -0.156094 -0.500000 -0.500000 -0.434614 1.110769 2.544462 1.616336 1.505528 1.447836 1.409545 1.427263 1.416700 1.414818 1.387563 1.369318 1.495017 1.551102 1.441429 1.417094 1.821614 2.616302 2.028392 2.535395 2.589269 2.266607 2.819729 2.740310 2.879868 2.988420 2.644904 2.510401 2.951303 3.458831 3.298262 3.397014 3.352904 3.551978 3.640763 3.428791 3.478999 3.142111 2.889426 3.688137 3.741627 3.789534 3.842664 3.911556 3.952841 4.190382 4.244337 4.505766 4.471593 4.386470 4.309039 4.538561 5.213629 5.949415 6.381429 6.435085 6.571729 6.301373 6.187759 6.473780 7.018065 6.956504 7.303607 7.296146 7.774864 8.175618 8.334058 7.968478 8.702815 8.682863 8.983520 9.093481 9.448689 9.273579 9.336239 9.209849 8.943005 9.076182 9.160543 9.253740 9.275842 9.277819 9.470466 10.197420 9.488976 9.966445 10.259949 10.410063 11.295182 11.131052 10.856818 10.639452 10.193782 0.000000 0.000000 0.000000 0.000000 0.000000 0.000000 0.000000 0.000000 0.000000 0.000000 0.000000 0.000000 0.000000 0.000000 0.000000 0.000000 0.000000 0.000000 0.000000 0.000000 0.000000 0.000000 0.000000 0.000000 
0.000000 0.000000 0.000000 0.000000 0.000000 0.000000 0.000000 0.000000 0.000000 0.000000 0.000000 0.000000 0.000000 0.000000 0.000000 0.000000 0.000000 0.000000 0.000000 0.000000 0.000000 0.000000 0.000000 0.000000 0.000000 0.000000 0.000000 0.000000 0.000000 0.000000 0.000000 0.000000 0.000000 0.000000 0.000000 0.000000 0.000000 0.000000 0.000000 0.000000 0.000000 0.000000 0.000000 0.000000 0.000000 0.000000 0.000000 0.000000 0.000000 0.000000 0.000000 0.000000 0.000000 9.985519 10.110463 10.146877 10.128386 10.114119 9.934481 9.699376 9.564168 9.387643 9.396287 9.323262 9.283316 9.239388 9.205816 9.163187 9.128507 9.576042 9.669167 9.363327 9.250580 9.171129 9.218972 9.377707 9.540908 9.720708 9.700384 9.718312 9.759059 9.767195 9.748346 9.808734 9.892172 9.965333 9.837044 9.744063 9.776444 9.813838 9.899601 9.943130 9.980235 9.919416 9.957798 8.911946 5.986000 2.877854 1.939866 1.613025 1.563317 1.396443 1.316621 1.222994 1.280967 1.366694 0.946881 0.990178 1.009828 1.035594 1.218603 1.301594 1.272337 1.299791 1.313568 1.230354 1.308561 1.394646 1.295376 0.893860 -0.479977 -0.500000 -0.499453 0.656407 2.507699 1.727323 1.516307 1.461855 1.427922 1.372753 1.424913 1.430350 1.430801 1.472706 1.558433 1.571201 1.458548 1.458155 1.647733 2.393616 1.804097 2.259439 2.486736 2.378777 2.436869 2.905737 2.590596 2.569902 2.326323 2.544606 3.125151 3.627006 3.451610 3.476363 3.017398 3.303790 2.877559 2.991172 2.807077 3.160508 3.526729 4.019532 4.110112 4.005427 4.037131 3.992109 3.963085 4.092699 4.392027 4.549505 4.627800 4.519398 4.487873 4.604102 5.038487 5.504162 6.352146 6.681551 6.895856 6.998947 6.697458 7.133159 7.122840 7.483137 7.318289 7.592836 7.652091 8.084441 8.327295 8.278152 8.728206 8.844487 9.044235 9.187712 9.488399 9.700585 9.553117 9.544108 9.225988 9.176171 9.251481 9.353381 9.392605 9.435661 9.926083 9.645914 9.593783 9.807437 10.060097 10.965335 11.482537 11.186507 11.007027 10.732483 10.462381 0.000000 0.000000 0.000000 0.000000 0.000000 0.000000 0.000000 0.000000 0.000000 0.000000 0.000000 0.000000 0.000000 0.000000 0.000000 0.000000 0.000000 0.000000 0.000000 0.000000 0.000000 0.000000 0.000000 0.000000 
0.000000 0.000000 0.000000 0.000000 0.000000 0.000000 0.000000 0.000000 0.000000 0.000000 0.000000 0.000000 0.000000 0.000000 0.000000 0.000000 0.000000 0.000000 0.000000 0.000000 0.000000 0.000000 0.000000 0.000000 0.000000 0.000000 0.000000 0.000000 0.000000 0.000000 0.000000 0.000000 0.000000 0.000000 0.000000 0.000000 0.000000 0.000000 0.000000 0.000000 0.000000 0.000000 0.000000 0.000000 0.000000 0.000000 0.000000 0.000000 0.000000 0.000000 0.000000 0.000000 0.000000 0.000000 10.168940 10.081019 10.022243 10.003971 9.886320 9.626726 9.507927 9.355033 9.400280 9.264116 9.224515 9.283227 9.206063 9.185246 9.212550 9.620797 9.671097 9.742055 9.600622 9.137060 9.224303 9.410953 9.631798 9.792630 9.658216 9.823431 9.804429 9.789433 9.818078 9.941698 9.933521 9.944250 9.770110 9.728201 9.883880 9.880310 9.910339 9.902881 9.966223 9.896060 9.986568 9.581488 7.212459 3.895762 1.843975 1.687065 1.631155 1.470971 1.354159 1.202163 1.450998 1.344784 0.875164 1.102585 1.004094 1.085276 1.172674 1.208827 1.228596 1.210938 1.343626 1.238984 1.184107 1.203548 1.295952 1.210990 -0.329426 -0.500000 -0.500000 0.284084 2.357969 1.855979 1.583073 1.502684 1.457630 1.400889 1.402489 1.435444 1.486118 1.497364 1.584145 1.582160 1.459125 1.514297 1.611981 2.840866 1.832245 1.820584 2.364433 2.476949 2.476673 2.777782 2.852164 2.610011 2.363709 2.706191 3.011976 3.258522 2.803504 3.108262 2.739612 3.209719 3.771257 3.965259 3.454565 3.833185 4.307693 4.328326 4.212043 4.048163 4.053592 4.022079 4.032266 4.288608 4.458556 4.589358 4.795105 4.832567 4.693703 4.704707 5.005193 5.498385 5.833772 6.360170 6.913186 6.910348 7.129812 7.365821 7.468947 7.241316 7.517520 7.948469 8.027458 8.299562 8.266157 8.364595 8.623613 8.549246 8.870451 9.200897 9.404569 9.669220 9.487736 9.241059 9.325747 9.354778 9.384944 9.451597 9.559529 9.615531 9.716046 9.667711 9.742867 9.851925 9.955514 10.276670 11.146547 11.380391 11.249043 10.973445 10.874318 10.640960 0.000000 0.000000 0.000000 0.000000 0.000000 0.000000 0.000000 0.000000 0.000000 0.000000 0.000000 0.000000 0.000000 0.000000 0.000000 0.000000 0.000000 0.000000 0.000000 0.000000 0.000000 0.000000 0.000000 
0.000000 0.000000 0.000000 0.000000 0.000000 0.000000 0.000000 0.000000 0.000000 0.000000 0.000000 0.000000 0.000000 0.000000 0.000000 0.000000 0.000000 0.000000 0.000000 0.000000 0.000000 0.000000 0.000000 0.000000 0.000000 0.000000 0.000000 0.000000 0.000000 0.000000 0.000000 0.000000 0.000000 0.000000 0.000000 0.000000 0.000000 0.000000 0.000000 0.000000 0.000000 0.000000 0.000000 0.000000 0.000000 0.000000 0.000000 0.000000 0.000000 0.000000 0.000000 0.000000 0.000000 0.000000 0.000000 10.087993 9.992509 9.948209 9.795157 9.572829 9.451688 9.319998 9.346994 9.279834 9.307289 9.240722 9.300890 9.260094 9.279900 9.283477 9.267439 9.406302 9.369713 9.152995 9.216228 9.379909 9.602990 9.711512 9.589603 9.818748 9.733502 9.696733 9.725070 9.783114 9.717144 9.772706 9.657581 9.649665 9.841432 9.833854 9.839208 9.862923 9.878770 9.876330 9.904288 9.877640 8.212213 4.495851 1.872254 1.705258 1.616269 1.481339 1.388143 1.200655 1.320549 1.371324 1.291990 1.201756 1.093867 1.244764 1.233832 1.143712 1.124955 1.143382 1.313239 1.253368 1.162104 1.058395 1.153646 0.933633 -0.376321 -0.500000 -0.500000 -0.215216 1.635239 2.298889 1.620166 1.567274 1.484064 1.384524 1.397332 1.437782 1.454005 1.514701 1.565208 1.549748 1.501493 1.530154 1.530069 2.447473 2.390729 2.107758 2.172055 2.150595 2.176088 2.365325 2.709555 2.804800 2.615555 2.668377 3.056766 3.084547 3.444355 3.385887 3.492120 3.721815 3.982718 3.586249 3.527513 4.146337 4.446362 4.395552 4.214437 4.148703 4.147755 4.089374 4.174519 4.233043 4.418568 4.688190 4.857703 4.910226 4.849420 4.743941 4.936615 5.480655 6.068420 6.349261 6.685983 7.124632 7.252388 7.226611 7.356338 7.444932 7.952703 8.188661 8.228372 8.494046 8.426409 8.384706 8.990397 8.805470 8.965172 9.460005 9.938799 9.615744 9.233449 9.447533 9.553616 9.458882 9.530046 9.490326 9.682940 9.734962 9.805727 9.870053 9.850284 10.083298 10.109556 10.285761 10.332935 11.320510 11.466980 11.258742 11.235621 11.113485 0.000000 0.000000 0.000000 0.000000 0.000000 0.000000 0.000000 0.000000 0.000000 0.000000 0.000000 0.000000 0.000000 0.000000 0.000000 0.000000 0.000000 0.000000 0.000000 0.000000 0.000000 0.000000 0.000000 
0.000000 0.000000 0.000000 0.000000 0.000000 0.000000 0.000000 0.000000 0.000000 0.000000 0.000000 0.000000 0.000000 0.000000 0.000000 0.000000 0.000000 0.000000 0.000000 0.000000 0.000000 0.000000 0.000000 0.000000 0.000000 0.000000 0.000000 0.000000 0.000000 0.000000 0.000000 0.000000 0.000000 0.000000 0.000000 0.000000 0.000000 0.000000 0.000000 0.000000 0.000000 0.000000 0.000000 0.000000 0.000000 0.000000 0.000000 0.000000 0.000000 0.000000 0.000000 0.000000 0.000000 0.000000 0.000000 0.000000 9.951678 9.871852 9.808180 9.540859 9.421612 9.236927 9.279533 9.300559 9.386508 9.239687 9.292028 9.313087 9.352952 9.329768 9.318992 9.364342 9.320504 9.257502 9.283555 9.367938 9.445488 9.482095 9.386780 9.459894 9.383205 9.324779 9.321293 9.348033 9.351941 9.386390 9.392641 9.423770 9.515097 9.601835 9.698425 9.784390 9.910291 9.963869 9.967695 9.941493 8.638347 4.163545 1.889745 1.766094 1.609483 1.468021 1.379863 1.349904 1.537816 1.181955 1.375190 1.183696 1.210060 1.297549 1.250326 1.261717 1.238266 1.276076 1.286674 1.249470 1.087867 1.110836 1.169704 1.372010 0.043907 -0.499973 -0.500000 -0.400610 1.463120 2.488449 1.613386 1.594810 1.523669 1.431759 1.403357 1.387896 1.420618 1.474024 1.487251 1.524991 1.494012 1.457216 1.469233 2.103371 2.667017 2.284554 2.195426 2.218029 2.234055 2.435924 2.789666 2.920452 2.977786 3.300698 3.266974 3.502886 3.410181 3.233804 3.682499 3.461450 3.643115 3.521440 3.817400 4.486279 4.612472 4.529588 4.436759 4.265877 4.200249 4.133473 4.091449 4.153497 4.311664 4.604049 4.726264 4.871175 4.991485 4.641549 4.856294 5.581298 6.105188 6.398958 6.700144 6.771279 7.222756 7.346588 7.405430 7.748317 8.090849 8.212071 8.591929 8.482212 8.419443 8.704251 9.328474 9.251328 9.404355 9.768167 10.170198 9.985191 9.409864 9.493824 9.659653 9.631810 9.599113 9.730671 9.782579 9.829217 9.915916 9.901006 10.045300 10.147343 10.336283 10.444572 10.611111 10.576957 11.352697 11.478794 11.547277 11.568341 0.000000 0.000000 0.000000 0.000000 0.000000 0.000000 0.000000 0.000000 0.000000 0.000000 0.000000 0.000000 0.000000 0.000000 0.000000 0.000000 0.000000 0.000000 0.000000 0.000000 0.000000 0.000000 0.000000 
0.000000 0.000000 0.000000 0.000000 0.000000 0.000000 0.000000 0.000000 0.000000 0.000000 0.000000 0.000000 0.000000 0.000000 0.000000 0.000000 0.000000 0.000000 0.000000 0.000000 0.000000 0.000000 0.000000 0.000000 0.000000 0.000000 0.000000 0.000000 0.000000 0.000000 0.000000 0.000000 0.000000 0.000000 0.000000 0.000000 0.000000 0.000000 0.000000 0.000000 0.000000 0.000000 0.000000 0.000000 0.000000 0.000000 0.000000 0.000000 0.000000 0.000000 0.000000 0.000000 0.000000 0.000000 0.000000 0.000000 0.000000 9.663997 9.623753 9.476894 9.440083 9.372744 9.319742 9.335862 9.358837 9.372087 9.385272 9.413002 9.417750 9.420922 9.384407 9.372028 9.389756 9.388076 9.378469 9.427547 9.369451 9.334213 9.297381 9.271634 9.260457 9.228686 9.274591 9.304001 9.342384 9.400777 9.456444 9.539125 9.589983 9.609784 9.691002 9.860676 9.938798 10.027029 9.911239 9.785663 7.272151 2.996936 1.770086 1.769478 1.681824 1.530899 1.300886 1.399152 1.411180 1.228870 1.382591 1.307622 1.285066 1.218769 1.202935 1.229330 1.325299 1.587081 1.370248 1.246691 1.065341 1.040766 1.107881 1.361008 0.295664 -0.498702 -0.500000 -0.478054 1.415783 2.587964 1.654919 1.617726 1.535069 1.438714 1.422635 1.427296 1.418107 1.490498 1.518013 1.561022 1.535382 1.489500 1.457110 1.646726 2.402334 2.420771 2.239215 2.403490 2.454495 2.715843 3.030246 2.924057 3.485542 3.038723 3.278988 3.645419 3.800673 3.275614 3.236966 3.267944 2.730882 3.613628 4.230633 4.687725 4.772047 4.624822 4.463560 4.400762 4.219598 4.118499 4.015954 4.084851 4.236341 4.498399 4.726794 4.834023 4.679619 4.462262 4.709159 5.547229 6.184636 6.441383 6.664879 6.960039 6.935701 7.145382 7.649650 7.868137 8.414170 8.487096 8.980164 8.779385 8.600163 8.861475 9.230465 9.642452 9.451452 9.647944 9.738093 10.337588 10.123073 9.725028 9.658795 9.773190 9.796970 9.861187 10.137291 10.154538 9.984653 10.065611 10.163009 10.294841 10.492515 10.628302 10.540046 10.624528 10.749084 11.511954 11.717578 11.882977 0.000000 0.000000 0.000000 0.000000 0.000000 0.000000 0.000000 0.000000 0.000000 0.000000 0.000000 0.000000 0.000000 0.000000 0.000000 0.000000 0.000000 0.000000 0.000000 0.000000 0.000000 0.000000 0.000000 
0.000000 0.000000 0.000000 0.000000 0.000000 0.000000 0.000000 0.000000 0.000000 0.000000 0.000000 0.000000 0.000000 0.000000 0.000000 0.000000 0.000000 0.000000 0.000000 0.000000 0.000000 0.000000 0.000000 0.000000 0.000000 0.000000 0.000000 0.000000 0.000000 0.000000 0.000000 0.000000 0.000000 0.000000 0.000000 0.000000 0.000000 0.000000 0.000000 0.000000 0.000000 0.000000 0.000000 0.000000 0.000000 0.000000 0.000000 0.000000 0.000000 0.000000 0.000000 0.000000 0.000000 0.000000 0.000000 0.000000 0.000000 0.000000 9.539598 9.448018 9.376436 9.367864 9.374156 9.252517 9.264749 9.397593 9.552966 9.648612 9.730473 9.645186 9.454231 9.467228 9.434095 9.419781 9.508484 9.585473 9.673118 9.726815 9.681386 9.773478 9.799971 9.849364 9.783854 9.764067 9.736371 9.673846 9.718705 9.829702 9.845812 9.722457 9.659926 9.861933 9.902057 9.943997 9.738634 8.373438 4.452206 1.924828 1.719611 1.742888 1.629987 1.504925 1.290689 1.414263 1.152826 1.372866 1.349468 1.398265 1.418294 1.371922 1.237097 1.221497 1.297261 1.424066 1.356963 1.186693 1.191081 1.111127 1.140418 1.330881 0.621022 -0.495348 -0.500000 -0.499460 0.885566 2.793014 1.697357 1.618605 1.566254 1.493370 1.425095 1.412836 1.411398 1.455351 1.511579 1.554714 1.516091 1.507176 1.518858 1.520217 1.981841 2.651045 2.323938 2.370079 2.607223 2.603118 2.816153 3.329347 2.977180 3.157529 3.343916 3.203578 3.274310 3.196052 2.956536 2.846120 2.569141 3.085865 3.797299 4.463633 4.684396 4.544445 4.348844 4.203318 4.209970 4.219653 3.945828 4.034456 4.292848 4.496220 4.751339 4.699948 4.353907 4.264274 4.821394 5.584834 6.215269 6.614153 6.732025 6.981318 6.982297 7.001912 7.396618 8.427207 8.961057 8.884408 8.929760 9.216958 9.011698 8.854558 9.122462 9.432701 9.594417 9.688465 9.846877 10.384786 10.317842 10.225050 10.267340 10.171290 9.826024 9.957467 10.621185 10.611303 10.128944 10.130820 10.209732 10.353596 10.502357 10.601239 10.686193 10.914621 10.927093 11.209591 11.866466 12.034348 12.130432 0.000000 0.000000 0.000000 0.000000 0.000000 0.000000 0.000000 0.000000 0.000000 0.000000 0.000000 0.000000 0.000000 0.000000 0.000000 0.000000 0.000000 0.000000 0.000000 0.000000 0.000000 0.000000 
0.000000 0.000000 0.000000 0.000000 0.000000 0.000000 0.000000 0.000000 0.000000 0.000000 0.000000 0.000000 0.000000 0.000000 0.000000 0.000000 0.000000 0.000000 0.000000 0.000000 0.000000 0.000000 0.000000 0.000000 0.000000 0.000000 0.000000 0.000000 0.000000 0.000000 0.000000 0.000000 0.000000 0.000000 0.000000 0.000000 0.000000 0.000000 0.000000 0.000000 0.000000 0.000000 0.000000 0.000000 0.000000 0.000000 0.000000 0.000000 0.000000 0.000000 0.000000 0.000000 0.000000 0.000000 0.000000 0.000000 0.000000 0.000000 9.556808 9.485926 9.423981 9.420453 9.460473 9.323425 9.295801 9.480478 9.814990 10.047863 10.073629 10.022430 9.831480 9.695381 9.600386 9.583904 9.669752 9.732984 9.890883 9.861057 9.857244 9.991724 9.977426 9.993542 9.939487 9.979444 9.929848 9.902061 9.960314 10.004276 9.915891 9.776117 9.836346 9.983669 9.915496 9.557374 8.293619 5.745867 2.438964 1.665205 1.769782 1.721616 1.551010 1.379839 1.356750 1.386453 1.147449 1.421172 1.346772 1.421106 1.389885 1.406169 1.293347 1.341174 1.377799 1.361850 1.275565 1.333297 1.415385 1.280489 1.183259 1.281958 0.454416 -0.496367 -0.500000 -0.500000 0.345150 2.761536 1.765840 1.594875 1.543472 1.538026 1.434292 1.382602 1.448763 1.456416 1.525925 1.612888 1.519643 1.509729 1.551979 1.525381 1.537882 2.485425 2.678316 2.035517 2.405579 2.626600 2.743892 3.315747 2.942284 2.987322 3.314453 3.129916 3.173476 2.497841 2.512649 2.662737 2.310044 2.640357 3.201148 3.970558 4.108358 4.137929 4.285588 4.175957 4.033475 3.895480 3.858114 4.075020 4.412192 4.551205 4.778663 4.874323 4.521298 4.353562 4.755934 5.549746 6.177887 6.606691 6.928692 7.004016 7.128808 7.142556 7.283718 7.667375 8.188043 8.718328 8.663174 9.073602 8.893753 9.189288 9.355947 9.516363 9.666608 9.667994 10.235579 10.390523 10.531595 10.626139 10.634568 10.254925 10.601121 10.181582 10.915280 11.551416 10.569369 10.206565 10.390737 10.470119 10.556565 10.773993 10.888889 10.890007 11.024459 11.224423 11.471313 11.940174 12.377765 0.000000 0.000000 0.000000 0.000000 0.000000 0.000000 0.000000 0.000000 0.000000 0.000000 0.000000 0.000000 0.000000 0.000000 0.000000 0.000000 0.000000 0.000000 0.000000 0.000000 0.000000 0.000000 
0.000000 0.000000 0.000000 0.000000 0.000000 0.000000 0.000000 0.000000 0.000000 0.000000 0.000000 0.000000 0.000000 0.000000 0.000000 0.000000 0.000000 0.000000 0.000000 0.000000 0.000000 0.000000 0.000000 0.000000 0.000000 0.000000 0.000000 0.000000 0.000000 0.000000 0.000000 0.000000 0.000000 0.000000 0.000000 0.000000 0.000000 0.000000 0.000000 0.000000 0.000000 0.000000 0.000000 0.000000 0.000000 0.000000 0.000000 0.000000 0.000000 0.000000 0.000000 0.000000 0.000000 0.000000 0.000000 0.000000 0.000000 0.000000 0.000000 9.613383 9.582156 9.540280 9.560191 9.532363 9.472160 9.654646 10.054543 10.240685 10.265831 10.321162 10.191564 10.077214 9.951714 9.866117 9.858924 9.953225 10.040927 10.012610 10.006915 10.114967 10.148051 10.225868 10.195924 10.197083 10.265564 10.220834 10.241224 10.119381 9.961693 9.961781 9.976271 9.980968 9.956852 8.609212 5.996076 4.040119 1.755317 1.698976 1.694065 1.576918 1.569317 1.580672 1.546867 1.199350 1.434136 1.422696 1.460257 1.459717 1.382018 1.323060 1.268597 1.308515 1.419059 1.391810 1.290037 1.419637 1.348635 1.210295 1.211177 1.351339 0.773471 -0.490066 -0.500000 -0.500000 0.079016 2.564241 1.910525 1.644744 1.568220 1.519373 1.426772 1.409830 1.443644 1.438778 1.496444 1.588809 1.530125 1.503073 1.549294 1.549127 1.519046 1.766564 2.623071 2.863034 2.505734 2.712232 2.851620 2.177196 2.171921 3.240572 3.656838 3.180512 3.282225 2.717797 2.365721 2.297901 2.135714 2.424789 2.941052 3.065584 3.575366 3.753634 4.090313 4.182540 3.983580 3.903934 4.085553 4.176538 4.313888 4.597109 4.786678 4.945630 4.619081 4.388057 4.633237 5.385404 6.100411 6.673869 6.906661 7.096390 7.224298 7.326399 7.532793 7.880114 8.002677 8.022218 8.415131 9.058651 9.051440 9.294442 9.508977 9.893600 9.964182 9.870823 10.193686 10.483118 10.646996 10.863710 10.223925 9.740373 11.268033 11.188087 10.992126 10.637059 10.194637 10.252410 10.355203 10.493808 10.616158 10.833664 10.896010 11.024362 11.156367 11.447830 12.378260 12.077212 12.705663 0.000000 0.000000 0.000000 0.000000 0.000000 0.000000 0.000000 0.000000 0.000000 0.000000 0.000000 0.000000 0.000000 0.000000 0.000000 0.000000 0.000000 0.000000 0.000000 0.000000 0.000000 0.000000 
0.000000 0.000000 0.000000 0.000000 0.000000 0.000000 0.000000 0.000000 0.000000 0.000000 0.000000 0.000000 0.000000 0.000000 0.000000 0.000000 0.000000 0.000000 0.000000 0.000000 0.000000 0.000000 0.000000 0.000000 0.000000 0.000000 0.000000 0.000000 0.000000 0.000000 0.000000 0.000000 0.000000 0.000000 0.000000 0.000000 0.000000 0.000000 0.000000 0.000000 0.000000 0.000000 0.000000 0.000000 0.000000 0.000000 0.000000 0.000000 0.000000 0.000000 0.000000 0.000000 0.000000 0.000000 0.000000 0.000000 0.000000 0.000000 0.000000 0.000000 9.650676 9.604308 9.619824 9.744388 9.778387 10.009409 10.209092 10.382924 10.474138 10.506737 10.551550 10.319234 10.231074 10.111663 10.054553 10.110085 10.117187 10.058783 10.153472 10.400040 10.524046 10.536045 10.499060 10.514527 10.526846 10.490045 10.364903 10.091821 10.003634 9.999435 10.087373 9.621880 9.844810 6.626340 4.087495 2.341177 1.651852 1.341098 1.168370 1.156249 1.115752 1.357345 1.052412 0.997429 1.478120 1.410064 1.575478 1.528766 1.478709 1.412723 1.334929 1.290383 1.416237 1.353319 1.371439 1.509609 1.392779 1.186934 1.194200 1.424721 0.881738 -0.486795 -0.500000 -0.500000 -0.007950 2.262689 1.845612 1.663815 1.575221 1.533752 1.459862 1.426419 1.468211 1.471779 1.502485 1.563673 1.541677 1.460119 1.496460 1.522692 1.503908 1.478432 2.533466 2.878434 2.677552 2.921004 2.714024 2.191700 2.138063 2.373283 3.248403 3.260049 3.284561 2.988433 2.510970 2.430132 2.488123 2.438668 2.631594 3.059561 3.069093 2.689184 3.303331 3.792243 4.020214 4.032918 4.158088 4.231554 4.429473 4.734554 4.903619 5.046265 4.673507 4.456628 4.699080 5.231373 5.981782 6.724799 6.888200 7.118458 7.454459 7.646060 7.614377 7.705403 7.914087 8.111581 8.075297 8.370963 8.771609 9.246628 9.504285 9.871850 10.272315 9.850292 10.178440 10.536448 10.665652 10.379846 9.602875 9.596836 10.225540 10.564228 10.027206 10.128162 10.248018 10.387246 10.402050 10.517818 10.787384 10.891976 10.928093 11.083893 11.379973 12.142183 12.972318 12.555807 12.292341 0.000000 0.000000 0.000000 0.000000 0.000000 0.000000 0.000000 0.000000 0.000000 0.000000 0.000000 0.000000 0.000000 0.000000 0.000000 0.000000 0.000000 0.000000 0.000000 0.000000 0.000000 0.000000 
0.000000 0.000000 0.000000 0.000000 0.000000 0.000000 0.000000 0.000000 0.000000 0.000000 0.000000 0.000000 0.000000 0.000000 0.000000 0.000000 0.000000 0.000000 0.000000 0.000000 0.000000 0.000000 0.000000 0.000000 0.000000 0.000000 0.000000 0.000000 0.000000 0.000000 0.000000 0.000000 0.000000 0.000000 0.000000 0.000000 0.000000 0.000000 0.000000 0.000000 0.000000 0.000000 0.000000 0.000000 0.000000 0.000000 0.000000 0.000000 0.000000 0.000000 0.000000 0.000000 0.000000 0.000000 0.000000 0.000000 0.000000 0.000000 0.000000 0.000000 0.000000 9.667393 9.676388 9.836556 10.033116 10.257309 10.403235 10.685809 10.806437 10.842519 10.754564 10.729778 10.574880 10.389778 10.291527 10.286331 10.126550 10.247155 10.372054 10.624651 10.599977 10.550228 10.513398 10.537135 10.570549 10.485003 10.303707 10.206699 10.267164 10.202236 10.234107 10.005892 7.624961 4.251606 2.756722 1.781832 1.628445 1.462951 1.366519 1.371180 1.361577 1.328073 1.300105 1.440367 1.475770 1.443556 1.545789 1.538539 1.522583 1.458876 1.418253 1.474401 1.432904 1.337378 1.370572 1.425779 1.411866 1.245531 1.224086 1.510073 0.659116 -0.493709 -0.500000 -0.500000 0.092083 2.535162 1.830727 1.597885 1.554593 1.516202 1.418689 1.439477 1.426969 1.434302 1.474037 1.526447 1.546441 1.408780 1.463929 1.496370 1.536478 1.502169 2.048001 2.807062 2.279210 2.591754 2.851014 2.957331 2.622854 2.440818 2.898760 3.389478 3.137736 2.813184 2.707580 2.640178 2.640762 2.529533 2.436306 2.552251 2.450257 2.500425 2.905454 3.398914 3.757375 3.921887 4.136158 4.181271 4.482851 4.880710 5.015125 5.057672 4.742847 4.534704 4.743907 5.076108 5.769166 6.574630 6.938861 7.234009 7.468004 7.513269 7.708698 7.660477 7.752825 7.928437 8.260421 8.379556 8.541964 9.163830 9.658076 9.864920 9.912282 10.218571 10.248198 10.341071 10.541270 9.827871 9.614470 9.617654 9.720234 9.884659 10.011581 10.158517 10.289666 10.442584 11.094058 11.386445 10.800465 10.971358 10.974277 11.110260 11.666104 12.857754 12.706840 12.383997 12.730347 0.000000 0.000000 0.000000 0.000000 0.000000 0.000000 0.000000 0.000000 0.000000 0.000000 0.000000 0.000000 0.000000 0.000000 0.000000 0.000000 0.000000 0.000000 0.000000 0.000000 0.000000 0.000000 
0.000000 0.000000 0.000000 0.000000 0.000000 0.000000 0.000000 0.000000 0.000000 0.000000 0.000000 0.000000 0.000000 0.000000 0.000000 0.000000 0.000000 0.000000 0.000000 0.000000 0.000000 0.000000 0.000000 0.000000 0.000000 0.000000 0.000000 0.000000 0.000000 0.000000 0.000000 0.000000 0.000000 0.000000 0.000000 0.000000 0.000000 0.000000 0.000000 0.000000 0.000000 0.000000 0.000000 0.000000 0.000000 0.000000 0.000000 0.000000 0.000000 0.000000 0.000000 0.000000 0.000000 0.000000 0.000000 0.000000 0.000000 0.000000 0.000000 0.000000 0.000000 0.000000 9.753278 9.881470 10.116057 10.470657 10.583717 10.801950 10.948631 11.055186 11.022097 10.978869 10.840053 10.557515 10.511739 10.487094 10.279238 10.410027 10.449180 10.600058 10.757517 10.654622 10.586055 10.602694 10.654657 10.512954 10.396425 10.364820 10.374019 10.347259 10.353743 9.779310 6.239467 3.230430 1.871466 1.616583 1.518780 1.444666 1.468436 1.406005 1.401800 1.537246 1.251935 1.577623 1.394139 1.521640 1.577421 1.612335 1.449256 1.481312 1.487927 1.529389 1.446799 1.456817 1.428217 1.412477 1.360743 1.343710 1.257458 1.513504 0.521710 -0.495944 -0.500000 -0.499996 0.397304 2.532305 1.706383 1.468394 1.494009 1.497929 1.465115 1.457362 1.426808 1.445720 1.518034 1.561635 1.512437 1.469245 1.480916 1.508162 1.567783 1.567344 1.851938 2.530347 2.236063 2.707756 2.826857 2.927790 2.593563 2.586641 3.453363 3.483170 3.077270 2.790984 2.533639 2.354035 2.601158 2.727595 2.288509 2.492505 2.398543 2.645428 2.766848 3.407395 3.375422 3.551149 4.026923 4.259803 4.583593 4.949683 5.035864 5.029321 4.722184 4.856352 4.700949 5.075845 5.803992 6.499885 6.866075 7.058416 7.338862 7.475148 7.739144 7.782554 7.811391 7.883033 8.608481 8.390823 8.403278 8.593536 9.190812 9.840211 10.007294 10.259873 10.409346 10.515963 10.379806 9.662635 9.664287 9.724751 9.732927 9.869950 10.012245 10.148286 10.306499 11.139342 12.007239 11.893778 11.062648 11.562366 11.591710 11.392105 12.560195 12.389469 12.135755 12.493261 12.588980 0.000000 0.000000 0.000000 0.000000 0.000000 0.000000 0.000000 0.000000 0.000000 0.000000 0.000000 0.000000 0.000000 0.000000 0.000000 0.000000 0.000000 0.000000 0.000000 0.000000 0.000000 0.000000 
0.000000 0.000000 0.000000 0.000000 0.000000 0.000000 0.000000 0.000000 0.000000 0.000000 0.000000 0.000000 0.000000 0.000000 0.000000 0.000000 0.000000 0.000000 0.000000 0.000000 0.000000 0.000000 0.000000 0.000000 0.000000 0.000000 0.000000 0.000000 0.000000 0.000000 0.000000 0.000000 0.000000 0.000000 0.000000 0.000000 0.000000 0.000000 0.000000 0.000000 0.000000 0.000000 0.000000 0.000000 0.000000 0.000000 0.000000 0.000000 0.000000 0.000000 0.000000 0.000000 0.000000 0.000000 0.000000 0.000000 0.000000 0.000000 0.000000 0.000000 0.000000 0.000000 0.000000 9.948629 10.310116 10.661347 10.739661 10.944441 11.076147 11.181842 11.213460 11.187739 11.072557 10.828337 10.744874 10.703803 10.520691 10.558153 10.597867 10.592177 10.513803 10.501281 10.464759 10.429988 10.452700 10.525041 10.434112 10.452577 10.455211 10.487105 10.331000 8.671381 4.234718 2.127383 1.736435 1.572287 1.449954 1.512573 1.424145 1.341852 1.387011 1.480214 1.248177 1.481181 1.445325 1.549927 1.598773 1.793462 1.678613 1.624795 1.558984 1.580346 1.474670 1.531224 1.568707 1.525248 1.425964 1.353002 1.358116 1.476372 0.754621 -0.488109 -0.500000 -0.498124 0.942478 2.714766 1.653906 1.468516 1.503679 1.502536 1.502517 1.438250 1.464159 1.450677 1.522779 1.577983 1.528788 1.557896 1.590500 1.581205 1.598566 1.580204 1.730680 2.906512 2.702027 2.753488 2.518954 2.422812 2.555141 2.527807 3.025692 3.289397 3.404147 2.764117 2.166303 2.263040 2.691866 2.703609 2.322552 2.621721 2.510671 2.645257 2.715208 3.224551 3.046104 3.239165 3.863011 4.500281 4.723522 4.850770 4.826493 4.826356 4.788039 4.874166 4.526271 5.129929 5.913334 6.359638 6.656425 6.915450 7.171554 7.423535 7.642031 7.774110 7.959701 7.986970 8.143017 8.281842 8.409834 8.594245 8.928374 9.562984 10.173046 10.363912 10.349922 10.475842 9.846819 9.531876 9.694139 9.781419 9.801768 9.890342 10.036363 10.148504 10.367929 10.945701 12.156732 12.163808 11.519582 12.013530 12.364944 12.068364 12.698206 12.399998 12.176304 12.487743 12.685186 0.000000 0.000000 0.000000 0.000000 0.000000 0.000000 0.000000 0.000000 0.000000 0.000000 0.000000 0.000000 0.000000 0.000000 0.000000 0.000000 0.000000 0.000000 0.000000 0.000000 0.000000 0.000000 
0.000000 0.000000 0.000000 0.000000 0.000000 0.000000 0.000000 0.000000 0.000000 0.000000 0.000000 0.000000 0.000000 0.000000 0.000000 0.000000 0.000000 0.000000 0.000000 0.000000 0.000000 0.000000 0.000000 0.000000 0.000000 0.000000 0.000000 0.000000 0.000000 0.000000 0.000000 0.000000 0.000000 0.000000 0.000000 0.000000 0.000000 0.000000 0.000000 0.000000 0.000000 0.000000 0.000000 0.000000 0.000000 0.000000 0.000000 0.000000 0.000000 0.000000 0.000000 0.000000 0.000000 0.000000 0.000000 0.000000 0.000000 0.000000 0.000000 0.000000 0.000000 0.000000 0.000000 10.142735 10.414032 10.694009 10.941420 11.169474 11.312524 11.263463 11.361705 11.368025 11.249082 11.100554 10.986580 10.857982 10.764506 10.698342 10.682881 10.604044 10.626508 10.556883 10.520735 10.477709 10.554615 10.632137 10.510633 10.459961 10.446893 10.476986 9.922771 6.897400 3.159414 1.898034 1.640991 1.475282 1.372758 1.374951 1.293801 1.210962 1.264042 1.099936 1.436451 1.414229 1.511356 1.505408 1.624931 1.880268 1.763948 1.676732 1.667095 1.592113 1.558134 1.506088 1.562061 1.532680 1.485707 1.383323 1.559497 1.534020 0.076463 -0.498782 -0.500000 -0.492702 1.329825 2.710867 1.589224 1.492891 1.520072 1.505312 1.529281 1.509405 1.470217 1.493730 1.601062 1.625457 1.593575 1.573304 1.567522 1.527107 1.646152 1.644357 2.179841 3.009576 2.969086 2.318301 2.157823 2.388634 2.721853 2.983269 3.194165 3.187574 3.043350 2.495155 2.239720 2.224385 2.556899 2.397666 2.690874 2.474345 2.407951 2.341260 2.453872 2.878934 3.129027 3.665915 4.216525 4.579023 4.582487 4.593869 4.548046 4.575875 4.735162 4.738102 4.663248 5.226455 5.855447 6.233142 6.585030 6.822563 7.031438 7.337635 7.567262 7.729057 7.839813 8.016474 8.322015 8.317015 8.513428 8.555007 8.702563 9.155074 9.773847 10.130040 10.221726 9.910776 9.460643 9.552181 9.622831 9.825649 9.862086 9.920963 10.097761 10.307013 10.517077 10.527269 11.801804 12.696460 12.084036 12.745214 13.045992 12.810796 12.088456 11.858039 12.155671 12.522771 12.914236 0.000000 0.000000 0.000000 0.000000 0.000000 0.000000 0.000000 0.000000 0.000000 0.000000 0.000000 0.000000 0.000000 0.000000 0.000000 0.000000 0.000000 0.000000 0.000000 0.000000 0.000000 0.000000 
0.000000 0.000000 0.000000 0.000000 0.000000 0.000000 0.000000 0.000000 0.000000 0.000000 0.000000 0.000000 0.000000 0.000000 0.000000 0.000000 0.000000 0.000000 0.000000 0.000000 0.000000 0.000000 0.000000 0.000000 0.000000 0.000000 0.000000 0.000000 0.000000 0.000000 0.000000 0.000000 0.000000 0.000000 0.000000 0.000000 0.000000 0.000000 0.000000 0.000000 0.000000 0.000000 0.000000 0.000000 0.000000 0.000000 0.000000 0.000000 0.000000 0.000000 0.000000 0.000000 0.000000 0.000000 0.000000 0.000000 0.000000 0.000000 0.000000 0.000000 0.000000 0.000000 0.000000 0.000000 10.412932 10.691608 10.986711 11.159394 11.376989 11.313739 11.398193 11.356522 11.423368 11.274221 11.143409 11.018327 10.690347 10.740197 10.704430 10.701772 10.749145 10.700378 10.700044 10.683529 10.623278 10.623570 10.534122 10.544185 10.551781 10.410483 9.424131 5.780067 2.452141 1.806340 1.647347 1.406536 1.338866 1.354339 1.238819 1.210847 1.327501 1.076154 1.388006 1.394526 1.609736 1.599040 1.610817 1.631651 1.653095 1.696097 1.688107 1.657905 1.637712 1.551416 1.576873 1.497997 1.480148 1.410938 1.597537 1.494655 -0.005561 -0.500000 -0.500000 -0.450284 1.913472 2.744940 1.597956 1.571464 1.564229 1.544203 1.585130 1.588540 1.562854 1.573319 1.613511 1.600596 1.593015 1.598181 1.573073 1.530854 1.697780 2.207744 3.092374 2.936714 3.229952 2.710723 2.764838 2.806340 2.674923 2.629472 2.660884 2.874515 2.807834 2.416803 2.306524 2.324032 2.466810 2.476974 2.798724 2.652829 2.262576 2.192986 2.430747 3.160542 3.793510 4.174755 4.348777 4.543537 4.490114 4.522026 4.575580 4.592505 4.719312 4.791013 4.867763 5.279171 5.970093 6.311054 6.563737 6.840952 7.001177 7.246568 7.418937 7.664910 8.403448 8.123294 8.313010 8.323504 8.355223 8.496535 8.553556 8.624621 9.059123 9.210593 9.960924 10.057361 9.891320 9.560924 9.681154 9.778430 9.951635 9.950556 10.211865 10.318287 10.522889 10.660625 10.882637 11.559736 12.347876 12.975991 12.992241 13.106887 13.007968 12.522732 12.610536 12.819557 0.000000 0.000000 0.000000 0.000000 0.000000 0.000000 0.000000 0.000000 0.000000 0.000000 0.000000 0.000000 0.000000 0.000000 0.000000 0.000000 0.000000 0.000000 0.000000 0.000000 0.000000 0.000000 0.000000 
0.000000 0.000000 0.000000 0.000000 0.000000 0.000000 0.000000 0.000000 0.000000 0.000000 0.000000 0.000000 0.000000 0.000000 0.000000 0.000000 0.000000 0.000000 0.000000 0.000000 0.000000 0.000000 0.000000 0.000000 0.000000 0.000000 0.000000 0.000000 0.000000 0.000000 0.000000 0.000000 0.000000 0.000000 0.000000 0.000000 0.000000 0.000000 0.000000 0.000000 0.000000 0.000000 0.000000 0.000000 0.000000 0.000000 0.000000 0.000000 0.000000 0.000000 0.000000 0.000000 0.000000 0.000000 0.000000 0.000000 0.000000 0.000000 0.000000 0.000000 0.000000 0.000000 0.000000 0.000000 0.000000 10.770335 11.050965 11.157372 11.293879 11.228703 11.254756 11.353010 11.499653 11.369605 11.263841 11.132034 10.788358 10.926879 10.771242 10.812057 10.791728 10.732714 10.679914 10.678013 10.705201 10.648764 10.563662 10.571295 10.532577 10.250009 8.430186 4.212428 1.992889 1.686761 1.609620 1.341301 1.371184 1.323371 1.193042 1.298134 1.101497 1.254737 1.268582 1.504793 1.764806 1.619220 1.650138 1.708816 1.720272 1.713575 1.736073 1.733387 1.714901 1.738997 1.725513 1.606301 1.487618 1.500333 1.685918 1.176862 -0.421205 -0.500000 -0.500000 -0.212453 2.233088 2.631686 1.628469 1.608829 1.627057 1.596875 1.612021 1.573511 1.584227 1.627294 1.670886 1.658746 1.639519 1.649378 1.845043 1.758770 2.567220 3.134567 2.871889 3.169368 3.126234 2.902426 2.858418 2.814628 2.429377 2.636087 2.670198 2.507361 2.731970 2.300992 2.122662 2.227381 2.454080 2.450718 2.863103 2.325746 2.361235 2.350209 2.633096 3.500361 4.094780 4.141821 4.268582 4.389462 4.564951 4.580643 4.662098 4.760318 4.803108 4.823447 4.983373 5.385335 5.824427 6.323215 6.621207 6.762277 6.944623 7.137777 7.383190 7.660763 7.922505 7.989502 8.128336 8.270743 8.276442 8.425083 8.500397 8.613684 8.834223 8.989664 9.250031 9.344526 9.787531 10.132365 9.645598 9.843127 9.915590 9.986033 10.239450 10.407774 10.646470 10.846297 11.161477 12.024713 12.821700 12.925941 12.905939 13.204392 13.382274 13.060685 13.031904 13.635360 0.000000 0.000000 0.000000 0.000000 0.000000 0.000000 0.000000 0.000000 0.000000 0.000000 0.000000 0.000000 0.000000 0.000000 0.000000 0.000000 0.000000 0.000000 0.000000 0.000000 0.000000 0.000000 0.000000 
0.000000 0.000000 0.000000 0.000000 0.000000 0.000000 0.000000 0.000000 0.000000 0.000000 0.000000 0.000000 0.000000 0.000000 0.000000 0.000000 0.000000 0.000000 0.000000 0.000000 0.000000 0.000000 0.000000 0.000000 0.000000 0.000000 0.000000 0.000000 0.000000 0.000000 0.000000 0.000000 0.000000 0.000000 0.000000 0.000000 0.000000 0.000000 0.000000 0.000000 0.000000 0.000000 0.000000 0.000000 0.000000 0.000000 0.000000 0.000000 0.000000 0.000000 0.000000 0.000000 0.000000 0.000000 0.000000 0.000000 0.000000 0.000000 0.000000 0.000000 0.000000 0.000000 0.000000 0.000000 0.000000 0.000000 11.053365 11.116077 11.188555 11.337897 11.352722 11.404873 11.459048 11.475457 11.377552 11.249131 10.854992 10.850319 10.764133 10.803872 10.876882 10.818496 10.751179 10.779491 10.760092 10.710803 10.593745 10.743523 10.455588 10.067628 7.615321 2.973973 2.026089 1.644279 1.444074 1.313953 1.311010 1.242204 1.152025 1.206220 0.882954 1.340543 1.285111 1.371201 1.503500 1.598677 1.638957 1.722259 1.811894 1.742540 1.799968 1.773908 1.713838 1.746467 1.779266 1.695755 1.627767 1.584438 1.707911 0.739219 -0.498670 -0.500000 -0.500000 0.252957 2.648344 3.001206 1.735580 1.650650 1.661340 1.607313 1.593834 1.617615 1.666456 1.782539 1.909241 2.186329 2.524331 2.842105 2.948266 2.025473 1.824687 2.031232 1.875406 1.828338 1.830526 2.632855 2.824965 2.919079 2.874849 2.546430 2.645956 2.745423 2.369106 2.075832 1.993075 2.215835 2.413038 2.397324 2.552996 2.967810 3.066045 2.549219 2.631748 3.608795 4.187428 4.134392 4.190124 4.400609 4.547886 4.593092 4.742267 4.745008 4.797499 4.894745 5.210721 5.478290 5.932078 6.535403 6.839788 6.912169 7.073835 7.327255 7.603651 7.815051 7.975308 8.053352 8.100754 8.208224 8.520959 8.606919 8.616816 8.723454 8.810099 8.914346 9.145256 9.265536 9.328158 10.005485 10.196084 9.774133 9.974907 10.114061 10.902540 10.599625 11.344983 11.413716 11.754451 12.179516 12.416791 12.677069 13.012123 13.123838 13.519730 13.218988 12.990297 0.000000 0.000000 0.000000 0.000000 0.000000 0.000000 0.000000 0.000000 0.000000 0.000000 0.000000 0.000000 0.000000 0.000000 0.000000 0.000000 0.000000 0.000000 0.000000 0.000000 0.000000 0.000000 0.000000 0.000000 
0.000000 0.000000 0.000000 0.000000 0.000000 0.000000 0.000000 0.000000 0.000000 0.000000 0.000000 0.000000 0.000000 0.000000 0.000000 0.000000 0.000000 0.000000 0.000000 0.000000 0.000000 0.000000 0.000000 0.000000 0.000000 0.000000 0.000000 0.000000 0.000000 0.000000 0.000000 0.000000 0.000000 0.000000 0.000000 0.000000 0.000000 0.000000 0.000000 0.000000 0.000000 0.000000 0.000000 0.000000 0.000000 0.000000 0.000000 0.000000 0.000000 0.000000 0.000000 0.000000 0.000000 0.000000 0.000000 0.000000 0.000000 0.000000 0.000000 0.000000 0.000000 0.000000 0.000000 0.000000 0.000000 0.000000 0.000000 11.155046 11.231419 11.245708 11.412979 11.444281 11.506524 11.493151 11.477030 11.369680 11.202981 11.072305 10.916896 10.885648 10.869199 10.823345 10.792216 10.796724 10.773500 10.745767 10.683613 10.683495 10.451158 10.077790 6.605700 2.128186 1.827752 1.670402 1.449403 1.363462 1.290072 1.171636 1.164559 1.151357 1.190269 1.209920 1.311649 1.535142 1.637436 1.567484 1.615301 1.694264 1.759825 1.752078 1.843841 1.851457 1.798095 1.824721 1.771239 1.659498 1.585066 1.625587 1.679836 -0.283103 -0.500000 -0.500000 -0.500000 0.950653 2.917776 3.012977 2.067338 1.692117 1.728203 1.867606 1.968326 2.342849 2.655535 3.134769 3.019494 2.869503 2.712482 2.244806 1.817745 1.755435 2.118581 1.696104 1.545000 1.638265 1.899814 2.755974 2.827128 2.894831 2.994496 2.932026 2.781985 2.580244 2.553939 2.201925 2.135009 2.051969 2.067971 2.413952 2.676380 3.357581 3.538985 2.546544 2.842808 3.960984 4.258236 4.222425 4.285336 4.410044 4.590064 4.683499 4.778193 4.783053 4.863464 4.946060 5.104011 5.720683 6.143809 6.778225 7.013134 7.117018 7.291671 7.445592 7.702731 7.818859 7.947906 8.037209 8.100887 8.329949 8.521006 8.622881 8.658852 8.709625 8.808269 8.948575 9.111605 9.307673 9.386195 9.650106 10.437871 10.162701 9.950145 10.114032 11.023212 11.367579 11.353043 12.016435 11.952642 12.237665 12.421741 12.619480 13.123223 13.141575 13.355238 13.128248 13.299581 0.000000 0.000000 0.000000 0.000000 0.000000 0.000000 0.000000 0.000000 0.000000 0.000000 0.000000 0.000000 0.000000 0.000000 0.000000 0.000000 0.000000 0.000000 0.000000 0.000000 0.000000 0.000000 0.000000 0.000000 
0.000000 0.000000 0.000000 0.000000 0.000000 0.000000 0.000000 0.000000 0.000000 0.000000 0.000000 0.000000 0.000000 0.000000 0.000000 0.000000 0.000000 0.000000 0.000000 0.000000 0.000000 0.000000 0.000000 0.000000 0.000000 0.000000 0.000000 0.000000 0.000000 0.000000 0.000000 0.000000 0.000000 0.000000 0.000000 0.000000 0.000000 0.000000 0.000000 0.000000 0.000000 0.000000 0.000000 0.000000 0.000000 0.000000 0.000000 0.000000 0.000000 0.000000 0.000000 0.000000 0.000000 0.000000 0.000000 0.000000 0.000000 0.000000 0.000000 0.000000 0.000000 0.000000 0.000000 0.000000 0.000000 0.000000 0.000000 11.057417 11.097621 11.063098 11.306252 11.464493 11.561239 11.543041 11.549846 11.475591 11.597398 11.611246 10.932080 10.947934 10.914955 10.904743 10.841414 10.820043 10.785661 10.870177 10.894408 10.693535 10.336295 7.842834 4.055497 2.038668 1.903071 1.694674 1.434315 1.390391 1.258320 1.185950 1.198105 1.173183 1.370683 1.193765 1.297281 1.463196 1.628839 1.639915 1.684238 1.758258 1.747157 1.804914 1.848144 1.837166 1.864175 1.937085 1.847709 1.664747 1.555871 1.683824 1.792274 -0.410215 -0.500000 -0.500000 -0.498086 1.604034 2.849226 3.068745 3.184954 3.160177 3.389699 3.419509 3.209831 2.752465 2.838873 2.268721 1.960011 2.284667 2.869692 2.872033 3.021315 2.092956 1.605693 1.428600 1.503290 1.616723 1.707257 2.257629 2.875877 2.945369 3.064031 3.098630 2.749773 2.337891 2.206981 2.122500 1.994721 1.973950 2.163760 2.526176 3.291125 3.500539 3.260300 3.084985 2.822816 3.754858 4.209715 4.306600 4.408080 4.502397 4.643442 4.749156 4.751863 4.667554 4.650055 4.887158 5.242083 5.887682 6.161199 6.712467 6.982984 7.160420 7.351512 7.476331 7.699509 7.877869 7.928445 7.963100 8.141147 8.332003 8.441064 8.551723 8.609879 8.645239 8.800577 8.932224 9.057540 9.193360 9.304542 9.728677 10.354606 10.403999 10.345108 10.223057 10.450124 10.996187 11.426291 11.895423 11.906130 12.038808 11.907552 12.615586 12.955575 13.329563 13.141474 13.231765 0.000000 0.000000 0.000000 0.000000 0.000000 0.000000 0.000000 0.000000 0.000000 0.000000 0.000000 0.000000 0.000000 0.000000 0.000000 0.000000 0.000000 0.000000 0.000000 0.000000 0.000000 0.000000 0.000000 0.000000 0.000000 
0.000000 0.000000 0.000000 0.000000 0.000000 0.000000 0.000000 0.000000 0.000000 0.000000 0.000000 0.000000 0.000000 0.000000 0.000000 0.000000 0.000000 0.000000 0.000000 0.000000 0.000000 0.000000 0.000000 0.000000 0.000000 0.000000 0.000000 0.000000 0.000000 0.000000 0.000000 0.000000 0.000000 0.000000 0.000000 0.000000 0.000000 0.000000 0.000000 0.000000 0.000000 0.000000 0.000000 0.000000 0.000000 0.000000 0.000000 0.000000 0.000000 0.000000 0.000000 0.000000 0.000000 0.000000 0.000000 0.000000 0.000000 0.000000 0.000000 0.000000 0.000000 0.000000 0.000000 0.000000 0.000000 0.000000 0.000000 0.000000 11.182515 11.190293 11.286841 11.440825 11.559801 11.601195 11.564028 11.519561 11.534364 11.515491 11.136903 11.013848 10.959836 10.943586 10.884765 10.836414 10.820106 10.814363 10.880597 10.717492 10.024673 6.199870 2.882440 2.161739 1.823433 1.640311 1.419593 1.360408 1.251755 1.211051 1.153354 1.293758 1.225204 1.256707 1.403476 1.456133 1.527161 1.617986 1.706405 1.775529 1.788069 1.867057 1.819754 1.829630 1.902238 1.919387 1.863894 1.764777 1.595243 1.761130 1.759207 -0.450681 -0.500000 -0.500000 -0.409163 2.424763 2.902162 3.034446 3.228160 2.864546 3.019106 3.069623 2.888875 2.050629 2.250185 2.324423 2.952017 2.825645 2.822922 2.078966 2.677753 2.136761 1.564230 1.432759 1.545441 1.546127 1.635016 2.356015 3.091777 2.888800 2.834399 2.816972 3.032111 2.717327 2.333543 2.121112 2.230993 2.247185 2.353759 2.650888 2.748610 3.084997 3.082758 3.027040 2.942044 2.874670 3.712439 4.358980 4.407514 4.466578 4.407458 4.258964 4.024188 3.743790 4.036799 5.118633 5.599740 5.937508 6.177180 6.726115 7.029520 7.219561 7.547331 7.706111 7.694962 7.792481 7.822918 8.076489 8.226291 8.327559 8.378706 8.477413 8.549911 8.611688 8.747336 8.921802 9.091603 9.109678 9.219492 9.388083 9.695015 10.287935 10.588031 10.693130 10.510651 11.225623 11.273801 11.618363 11.809030 12.028282 12.049750 12.396315 13.028252 13.192958 13.117213 13.528990 0.000000 0.000000 0.000000 0.000000 0.000000 0.000000 0.000000 0.000000 0.000000 0.000000 0.000000 0.000000 0.000000 0.000000 0.000000 0.000000 0.000000 0.000000 0.000000 0.000000 0.000000 0.000000 0.000000 0.000000 0.000000 
0.000000 0.000000 0.000000 0.000000 0.000000 0.000000 0.000000 0.000000 0.000000 0.000000 0.000000 0.000000 0.000000 0.000000 0.000000 0.000000 0.000000 0.000000 0.000000 0.000000 0.000000 0.000000 0.000000 0.000000 0.000000 0.000000 0.000000 0.000000 0.000000 0.000000 0.000000 0.000000 0.000000 0.000000 0.000000 0.000000 0.000000 0.000000 0.000000 0.000000 0.000000 0.000000 0.000000 0.000000 0.000000 0.000000 0.000000 0.000000 0.000000 0.000000 0.000000 0.000000 0.000000 0.000000 0.000000 0.000000 0.000000 0.000000 0.000000 0.000000 0.000000 0.000000 0.000000 0.000000 0.000000 0.000000 0.000000 0.000000 0.000000 11.265562 11.373334 11.510487 11.628273 11.656616 11.618743 11.573340 11.294036 11.199804 11.232077 11.095713 10.978557 10.932789 10.846684 10.807133 10.832449 10.827694 10.754683 10.549957 9.940225 7.323202 4.441525 2.387105 1.783625 1.778387 1.590913 1.424782 1.337470 1.347917 1.209308 1.397974 1.341341 1.453650 1.594631 1.590202 1.545684 1.569243 1.691004 1.697970 1.832645 1.869158 1.933114 1.914911 1.983192 1.874800 1.830626 1.765694 1.602286 1.908653 1.871830 -0.462105 -0.500000 -0.500000 -0.211393 2.308250 3.006438 2.383329 1.901572 1.831190 2.734935 3.337767 3.086110 2.923696 2.476783 2.177848 1.880724 1.805957 1.488162 1.389774 1.695641 2.272240 1.674753 1.482781 1.506759 1.555061 1.630294 2.557405 2.188604 2.693925 2.714837 2.544220 2.656386 2.803901 2.999467 2.273343 2.428639 2.567269 2.691280 3.066340 3.199118 3.164307 3.176588 3.281878 3.214810 3.284356 4.359224 4.194791 3.815007 3.129169 2.914644 3.442869 3.670730 3.727413 4.008030 4.994001 5.651207 5.978053 6.288887 6.683672 7.049171 7.306883 7.586242 7.789288 7.830231 7.735315 7.944482 8.001811 8.088514 8.247818 8.325136 8.424106 8.493516 8.526821 8.733181 8.892724 9.133304 9.118760 9.162399 9.369042 9.481219 10.145440 10.616690 10.893703 10.705446 10.887268 11.035752 11.371700 11.707012 11.966386 12.183110 12.455840 12.692698 13.375387 13.142155 0.000000 0.000000 0.000000 0.000000 0.000000 0.000000 0.000000 0.000000 0.000000 0.000000 0.000000 0.000000 0.000000 0.000000 0.000000 0.000000 0.000000 0.000000 0.000000 0.000000 0.000000 0.000000 0.000000 0.000000 0.000000 0.000000 
0.000000 0.000000 0.000000 0.000000 0.000000 0.000000 0.000000 0.000000 0.000000 0.000000 0.000000 0.000000 0.000000 0.000000 0.000000 0.000000 0.000000 0.000000 0.000000 0.000000 0.000000 0.000000 0.000000 0.000000 0.000000 0.000000 0.000000 0.000000 0.000000 0.000000 0.000000 0.000000 0.000000 0.000000 0.000000 0.000000 0.000000 0.000000 0.000000 0.000000 0.000000 0.000000 0.000000 0.000000 0.000000 0.000000 0.000000 0.000000 0.000000 0.000000 0.000000 0.000000 0.000000 0.000000 0.000000 0.000000 0.000000 0.000000 0.000000 0.000000 0.000000 0.000000 0.000000 0.000000 0.000000 0.000000 0.000000 0.000000 0.000000 0.000000 11.413773 11.537994 11.588818 11.649223 11.613652 11.591550 11.422893 11.278837 11.340235 11.262444 11.004148 11.014883 10.879861 10.761795 10.859574 10.808068 10.728161 10.608786 10.447523 9.553762 7.019897 3.982718 2.184451 1.906466 1.765646 1.509597 1.482304 1.416872 1.327016 1.380557 1.350435 1.509842 1.593058 1.661347 1.672836 1.675161 1.676463 1.725680 1.854535 1.847515 1.904652 1.956243 2.029448 1.914568 1.854262 1.746015 1.687762 1.913418 0.966370 -0.496244 -0.500000 -0.500000 -0.005778 2.321531 2.744798 2.872874 2.523407 2.378859 2.079801 1.751713 1.487674 1.445220 1.380951 1.463636 1.565511 1.452484 1.433462 1.555954 1.490294 1.714340 1.765979 1.507257 1.609382 1.677394 1.645983 1.844325 2.074055 3.021678 2.712218 2.894971 2.805077 2.965855 2.942388 2.917179 2.976354 2.952211 3.043145 3.184698 3.229048 3.268513 3.182468 3.321661 3.196531 3.317679 3.400594 3.365773 3.253432 2.970188 3.194570 3.827217 3.723943 3.832924 3.983111 4.508057 5.255117 5.809409 6.353165 6.622694 6.896122 7.224690 7.567470 7.739346 7.664814 7.843644 7.873915 7.953518 8.013846 8.097466 8.258890 8.288489 8.383253 8.476182 8.599154 8.723392 8.946937 9.026748 9.169562 9.259483 9.389819 9.632221 10.015880 10.619108 11.091458 11.230146 11.109549 11.252876 11.544833 11.849279 12.203925 12.418823 12.642590 12.941785 13.154909 0.000000 0.000000 0.000000 0.000000 0.000000 0.000000 0.000000 0.000000 0.000000 0.000000 0.000000 0.000000 0.000000 0.000000 0.000000 0.000000 0.000000 0.000000 0.000000 0.000000 0.000000 0.000000 0.000000 0.000000 0.000000 0.000000 
0.000000 0.000000 0.000000 0.000000 0.000000 0.000000 0.000000 0.000000 0.000000 0.000000 0.000000 0.000000 0.000000 0.000000 0.000000 0.000000 0.000000 0.000000 0.000000 0.000000 0.000000 0.000000 0.000000 0.000000 0.000000 0.000000 0.000000 0.000000 0.000000 0.000000 0.000000 0.000000 0.000000 0.000000 0.000000 0.000000 0.000000 0.000000 0.000000 0.000000 0.000000 0.000000 0.000000 0.000000 0.000000 0.000000 0.000000 0.000000 0.000000 0.000000 0.000000 0.000000 0.000000 0.000000 0.000000 0.000000 0.000000 0.000000 0.000000 0.000000 0.000000 0.000000 0.000000 0.000000 0.000000 0.000000 0.000000 0.000000 0.000000 0.000000 0.000000 11.683909 11.645452 11.722539 11.571529 11.565165 11.468746 11.295551 11.314037 11.199554 10.950600 11.024527 10.882052 10.806643 10.872530 10.849565 10.759563 10.649728 10.562243 9.891216 7.552986 5.349165 2.604602 1.953441 1.834067 1.539312 1.467117 1.406418 1.532362 1.367111 1.439898 1.641340 1.605584 1.618737 1.656294 1.729874 1.713458 1.829524 1.885600 1.841192 1.860574 1.947205 1.951552 1.914273 1.930280 1.811428 1.848114 2.126371 0.460981 -0.499433 -0.500000 -0.500000 0.338055 2.575731 2.367786 1.686067 1.407034 1.362750 1.403574 1.506238 1.506732 1.517471 1.528912 1.637690 1.617360 1.548537 1.550894 1.552714 1.503473 1.724090 1.849467 1.589276 1.650447 1.674954 1.728480 1.598790 2.115663 2.363783 2.810968 2.699362 2.890229 3.040847 2.945876 3.036860 3.007489 3.020988 3.058274 3.135350 3.231561 3.329834 3.368943 3.248082 3.195764 3.455825 3.498659 3.424846 3.453136 3.414731 3.583030 3.877981 3.791790 3.993383 3.974066 3.923103 4.862056 5.483085 6.144829 6.480690 6.736319 7.084278 7.429904 7.523825 7.660222 7.811075 7.895257 7.921443 7.944312 8.071348 8.066253 8.155056 8.310702 8.482865 8.558296 8.662077 8.846807 9.053138 9.176595 9.236680 9.432487 9.752866 10.017342 10.436609 11.241691 11.568649 11.328133 11.386831 11.482740 11.685116 12.061363 12.399753 12.610615 12.951166 0.000000 0.000000 0.000000 0.000000 0.000000 0.000000 0.000000 0.000000 0.000000 0.000000 0.000000 0.000000 0.000000 0.000000 0.000000 0.000000 0.000000 0.000000 0.000000 0.000000 0.000000 0.000000 0.000000 0.000000 0.000000 0.000000 0.000000 
0.000000 0.000000 0.000000 0.000000 0.000000 0.000000 0.000000 0.000000 0.000000 0.000000 0.000000 0.000000 0.000000 0.000000 0.000000 0.000000 0.000000 0.000000 0.000000 0.000000 0.000000 0.000000 0.000000 0.000000 0.000000 0.000000 0.000000 0.000000 0.000000 0.000000 0.000000 0.000000 0.000000 0.000000 0.000000 0.000000 0.000000 0.000000 0.000000 0.000000 0.000000 0.000000 0.000000 0.000000 0.000000 0.000000 0.000000 0.000000 0.000000 0.000000 0.000000 0.000000 0.000000 0.000000 0.000000 0.000000 0.000000 0.000000 0.000000 0.000000 0.000000 0.000000 0.000000 0.000000 0.000000 0.000000 0.000000 0.000000 0.000000 0.000000 0.000000 11.730180 11.676824 11.712675 11.538463 11.515564 11.391536 11.229107 11.220668 11.170708 11.022777 10.857706 10.867174 10.698627 10.892846 10.845137 10.700837 10.759731 10.819761 10.643994 9.364754 6.667899 3.860415 2.058168 1.848327 1.703257 1.559506 1.484009 1.552375 1.468370 1.553593 1.688302 1.704043 1.633544 1.643845 1.790841 1.765036 1.886729 1.954704 1.979219 1.970430 1.996686 1.939491 1.927128 1.913206 1.746637 1.880121 2.272007 0.170944 -0.499970 -0.500000 -0.500000 1.161666 2.410630 1.333549 1.463477 1.553754 1.503367 1.636461 1.569425 1.563283 1.615689 1.555862 1.580881 1.692621 1.673740 1.691302 1.672586 1.538477 1.645512 1.857689 1.637412 1.713901 1.756413 1.784563 1.655999 1.621235 1.872723 2.239856 3.175519 2.763160 2.973707 2.777111 2.866787 3.104004 2.974581 2.900555 3.358588 3.331457 3.262083 3.164175 2.197600 2.190941 2.293897 2.996730 3.412497 3.547072 3.848936 3.756683 3.820362 3.842648 3.921088 3.946995 4.017958 4.188372 4.761534 5.468041 5.966821 6.588579 7.062496 7.224487 7.553013 7.738146 7.832802 7.825506 7.860504 7.860834 7.724201 7.944615 8.105870 8.259875 8.344963 8.536026 8.726868 8.807438 9.015314 9.090569 9.208634 9.590753 9.854804 10.213468 11.255047 11.633601 11.609216 11.497747 11.415685 11.548670 11.778813 11.991337 12.347401 12.643073 13.000519 0.000000 0.000000 0.000000 0.000000 0.000000 0.000000 0.000000 0.000000 0.000000 0.000000 0.000000 0.000000 0.000000 0.000000 0.000000 0.000000 0.000000 0.000000 0.000000 0.000000 0.000000 0.000000 0.000000 0.000000 0.000000 0.000000 0.000000 
0.000000 0.000000 0.000000 0.000000 0.000000 0.000000 0.000000 0.000000 0.000000 0.000000 0.000000 0.000000 0.000000 0.000000 0.000000 0.000000 0.000000 0.000000 0.000000 0.000000 0.000000 0.000000 0.000000 0.000000 0.000000 0.000000 0.000000 0.000000 0.000000 0.000000 0.000000 0.000000 0.000000 0.000000 0.000000 0.000000 0.000000 0.000000 0.000000 0.000000 0.000000 0.000000 0.000000 0.000000 0.000000 0.000000 0.000000 0.000000 0.000000 0.000000 0.000000 0.000000 0.000000 0.000000 0.000000 0.000000 0.000000 0.000000 0.000000 0.000000 0.000000 0.000000 0.000000 0.000000 0.000000 0.000000 0.000000 0.000000 0.000000 0.000000 0.000000 0.000000 11.494746 11.783313 11.838817 11.460090 11.401575 11.340861 11.272952 11.084783 10.934783 10.795701 10.707598 10.690292 10.863729 10.893353 10.781479 10.852859 10.921833 10.868228 10.661736 8.394574 5.658934 2.807496 1.986633 1.755227 1.729879 1.698058 1.575262 1.533473 1.587579 1.690081 1.672747 1.705104 1.754307 1.753375 1.863485 1.832334 1.922372 2.070386 2.040367 2.076993 2.041513 1.932817 1.848524 1.727517 1.966577 2.108214 -0.229852 -0.500000 -0.500000 -0.498770 1.835716 2.138370 1.363607 1.511467 1.620397 1.613437 1.663899 1.610311 1.676156 1.738846 1.717791 1.748446 1.834883 1.812527 1.827951 1.695625 1.619007 1.734412 1.929924 1.692615 1.688317 1.789903 1.808768 1.807227 1.744488 1.647737 1.764717 2.330755 3.425368 2.937233 2.867371 2.923624 3.178880 2.418196 2.536261 2.624798 2.084776 2.010277 2.008681 1.983639 2.192981 2.504601 3.398729 3.743213 3.604094 3.708671 3.701437 3.777334 3.520778 3.638738 3.913753 3.779581 3.665870 3.825206 4.844287 5.497486 6.435645 7.052877 7.017727 7.450704 7.550486 7.743290 7.737955 7.752513 7.733852 7.755589 7.810245 8.050341 8.151007 8.324580 8.588033 8.620489 8.670016 8.934409 9.076966 9.308582 9.585400 9.934233 10.637977 11.551354 11.626780 11.495026 11.229866 11.280724 11.818003 11.948581 12.070028 12.234112 12.658628 0.000000 0.000000 0.000000 0.000000 0.000000 0.000000 0.000000 0.000000 0.000000 0.000000 0.000000 0.000000 0.000000 0.000000 0.000000 0.000000 0.000000 0.000000 0.000000 0.000000 0.000000 0.000000 0.000000 0.000000 0.000000 0.000000 0.000000 0.000000 
0.000000 0.000000 0.000000 0.000000 0.000000 0.000000 0.000000 0.000000 0.000000 0.000000 0.000000 0.000000 0.000000 0.000000 0.000000 0.000000 0.000000 0.000000 0.000000 0.000000 0.000000 0.000000 0.000000 0.000000 0.000000 0.000000 0.000000 0.000000 0.000000 0.000000 0.000000 0.000000 0.000000 0.000000 0.000000 0.000000 0.000000 0.000000 0.000000 0.000000 0.000000 0.000000 0.000000 0.000000 0.000000 0.000000 0.000000 0.000000 0.000000 0.000000 0.000000 0.000000 0.000000 0.000000 0.000000 0.000000 0.000000 0.000000 0.000000 0.000000 0.000000 0.000000 0.000000 0.000000 0.000000 0.000000 0.000000 0.000000 0.000000 0.000000 0.000000 0.000000 0.000000 11.952687 11.828220 11.474233 11.378548 11.118917 11.149696 11.045268 10.911357 10.839521 10.826572 10.807477 10.866893 10.959918 10.894192 10.910860 10.978387 11.110079 10.960224 10.493863 6.992566 5.054550 2.506102 1.925970 2.108366 1.816084 1.726741 1.632596 1.640819 1.652106 1.624943 1.746178 1.800973 1.788892 1.924566 1.918229 1.996039 2.044021 2.084108 2.035434 2.017273 2.009499 1.877550 1.770971 2.145945 1.973549 -0.461192 -0.500000 -0.500000 -0.499307 1.900910 1.783141 1.420562 1.638824 1.672914 1.696112 1.745162 1.700858 1.705783 1.735754 1.785445 1.874277 1.882665 1.886739 1.879684 1.815195 1.680299 1.770159 1.949895 1.770659 1.792890 1.826515 1.910986 1.957159 1.872832 1.739866 1.672999 1.847200 1.946314 2.050770 1.902864 2.278364 2.999428 3.330882 3.116552 2.904810 2.813011 2.984603 2.942713 2.572678 2.984636 3.355225 2.836937 3.822978 3.723015 3.926872 3.949431 3.787590 3.619829 3.606382 3.606459 3.672522 3.910508 4.031337 4.678925 5.117358 5.684367 6.273515 6.834148 7.097661 7.268727 7.372586 7.584565 7.562245 7.589511 7.638920 7.623710 7.697084 7.891303 8.152299 8.341991 8.386739 8.654730 8.851942 9.154657 9.375737 9.633989 10.301328 11.176914 11.378042 11.340831 10.967031 10.925038 11.792993 12.254818 12.400927 12.335407 12.375812 12.564784 0.000000 0.000000 0.000000 0.000000 0.000000 0.000000 0.000000 0.000000 0.000000 0.000000 0.000000 0.000000 0.000000 0.000000 0.000000 0.000000 0.000000 0.000000 0.000000 0.000000 0.000000 0.000000 0.000000 0.000000 0.000000 0.000000 0.000000 0.000000 
0.000000 0.000000 0.000000 0.000000 0.000000 0.000000 0.000000 0.000000 0.000000 0.000000 0.000000 0.000000 0.000000 0.000000 0.000000 0.000000 0.000000 0.000000 0.000000 0.000000 0.000000 0.000000 0.000000 0.000000 0.000000 0.000000 0.000000 0.000000 0.000000 0.000000 0.000000 0.000000 0.000000 0.000000 0.000000 0.000000 0.000000 0.000000 0.000000 0.000000 0.000000 0.000000 0.000000 0.000000 0.000000 0.000000 0.000000 0.000000 0.000000 0.000000 0.000000 0.000000 0.000000 0.000000 0.000000 0.000000 0.000000 0.000000 0.000000 0.000000 0.000000 0.000000 0.000000 0.000000 0.000000 0.000000 0.000000 0.000000 0.000000 0.000000 0.000000 0.000000 0.000000 0.000000 11.723279 11.485011 11.282310 11.090722 11.056953 11.001074 10.896887 10.906952 10.954035 10.936029 10.946164 10.996060 11.049286 10.943552 11.022196 11.130917 11.035796 10.910933 8.880767 5.648139 4.542284 2.215461 2.089896 1.870021 1.810181 1.787347 1.733373 1.783813 1.767552 1.742000 1.773078 1.827536 1.911502 1.980235 2.076650 2.071662 2.053783 2.019239 1.947763 1.977483 1.840824 1.896536 2.575436 1.367704 -0.498360 -0.500000 -0.500000 -0.382906 2.218345 1.844605 1.584953 1.679486 1.712644 1.753129 1.759202 1.722238 1.728231 1.799558 1.833517 1.990342 1.983171 1.960824 1.979274 1.870882 1.787131 1.821323 2.065697 1.891652 1.865346 1.894052 1.994923 2.056744 2.121292 1.892682 1.689260 1.798908 1.860679 1.880401 1.966663 2.403836 2.291664 1.965135 2.061763 1.950196 1.986482 3.063460 3.016603 2.443990 2.418584 2.893945 3.238273 4.147323 3.988982 3.653455 3.428175 3.444559 3.545405 3.522069 3.508920 3.661189 3.664920 3.950843 4.465366 4.369401 4.756743 5.115525 6.065199 6.379837 6.633919 6.998980 7.188697 7.306423 7.394955 7.410278 7.398328 7.426992 7.447134 7.821167 8.058598 8.350962 8.555032 8.775236 9.111996 9.315084 10.072441 10.712734 10.954331 10.851624 10.645162 10.595194 11.171985 12.096625 12.523475 12.709678 12.705538 12.702884 0.000000 0.000000 0.000000 0.000000 0.000000 0.000000 0.000000 0.000000 0.000000 0.000000 0.000000 0.000000 0.000000 0.000000 0.000000 0.000000 0.000000 0.000000 0.000000 0.000000 0.000000 0.000000 0.000000 0.000000 0.000000 0.000000 0.000000 0.000000 0.000000 
0.000000 0.000000 0.000000 0.000000 0.000000 0.000000 0.000000 0.000000 0.000000 0.000000 0.000000 0.000000 0.000000 0.000000 0.000000 0.000000 0.000000 0.000000 0.000000 0.000000 0.000000 0.000000 0.000000 0.000000 0.000000 0.000000 0.000000 0.000000 0.000000 0.000000 0.000000 0.000000 0.000000 0.000000 0.000000 0.000000 0.000000 0.000000 0.000000 0.000000 0.000000 0.000000 0.000000 0.000000 0.000000 0.000000 0.000000 0.000000 0.000000 0.000000 0.000000 0.000000 0.000000 0.000000 0.000000 0.000000 0.000000 0.000000 0.000000 0.000000 0.000000 0.000000 0.000000 0.000000 0.000000 0.000000 0.000000 0.000000 0.000000 0.000000 0.000000 0.000000 0.000000 0.000000 0.000000 11.484219 11.360023 11.212788 11.078766 11.066794 11.063175 11.149865 11.164763 11.081786 11.009293 11.010740 11.109790 10.992537 11.075675 11.173798 11.132081 11.001329 10.867523 7.352604 5.637771 4.129797 3.094688 2.177994 1.999752 1.889512 1.781039 1.833135 1.812168 1.795930 1.837307 1.879460 1.854496 1.947782 2.061370 2.048907 2.035615 2.102651 2.078167 1.999948 1.864437 1.965682 2.317814 0.696287 -0.500000 -0.500000 -0.500000 -0.179217 2.413140 1.799405 1.626258 1.743239 1.752260 1.784238 1.839547 1.760649 1.748954 1.807888 1.872726 1.995340 2.034150 2.017500 2.045593 1.899440 1.829313 1.809697 2.079574 1.991265 1.908571 1.974154 2.031434 1.971067 1.991498 1.861069 1.789016 1.689082 1.798612 1.890695 1.877123 1.998998 1.997807 2.003386 1.989472 1.972440 1.933749 2.743465 3.039073 2.324899 2.242349 3.429474 3.807545 3.611763 3.886986 3.595860 3.408459 3.580410 3.478013 3.609653 3.571383 3.601046 3.478203 3.577068 3.681679 4.010285 4.324955 4.944999 5.292926 5.439672 5.749526 6.321613 6.619086 6.803300 7.036878 7.093923 7.029177 7.183097 7.376234 7.624014 8.100193 8.277880 8.454933 8.765264 8.990277 9.555288 10.476380 10.567790 10.498372 10.377000 10.255017 10.538398 11.043295 11.594673 12.612716 12.872303 12.947173 13.019746 0.000000 0.000000 0.000000 0.000000 0.000000 0.000000 0.000000 0.000000 0.000000 0.000000 0.000000 0.000000 0.000000 0.000000 0.000000 0.000000 0.000000 0.000000 0.000000 0.000000 0.000000 0.000000 0.000000 0.000000 0.000000 0.000000 0.000000 0.000000 0.000000 
0.000000 0.000000 0.000000 0.000000 0.000000 0.000000 0.000000 0.000000 0.000000 0.000000 0.000000 0.000000 0.000000 0.000000 0.000000 0.000000 0.000000 0.000000 0.000000 0.000000 0.000000 0.000000 0.000000 0.000000 0.000000 0.000000 0.000000 0.000000 0.000000 0.000000 0.000000 0.000000 0.000000 0.000000 0.000000 0.000000 0.000000 0.000000 0.000000 0.000000 0.000000 0.000000 0.000000 0.000000 0.000000 0.000000 0.000000 0.000000 0.000000 0.000000 0.000000 0.000000 0.000000 0.000000 0.000000 0.000000 0.000000 0.000000 0.000000 0.000000 0.000000 0.000000 0.000000 0.000000 0.000000 0.000000 0.000000 0.000000 0.000000 0.000000 0.000000 0.000000 0.000000 0.000000 0.000000 11.454373 11.455209 11.418678 11.361118 11.331730 11.275333 11.290730 11.260229 11.241566 11.048083 10.915171 11.068577 11.055021 10.945776 11.004283 11.073122 11.033120 10.988815 10.097000 8.834861 7.274373 4.985950 3.056374 2.058694 2.008892 1.893846 1.780080 1.805560 1.862324 1.927756 1.930562 2.003345 2.031428 2.031000 2.022599 2.071064 2.127208 2.158136 2.091312 1.936706 2.051035 2.379092 0.194869 -0.500000 -0.500000 -0.500000 -0.172000 2.326235 1.721354 1.685399 1.775973 1.822370 1.849691 1.907552 1.842435 1.849789 1.887496 1.953205 2.010019 2.075807 1.987197 1.904092 1.920915 1.915522 1.884058 2.085943 1.801895 1.713962 1.730316 1.749055 1.756611 1.941536 1.931657 1.825480 1.748117 1.883447 2.004231 2.004293 2.075848 2.103831 2.093855 2.070910 2.081800 2.091251 2.845599 3.086748 2.060154 2.539366 3.509329 4.052990 3.897125 3.765644 3.632730 3.423139 3.557835 3.553258 3.593366 3.554356 3.561029 3.810735 3.819047 3.832206 4.453104 4.253890 4.787837 4.262825 4.655851 5.327334 6.009789 6.205192 6.416277 6.623100 6.688972 6.848822 7.029405 7.189713 7.630580 7.915677 8.188162 8.452413 8.696887 9.244471 10.344972 10.450349 10.411955 10.173883 10.013448 10.031906 10.410085 10.911469 11.367713 11.726609 12.691376 13.213915 0.000000 0.000000 0.000000 0.000000 0.000000 0.000000 0.000000 0.000000 0.000000 0.000000 0.000000 0.000000 0.000000 0.000000 0.000000 0.000000 0.000000 0.000000 0.000000 0.000000 0.000000 0.000000 0.000000 0.000000 0.000000 0.000000 0.000000 0.000000 0.000000 0.000000 
0.000000 0.000000 0.000000 0.000000 0.000000 0.000000 0.000000 0.000000 0.000000 0.000000 0.000000 0.000000 0.000000 0.000000 0.000000 0.000000 0.000000 0.000000 0.000000 0.000000 0.000000 0.000000 0.000000 0.000000 0.000000 0.000000 0.000000 0.000000 0.000000 0.000000 0.000000 0.000000 0.000000 0.000000 0.000000 0.000000 0.000000 0.000000 0.000000 0.000000 0.000000 0.000000 0.000000 0.000000 0.000000 0.000000 0.000000 0.000000 0.000000 0.000000 0.000000 0.000000 0.000000 0.000000 0.000000 0.000000 0.000000 0.000000 0.000000 0.000000 0.000000 0.000000 0.000000 0.000000 0.000000 0.000000 0.000000 0.000000 0.000000 0.000000 0.000000 0.000000 0.000000 0.000000 0.000000 0.000000 11.575250 11.555832 11.450697 11.402080 11.339386 11.294787 11.289728 11.233678 11.066146 10.947879 11.024525 11.143288 10.992856 11.011620 11.022103 11.096807 11.071021 10.891211 10.795426 10.371870 9.106166 5.415145 2.989094 2.297907 2.242736 2.045194 1.958193 2.015745 2.033375 2.020237 2.053127 2.160709 2.169791 2.122639 2.139704 2.118381 2.153821 2.064185 2.021269 2.250604 2.191739 -0.207622 -0.500000 -0.500000 -0.500000 0.132148 2.528835 1.710843 1.782386 1.854041 1.849544 1.966069 1.939606 1.867588 1.859542 1.911166 1.932539 1.994937 2.065108 2.067104 2.059337 1.997190 1.972278 1.953232 2.078663 1.888451 1.712261 1.786790 1.751930 1.772974 1.879182 1.930021 1.824295 1.803568 2.013723 2.067545 2.100909 2.098623 2.184963 2.208569 2.190540 2.124852 2.196425 3.249671 3.218526 2.789956 3.242181 3.391692 3.687952 3.770789 3.680912 3.649541 3.466970 3.646191 3.430311 3.438489 3.323846 3.590133 3.764723 4.148999 3.844751 4.104275 4.241841 3.934941 3.292386 3.110659 3.150357 3.818930 5.669003 6.193040 6.587174 6.476643 6.676978 6.790246 7.158276 7.547410 7.879214 8.158238 8.444324 8.795318 10.290417 10.374271 10.282758 10.085734 9.837736 9.833822 9.922383 10.073632 10.683813 11.182916 11.667171 12.098437 12.977723 0.000000 0.000000 0.000000 0.000000 0.000000 0.000000 0.000000 0.000000 0.000000 0.000000 0.000000 0.000000 0.000000 0.000000 0.000000 0.000000 0.000000 0.000000 0.000000 0.000000 0.000000 0.000000 0.000000 0.000000 0.000000 0.000000 0.000000 0.000000 0.000000 0.000000 
0.000000 0.000000 0.000000 0.000000 0.000000 0.000000 0.000000 0.000000 0.000000 0.000000 0.000000 0.000000 0.000000 0.000000 0.000000 0.000000 0.000000 0.000000 0.000000 0.000000 0.000000 0.000000 0.000000 0.000000 0.000000 0.000000 0.000000 0.000000 0.000000 0.000000 0.000000 0.000000 0.000000 0.000000 0.000000 0.000000 0.000000 0.000000 0.000000 0.000000 0.000000 0.000000 0.000000 0.000000 0.000000 0.000000 0.000000 0.000000 0.000000 0.000000 0.000000 0.000000 0.000000 0.000000 0.000000 0.000000 0.000000 0.000000 0.000000 0.000000 0.000000 0.000000 0.000000 0.000000 0.000000 0.000000 0.000000 0.000000 0.000000 0.000000 0.000000 0.000000 0.000000 0.000000 0.000000 0.000000 0.000000 11.469725 11.367450 11.311156 11.269082 11.204302 11.166490 11.139600 11.080634 11.040374 11.036123 11.158837 11.097625 11.057283 11.076715 11.046874 11.044984 11.008637 11.004887 10.853012 10.380007 9.506130 8.172038 4.676498 2.843079 2.291076 2.197947 2.325064 2.217735 2.107398 2.128807 2.231764 2.172727 2.156964 2.189759 2.218181 2.136793 2.024295 2.109223 2.253401 2.208686 -0.454414 -0.500000 -0.500000 -0.481095 0.683207 2.394825 1.775424 1.776920 1.880659 1.897327 1.911778 1.929882 1.916626 1.964057 1.929853 1.962964 1.960792 2.070618 2.189017 2.135688 1.997836 1.948483 1.909071 2.147660 1.859593 1.723653 1.817302 1.837049 1.860860 1.903467 1.919917 1.943914 2.005181 2.091875 2.133526 2.044280 2.153032 2.241307 2.225997 2.230499 2.230493 2.276019 3.029314 3.335862 2.518839 4.066689 3.965147 3.984688 3.756976 3.831878 3.653492 3.683487 3.464927 3.364903 3.402480 3.320163 3.354356 3.538064 3.555019 3.644755 3.817642 3.674583 3.935665 3.255144 2.918276 3.148802 3.206042 4.351089 5.530794 6.360923 6.435354 6.460864 6.703311 7.121707 7.467289 7.763699 8.163360 8.498418 9.824974 10.446776 10.282405 10.128605 9.773250 9.653390 10.129353 10.295465 10.233097 10.424173 10.988586 11.505118 12.090269 0.000000 0.000000 0.000000 0.000000 0.000000 0.000000 0.000000 0.000000 0.000000 0.000000 0.000000 0.000000 0.000000 0.000000 0.000000 0.000000 0.000000 0.000000 0.000000 0.000000 0.000000 0.000000 0.000000 0.000000 0.000000 0.000000 0.000000 0.000000 0.000000 0.000000 0.000000 
0.000000 0.000000 0.000000 0.000000 0.000000 0.000000 0.000000 0.000000 0.000000 0.000000 0.000000 0.000000 0.000000 0.000000 0.000000 0.000000 0.000000 0.000000 0.000000 0.000000 0.000000 0.000000 0.000000 0.000000 0.000000 0.000000 0.000000 0.000000 0.000000 0.000000 0.000000 0.000000 0.000000 0.000000 0.000000 0.000000 0.000000 0.000000 0.000000 0.000000 0.000000 0.000000 0.000000 0.000000 0.000000 0.000000 0.000000 0.000000 0.000000 0.000000 0.000000 0.000000 0.000000 0.000000 0.000000 0.000000 0.000000 0.000000 0.000000 0.000000 0.000000 0.000000 0.000000 0.000000 0.000000 0.000000 0.000000 0.000000 0.000000 0.000000 0.000000 0.000000 0.000000 0.000000 0.000000 0.000000 0.000000 0.000000 11.362164 11.342216 11.271342 11.182503 11.201384 11.226914 11.224209 11.202205 11.212854 11.187310 11.103326 11.069569 11.032332 11.055591 10.992737 11.152285 11.263134 10.977237 10.720075 10.644875 10.748198 8.297290 5.917206 3.245256 2.544643 2.282481 2.199497 2.189732 2.232513 2.210973 2.204359 2.496883 2.617544 2.397743 2.374690 2.447557 2.820169 2.321075 2.040915 -0.496205 -0.500000 -0.500000 -0.161308 0.917783 2.445217 1.645527 1.742824 1.876281 1.877195 1.935631 1.931284 1.929472 1.851048 1.852853 1.870072 1.904293 2.009711 2.121162 2.019498 1.975340 1.900690 1.771611 2.017813 1.869964 1.772921 1.805704 1.935203 1.967314 1.943911 1.956311 1.954046 1.986295 2.093809 2.246339 2.149972 2.488153 2.350025 2.254933 2.239109 2.329916 2.322726 3.214282 3.205503 2.539957 3.872571 3.951225 3.842512 3.674693 3.844249 3.689832 3.543831 3.575833 3.388575 3.367815 3.302091 3.247577 3.371655 3.429946 3.515884 3.620342 3.645800 3.824027 3.408418 2.974895 3.176711 3.720932 4.478436 4.867052 4.853071 5.422610 6.321882 6.761617 7.003168 7.423628 7.957831 8.374583 9.431992 10.763167 10.332202 10.164225 9.837036 9.497919 9.842673 10.544211 10.902902 10.725989 10.636900 10.789737 11.308940 11.972866 0.000000 0.000000 0.000000 0.000000 0.000000 0.000000 0.000000 0.000000 0.000000 0.000000 0.000000 0.000000 0.000000 0.000000 0.000000 0.000000 0.000000 0.000000 0.000000 0.000000 0.000000 0.000000 0.000000 0.000000 0.000000 0.000000 0.000000 0.000000 0.000000 0.000000 0.000000 
0.000000 0.000000 0.000000 0.000000 0.000000 0.000000 0.000000 0.000000 0.000000 0.000000 0.000000 0.000000 0.000000 0.000000 0.000000 0.000000 0.000000 0.000000 0.000000 0.000000 0.000000 0.000000 0.000000 0.000000 0.000000 0.000000 0.000000 0.000000 0.000000 0.000000 0.000000 0.000000 0.000000 0.000000 0.000000 0.000000 0.000000 0.000000 0.000000 0.000000 0.000000 0.000000 0.000000 0.000000 0.000000 0.000000 0.000000 0.000000 0.000000 0.000000 0.000000 0.000000 0.000000 0.000000 0.000000 0.000000 0.000000 0.000000 0.000000 0.000000 0.000000 0.000000 0.000000 0.000000 0.000000 0.000000 0.000000 0.000000 0.000000 0.000000 0.000000 0.000000 0.000000 0.000000 0.000000 0.000000 0.000000 0.000000 0.000000 11.757633 11.611278 11.280526 11.267053 11.473353 11.593077 11.592597 11.671039 11.172725 11.013100 11.063037 11.035050 10.940518 11.113692 11.212418 11.089006 11.070939 10.939166 10.805248 10.737856 10.326257 9.194282 7.128098 5.207902 3.624788 2.985676 2.929801 3.023176 2.738644 2.675014 2.709390 2.773315 2.709277 2.584926 2.521000 2.531982 2.238598 1.275651 -0.498295 -0.500000 -0.496666 0.449387 1.269628 2.661405 1.643880 1.700104 1.804896 1.861694 1.888206 1.841532 1.755930 1.679719 1.717156 1.764711 1.795119 1.884094 1.986127 1.878485 1.872722 1.840700 1.737533 1.811935 1.931227 1.826832 1.853560 1.924986 1.953812 2.117113 2.003112 1.962071 1.986764 2.117892 2.116518 2.167495 2.389839 2.285953 2.313655 2.296558 2.349460 2.323558 3.236124 3.013425 3.916694 3.724810 3.609381 3.683040 3.616789 3.666901 3.533368 3.621446 3.534149 3.382940 3.326350 3.343629 3.395358 3.485232 3.496044 3.316514 3.529790 3.518690 3.367436 3.727985 3.683381 3.826892 4.330595 4.514432 4.636833 4.593556 4.899964 5.759084 6.564990 7.072195 7.700601 8.106735 8.904428 10.497917 10.533197 10.212038 10.028631 9.575409 9.429250 10.048935 10.770791 11.051526 11.073789 11.177071 11.041875 11.176657 0.000000 0.000000 0.000000 0.000000 0.000000 0.000000 0.000000 0.000000 0.000000 0.000000 0.000000 0.000000 0.000000 0.000000 0.000000 0.000000 0.000000 0.000000 0.000000 0.000000 0.000000 0.000000 0.000000 0.000000 0.000000 0.000000 0.000000 0.000000 0.000000 0.000000 0.000000 0.000000 
0.000000 0.000000 0.000000 0.000000 0.000000 0.000000 0.000000 0.000000 0.000000 0.000000 0.000000 0.000000 0.000000 0.000000 0.000000 0.000000 0.000000 0.000000 0.000000 0.000000 0.000000 0.000000 0.000000 0.000000 0.000000 0.000000 0.000000 0.000000 0.000000 0.000000 0.000000 0.000000 0.000000 0.000000 0.000000 0.000000 0.000000 0.000000 0.000000 0.000000 0.000000 0.000000 0.000000 0.000000 0.000000 0.000000 0.000000 0.000000 0.000000 0.000000 0.000000 0.000000 0.000000 0.000000 0.000000 0.000000 0.000000 0.000000 0.000000 0.000000 0.000000 0.000000 0.000000 0.000000 0.000000 0.000000 0.000000 0.000000 0.000000 0.000000 0.000000 0.000000 0.000000 0.000000 0.000000 0.000000 0.000000 0.000000 0.000000 0.000000 11.703932 11.420094 11.406506 11.619951 11.831645 11.721601 11.661879 11.193147 11.054210 11.049473 11.088618 11.047126 11.094862 11.207588 10.949110 11.143748 11.133144 10.944470 10.926044 10.872937 10.274236 9.807462 9.352037 8.694196 8.086503 7.786640 6.909408 7.082233 6.694554 6.130590 6.285174 6.292446 5.493131 4.631153 3.256412 4.069930 2.098523 -0.499974 -0.500000 -0.382429 1.039921 1.866637 2.378324 1.501557 1.657456 1.748886 1.908337 1.935731 1.825100 1.742337 1.709256 1.696041 1.837377 1.884106 1.953436 2.075705 1.989981 2.018416 2.325862 1.859193 2.066484 2.036212 1.862885 1.913846 1.954828 2.023032 2.244456 2.082883 1.999796 2.059357 2.181872 2.236065 2.213425 2.228288 2.219536 2.271385 2.317346 2.341145 2.356279 2.279119 2.779942 3.572116 3.454608 3.456065 3.770836 3.702821 3.326808 3.466308 3.614264 3.812271 3.145873 3.055702 3.267525 3.319788 3.437272 3.398834 3.376083 3.349442 3.237705 3.033016 3.851137 4.530411 4.595654 4.307267 4.071856 4.298998 4.497121 5.120467 6.048530 6.665899 7.111437 7.786877 8.422591 10.291150 10.403429 10.233747 10.050269 9.972693 9.380685 9.439989 10.007754 10.927145 11.270040 11.466116 11.769019 11.497622 11.403418 0.000000 0.000000 0.000000 0.000000 0.000000 0.000000 0.000000 0.000000 0.000000 0.000000 0.000000 0.000000 0.000000 0.000000 0.000000 0.000000 0.000000 0.000000 0.000000 0.000000 0.000000 0.000000 0.000000 0.000000 0.000000 0.000000 0.000000 0.000000 0.000000 0.000000 0.000000 0.000000 
0.000000 0.000000 0.000000 0.000000 0.000000 0.000000 0.000000 0.000000 0.000000 0.000000 0.000000 0.000000 0.000000 0.000000 0.000000 0.000000 0.000000 0.000000 0.000000 0.000000 0.000000 0.000000 0.000000 0.000000 0.000000 0.000000 0.000000 0.000000 0.000000 0.000000 0.000000 0.000000 0.000000 0.000000 0.000000 0.000000 0.000000 0.000000 0.000000 0.000000 0.000000 0.000000 0.000000 0.000000 0.000000 0.000000 0.000000 0.000000 0.000000 0.000000 0.000000 0.000000 0.000000 0.000000 0.000000 0.000000 0.000000 0.000000 0.000000 0.000000 0.000000 0.000000 0.000000 0.000000 0.000000 0.000000 0.000000 0.000000 0.000000 0.000000 0.000000 0.000000 0.000000 0.000000 0.000000 0.000000 0.000000 0.000000 0.000000 0.000000 11.792809 11.507936 11.482521 11.679280 11.809125 11.590797 11.491994 11.237390 11.104815 11.086012 11.090332 11.158216 11.082938 10.985305 11.059919 11.232303 11.127864 11.014743 11.022229 11.009099 10.797044 10.604268 10.400663 10.255731 10.014791 9.939947 10.034902 10.068007 10.288527 10.278993 10.281232 10.171106 10.356479 9.831306 6.603531 4.165682 0.620763 -0.500000 -0.500000 0.120284 1.372831 2.329701 2.583097 1.585572 1.803566 1.850999 1.987327 2.049716 1.870544 1.788898 1.743953 1.776962 1.938841 1.929719 1.952180 2.068746 2.039025 1.963950 2.027990 1.897695 2.274501 2.128942 1.984640 2.122880 2.053137 2.098608 2.345924 2.117132 2.036775 2.078867 2.214292 2.254625 2.226167 2.253551 2.263370 2.317024 2.415921 2.409442 2.370754 2.179529 2.831015 3.631795 3.587580 3.745216 3.399938 2.787016 2.470041 2.596267 2.945190 3.464718 3.577401 3.474971 3.079636 3.489258 3.452208 3.459898 3.377919 3.491603 3.220895 3.191888 3.480466 4.220405 4.193282 4.053015 3.931984 4.054789 4.476212 5.330705 6.559162 7.172651 7.697665 7.832382 9.199257 10.506334 10.373866 10.104310 9.879854 9.647138 9.296532 9.403116 9.960617 10.598628 11.244979 11.860262 11.880046 11.806119 0.000000 0.000000 0.000000 0.000000 0.000000 0.000000 0.000000 0.000000 0.000000 0.000000 0.000000 0.000000 0.000000 0.000000 0.000000 0.000000 0.000000 0.000000 0.000000 0.000000 0.000000 0.000000 0.000000 0.000000 0.000000 0.000000 0.000000 0.000000 0.000000 0.000000 0.000000 0.000000 0.000000 
0.000000 0.000000 0.000000 0.000000 0.000000 0.000000 0.000000 0.000000 0.000000 0.000000 0.000000 0.000000 0.000000 0.000000 0.000000 0.000000 0.000000 0.000000 0.000000 0.000000 0.000000 0.000000 0.000000 0.000000 0.000000 0.000000 0.000000 0.000000 0.000000 0.000000 0.000000 0.000000 0.000000 0.000000 0.000000 0.000000 0.000000 0.000000 0.000000 0.000000 0.000000 0.000000 0.000000 0.000000 0.000000 0.000000 0.000000 0.000000 0.000000 0.000000 0.000000 0.000000 0.000000 0.000000 0.000000 0.000000 0.000000 0.000000 0.000000 0.000000 0.000000 0.000000 0.000000 0.000000 0.000000 0.000000 0.000000 0.000000 0.000000 0.000000 0.000000 0.000000 0.000000 0.000000 0.000000 0.000000 0.000000 0.000000 0.000000 0.000000 0.000000 11.672311 11.668827 11.702454 11.615287 11.492652 11.427530 11.300064 11.207885 11.128290 11.082039 11.071585 11.200754 11.191936 11.202908 11.356691 11.198384 11.100266 11.179954 11.151759 11.005605 11.033451 10.946693 10.847536 10.781981 10.758978 10.702869 10.904774 11.129267 11.342179 11.436053 11.379395 11.249230 10.920322 9.484305 4.727432 0.258335 -0.500000 -0.437055 0.987012 1.907380 2.608974 2.088883 1.642430 1.832200 1.864620 1.910599 1.949874 1.844267 1.811622 1.754051 1.808441 2.028896 1.951888 1.981118 2.114617 2.038033 1.972651 2.006429 1.948751 2.196343 2.123116 2.017902 2.109699 2.129408 2.185784 2.289261 2.161745 2.140097 2.165577 2.224741 2.315239 2.246813 2.286292 2.317783 2.369909 2.441359 2.370548 2.311126 2.364876 3.425006 3.930505 3.600610 3.259579 2.797937 2.473566 2.736640 2.689911 2.705357 3.140038 3.275809 3.615744 3.101376 4.240214 4.306550 3.432645 3.550280 3.133594 2.978929 3.209244 3.808974 4.766343 4.843083 4.415872 4.110381 4.088709 4.705542 5.675937 6.593246 7.363384 7.932139 8.247986 8.419673 9.956573 10.451962 10.362562 10.058855 9.897944 9.498128 9.219220 10.102256 10.432379 10.953026 11.616059 12.001761 11.983147 0.000000 0.000000 0.000000 0.000000 0.000000 0.000000 0.000000 0.000000 0.000000 0.000000 0.000000 0.000000 0.000000 0.000000 0.000000 0.000000 0.000000 0.000000 0.000000 0.000000 0.000000 0.000000 0.000000 0.000000 0.000000 0.000000 0.000000 0.000000 0.000000 0.000000 0.000000 0.000000 0.000000 
0.000000 0.000000 0.000000 0.000000 0.000000 0.000000 0.000000 0.000000 0.000000 0.000000 0.000000 0.000000 0.000000 0.000000 0.000000 0.000000 0.000000 0.000000 0.000000 0.000000 0.000000 0.000000 0.000000 0.000000 0.000000 0.000000 0.000000 0.000000 0.000000 0.000000 0.000000 0.000000 0.000000 0.000000 0.000000 0.000000 0.000000 0.000000 0.000000 0.000000 0.000000 0.000000 0.000000 0.000000 0.000000 0.000000 0.000000 0.000000 0.000000 0.000000 0.000000 0.000000 0.000000 0.000000 0.000000 0.000000 0.000000 0.000000 0.000000 0.000000 0.000000 0.000000 0.000000 0.000000 0.000000 0.000000 0.000000 0.000000 0.000000 0.000000 0.000000 0.000000 0.000000 0.000000 0.000000 0.000000 0.000000 0.000000 0.000000 0.000000 0.000000 0.000000 11.904536 11.869620 11.699602 11.632052 11.533473 11.427999 11.335699 11.286610 11.185778 11.167606 11.168509 11.273755 11.326159 11.352193 11.324902 11.346993 11.329848 11.302551 11.083244 11.183651 11.206206 11.190718 11.125172 11.132383 11.180571 11.263583 11.448215 11.674441 11.788198 11.710412 11.674584 11.281238 9.680045 4.417084 -0.264528 -0.500000 -0.326403 1.650743 2.300617 3.103038 2.009041 1.684694 1.863711 1.874321 1.952685 1.923061 1.895898 1.901878 1.951503 1.914132 2.034386 2.033513 2.060866 2.207990 2.086175 2.036639 2.027173 1.992182 2.337304 2.266559 2.118898 2.138047 2.209248 2.292759 2.335411 2.136151 2.164241 2.222014 2.255819 2.351941 2.306675 2.360977 2.358943 2.367306 2.432669 2.364915 2.357557 2.408957 2.597288 2.507409 2.552922 2.518898 2.386591 2.361737 2.514313 2.501303 2.727390 2.843147 2.971928 3.537355 3.380251 4.056969 4.143996 3.507016 3.547863 2.836490 2.962656 3.708870 5.049196 5.614071 5.596894 5.034090 4.414277 4.258020 4.691671 5.667147 6.280200 6.790450 7.389089 7.852271 8.283669 8.813325 10.324759 10.438965 10.214016 10.070676 9.757360 9.409974 9.882230 10.487981 10.869955 11.221928 12.013079 0.000000 0.000000 0.000000 0.000000 0.000000 0.000000 0.000000 0.000000 0.000000 0.000000 0.000000 0.000000 0.000000 0.000000 0.000000 0.000000 0.000000 0.000000 0.000000 0.000000 0.000000 0.000000 0.000000 0.000000 0.000000 0.000000 0.000000 0.000000 0.000000 0.000000 0.000000 0.000000 0.000000 0.000000 
0.000000 0.000000 0.000000 0.000000 0.000000 0.000000 0.000000 0.000000 0.000000 0.000000 0.000000 0.000000 0.000000 0.000000 0.000000 0.000000 0.000000 0.000000 0.000000 0.000000 0.000000 0.000000 0.000000 0.000000 0.000000 0.000000 0.000000 0.000000 0.000000 0.000000 0.000000 0.000000 0.000000 0.000000 0.000000 0.000000 0.000000 0.000000 0.000000 0.000000 0.000000 0.000000 0.000000 0.000000 0.000000 0.000000 0.000000 0.000000 0.000000 0.000000 0.000000 0.000000 0.000000 0.000000 0.000000 0.000000 0.000000 0.000000 0.000000 0.000000 0.000000 0.000000 0.000000 0.000000 0.000000 0.000000 0.000000 0.000000 0.000000 0.000000 0.000000 0.000000 0.000000 0.000000 0.000000 0.000000 0.000000 0.000000 0.000000 0.000000 0.000000 0.000000 0.000000 11.888873 11.741118 11.787323 11.686008 11.636364 11.503020 11.420537 11.399706 11.328477 11.304260 11.417915 11.373271 11.468699 11.504171 11.567031 11.656944 11.638667 11.474307 11.499539 11.445261 11.398738 11.370833 11.379418 11.416785 11.473755 11.658523 11.805537 11.942171 11.843827 11.720675 11.197142 9.531794 4.206244 -0.480798 -0.500000 -0.136645 1.879303 2.543271 3.166702 1.904186 1.749954 1.957224 1.958553 2.008467 1.997537 1.954798 1.960605 1.945603 1.950166 2.095918 2.019256 2.142983 2.154072 2.134835 2.096410 2.138576 2.079520 2.150089 2.254155 2.146338 2.156490 2.318305 2.523569 2.488724 2.190566 2.156020 2.183108 2.216235 2.359027 2.394504 2.397675 2.395757 2.357202 2.411816 2.246879 2.230789 2.143555 2.155701 2.098390 2.133547 2.279323 2.381757 2.338833 2.419473 2.398673 2.458809 2.521289 2.828426 3.017519 3.374280 3.657364 3.339611 3.380452 3.299561 2.916775 2.975341 3.794172 5.471551 5.917405 5.840959 5.103056 4.698700 4.646690 4.830887 5.179788 5.547895 6.011586 6.674242 7.288821 7.756338 8.602628 9.139051 10.094433 10.430173 10.427699 10.064298 9.815124 9.757146 10.356102 10.731572 11.102947 11.628790 0.000000 0.000000 0.000000 0.000000 0.000000 0.000000 0.000000 0.000000 0.000000 0.000000 0.000000 0.000000 0.000000 0.000000 0.000000 0.000000 0.000000 0.000000 0.000000 0.000000 0.000000 0.000000 0.000000 0.000000 0.000000 0.000000 0.000000 0.000000 0.000000 0.000000 0.000000 0.000000 0.000000 0.000000 
0.000000 0.000000 0.000000 0.000000 0.000000 0.000000 0.000000 0.000000 0.000000 0.000000 0.000000 0.000000 0.000000 0.000000 0.000000 0.000000 0.000000 0.000000 0.000000 0.000000 0.000000 0.000000 0.000000 0.000000 0.000000 0.000000 0.000000 0.000000 0.000000 0.000000 0.000000 0.000000 0.000000 0.000000 0.000000 0.000000 0.000000 0.000000 0.000000 0.000000 0.000000 0.000000 0.000000 0.000000 0.000000 0.000000 0.000000 0.000000 0.000000 0.000000 0.000000 0.000000 0.000000 0.000000 0.000000 0.000000 0.000000 0.000000 0.000000 0.000000 0.000000 0.000000 0.000000 0.000000 0.000000 0.000000 0.000000 0.000000 0.000000 0.000000 0.000000 0.000000 0.000000 0.000000 0.000000 0.000000 0.000000 0.000000 0.000000 0.000000 0.000000 0.000000 0.000000 12.002147 11.779283 11.955392 11.978903 11.820678 11.681352 11.519286 11.569438 11.492346 11.343318 11.457275 11.515372 11.539838 11.661723 11.641104 11.687757 11.738600 11.774977 11.756130 11.703073 11.647755 11.618961 11.600245 11.631275 11.705451 11.787692 11.847058 11.909380 11.925583 11.657640 11.085904 10.289951 3.568933 -0.499742 -0.500000 0.290999 2.092166 3.137768 3.330060 1.819985 1.795674 2.001618 1.985561 2.041742 2.021991 2.046915 2.044966 1.941126 1.959818 2.048121 2.012667 2.097120 2.213180 2.194893 2.169894 2.129465 2.066155 2.161669 2.267735 2.174686 2.176959 2.274304 2.428205 2.485347 2.275954 2.174291 2.155094 2.036859 2.206080 2.371869 2.503092 2.416360 2.325554 2.311436 2.270195 2.179375 2.184647 1.938924 2.061840 2.126225 2.291100 2.398571 2.284597 2.323570 2.359118 2.493994 2.618542 3.054517 3.799512 3.566046 3.235449 2.998351 3.093735 2.951236 2.976508 3.022110 3.258963 5.038859 5.657249 5.917105 5.533736 5.217058 5.106472 5.072512 5.125820 5.336921 5.740905 6.153254 6.675856 7.498702 8.061286 8.911039 9.480461 10.454836 10.679944 10.380610 10.362959 10.014278 10.061229 10.584011 11.022871 0.000000 0.000000 0.000000 0.000000 0.000000 0.000000 0.000000 0.000000 0.000000 0.000000 0.000000 0.000000 0.000000 0.000000 0.000000 0.000000 0.000000 0.000000 0.000000 0.000000 0.000000 0.000000 0.000000 0.000000 0.000000 0.000000 0.000000 0.000000 0.000000 0.000000 0.000000 0.000000 0.000000 0.000000 0.000000 
0.000000 0.000000 0.000000 0.000000 0.000000 0.000000 0.000000 0.000000 0.000000 0.000000 0.000000 0.000000 0.000000 0.000000 0.000000 0.000000 0.000000 0.000000 0.000000 0.000000 0.000000 0.000000 0.000000 0.000000 0.000000 0.000000 0.000000 0.000000 0.000000 0.000000 0.000000 0.000000 0.000000 0.000000 0.000000 0.000000 0.000000 0.000000 0.000000 0.000000 0.000000 0.000000 0.000000 0.000000 0.000000 0.000000 0.000000 0.000000 0.000000 0.000000 0.000000 0.000000 0.000000 0.000000 0.000000 0.000000 0.000000 0.000000 0.000000 0.000000 0.000000 0.000000 0.000000 0.000000 0.000000 0.000000 0.000000 0.000000 0.000000 0.000000 0.000000 0.000000 0.000000 0.000000 0.000000 0.000000 0.000000 0.000000 0.000000 0.000000 0.000000 0.000000 0.000000 0.000000 11.942458 11.986543 12.032744 12.115165 11.862738 11.617572 11.629241 11.539368 11.460514 11.724363 11.672308 11.692700 11.899208 11.923018 11.912474 12.008923 12.075743 11.992437 11.889389 11.713002 11.694996 11.680224 11.677249 11.727132 11.919189 11.983850 11.956052 11.968111 11.762010 11.120740 10.306445 3.101965 -0.500000 -0.500000 1.458989 2.736319 3.144647 3.564409 1.843781 1.876945 1.967635 2.013312 2.054575 2.022527 2.061286 2.109280 2.010124 2.006714 2.081300 2.108662 2.167404 2.265413 2.225461 2.274236 2.145820 2.062462 2.139990 2.230775 2.154494 2.145943 2.202546 2.278754 2.292695 2.224818 2.134457 2.132942 2.161842 2.228896 2.352103 2.471234 2.406281 2.249634 2.191503 2.293974 2.322432 2.145033 1.924489 1.973279 2.080907 2.319141 2.387585 2.294021 2.288654 2.406144 2.494837 2.741359 3.224750 3.774264 3.306811 3.161061 3.085971 2.748420 2.835757 2.970035 3.103256 3.144948 3.950765 5.474568 5.529371 5.668193 5.724173 5.742081 5.154927 5.161565 5.346317 5.737908 6.114365 6.485896 6.958228 7.648819 8.487830 9.283259 10.090862 10.465899 10.660966 10.635231 10.556464 10.300067 10.399762 11.064724 0.000000 0.000000 0.000000 0.000000 0.000000 0.000000 0.000000 0.000000 0.000000 0.000000 0.000000 0.000000 0.000000 0.000000 0.000000 0.000000 0.000000 0.000000 0.000000 0.000000 0.000000 0.000000 0.000000 0.000000 0.000000 0.000000 0.000000 0.000000 0.000000 0.000000 0.000000 0.000000 0.000000 0.000000 0.000000 
0.000000 0.000000 0.000000 0.000000 0.000000 0.000000 0.000000 0.000000 0.000000 0.000000 0.000000 0.000000 0.000000 0.000000 0.000000 0.000000 0.000000 0.000000 0.000000 0.000000 0.000000 0.000000 0.000000 0.000000 0.000000 0.000000 0.000000 0.000000 0.000000 0.000000 0.000000 0.000000 0.000000 0.000000 0.000000 0.000000 0.000000 0.000000 0.000000 0.000000 0.000000 0.000000 0.000000 0.000000 0.000000 0.000000 0.000000 0.000000 0.000000 0.000000 0.000000 0.000000 0.000000 0.000000 0.000000 0.000000 0.000000 0.000000 0.000000 0.000000 0.000000 0.000000 0.000000 0.000000 0.000000 0.000000 0.000000 0.000000 0.000000 0.000000 0.000000 0.000000 0.000000 0.000000 0.000000 0.000000 0.000000 0.000000 0.000000 0.000000 0.000000 0.000000 0.000000 0.000000 0.000000 12.128950 12.148175 12.165203 11.982629 11.697370 11.681885 11.644108 11.700747 11.678685 11.777287 11.994543 12.082914 12.246705 12.220934 12.232342 12.320669 12.156487 12.045498 11.864722 11.791603 11.830475 11.765342 11.724433 11.906000 12.084714 11.983956 11.984284 11.886332 11.206974 9.940841 4.450491 -0.500000 -0.499981 1.559020 2.724786 2.871548 3.543723 1.900488 1.950219 2.002205 2.050639 2.070208 2.067676 2.167291 2.192576 2.102252 2.107848 2.204905 2.190582 2.270763 2.262820 2.254977 2.261846 2.113761 2.039752 2.067937 2.248193 2.126049 2.092443 2.159411 2.231963 2.222610 2.198769 2.149961 2.166777 2.445084 2.285885 2.378999 2.453862 2.485237 2.301374 2.245102 2.205719 2.342471 2.184177 1.912860 2.004309 2.113815 2.233858 2.435201 2.391273 2.350302 2.492607 2.467471 2.577082 2.776561 3.573814 3.258747 3.250950 3.211977 2.776066 2.829179 2.974688 2.999701 3.109779 3.668401 4.747564 5.803785 5.908641 5.984987 5.928549 5.502845 5.770107 6.133291 6.598198 7.007072 6.924240 7.422219 8.222608 8.893498 9.501646 9.781537 10.290928 10.841522 10.959012 10.801404 10.759264 10.623921 0.000000 0.000000 0.000000 0.000000 0.000000 0.000000 0.000000 0.000000 0.000000 0.000000 0.000000 0.000000 0.000000 0.000000 0.000000 0.000000 0.000000 0.000000 0.000000 0.000000 0.000000 0.000000 0.000000 0.000000 0.000000 0.000000 0.000000 0.000000 0.000000 0.000000 0.000000 0.000000 0.000000 0.000000 0.000000 0.000000 
0.000000 0.000000 0.000000 0.000000 0.000000 0.000000 0.000000 0.000000 0.000000 0.000000 0.000000 0.000000 0.000000 0.000000 0.000000 0.000000 0.000000 0.000000 0.000000 0.000000 0.000000 0.000000 0.000000 0.000000 0.000000 0.000000 0.000000 0.000000 0.000000 0.000000 0.000000 0.000000 0.000000 0.000000 0.000000 0.000000 0.000000 0.000000 0.000000 0.000000 0.000000 0.000000 0.000000 0.000000 0.000000 0.000000 0.000000 0.000000 0.000000 0.000000 0.000000 0.000000 0.000000 0.000000 0.000000 0.000000 0.000000 0.000000 0.000000 0.000000 0.000000 0.000000 0.000000 0.000000 0.000000 0.000000 0.000000 0.000000 0.000000 0.000000 0.000000 0.000000 0.000000 0.000000 0.000000 0.000000 0.000000 0.000000 0.000000 0.000000 0.000000 0.000000 0.000000 0.000000 0.000000 12.454657 12.270902 12.218700 12.008254 11.828214 11.798523 11.833611 11.822602 11.872429 11.973411 12.257972 12.310004 12.362757 12.454334 12.422111 12.481235 12.280341 12.151279 11.973049 11.896412 11.859821 11.846703 11.804891 12.010303 12.169984 12.101315 12.048493 11.866652 11.232762 10.259366 4.198548 -0.499917 -0.499934 1.597229 2.623043 2.825602 3.089111 1.942718 2.034264 2.082899 2.125851 2.181847 2.095687 2.175900 2.125987 2.098058 2.082788 2.140422 2.126477 2.160021 2.203352 2.233590 2.204480 2.129895 2.100039 1.986290 2.337558 2.166984 2.084916 2.241355 2.349398 2.266082 2.239586 2.245275 2.238584 2.328952 2.388138 2.340157 2.441102 2.506788 2.370161 2.280930 2.298139 2.197403 2.225462 2.056259 1.978670 2.132137 2.253858 2.407527 2.474874 2.369978 2.488450 2.528159 2.516872 2.478849 3.456478 3.296869 3.297184 3.279945 2.851659 2.788128 2.916744 3.261969 3.744558 3.797612 4.307554 5.762152 5.987616 6.107031 6.657473 6.701185 6.889539 7.257782 7.422024 7.593171 7.966652 8.377071 8.758718 9.200480 9.648144 9.976625 10.219545 10.890616 11.126786 11.151051 11.192056 11.088919 0.000000 0.000000 0.000000 0.000000 0.000000 0.000000 0.000000 0.000000 0.000000 0.000000 0.000000 0.000000 0.000000 0.000000 0.000000 0.000000 0.000000 0.000000 0.000000 0.000000 0.000000 0.000000 0.000000 0.000000 0.000000 0.000000 0.000000 0.000000 0.000000 0.000000 0.000000 0.000000 0.000000 0.000000 0.000000 0.000000 
0.000000 0.000000 0.000000 0.000000 0.000000 0.000000 0.000000 0.000000 0.000000 0.000000 0.000000 0.000000 0.000000 0.000000 0.000000 0.000000 0.000000 0.000000 0.000000 0.000000 0.000000 0.000000 0.000000 0.000000 0.000000 0.000000 0.000000 0.000000 0.000000 0.000000 0.000000 0.000000 0.000000 0.000000 0.000000 0.000000 0.000000 0.000000 0.000000 0.000000 0.000000 0.000000 0.000000 0.000000 0.000000 0.000000 0.000000 0.000000 0.000000 0.000000 0.000000 0.000000 0.000000 0.000000 0.000000 0.000000 0.000000 0.000000 0.000000 0.000000 0.000000 0.000000 0.000000 0.000000 0.000000 0.000000 0.000000 0.000000 0.000000 0.000000 0.000000 0.000000 0.000000 0.000000 0.000000 0.000000 0.000000 0.000000 0.000000 0.000000 0.000000 0.000000 0.000000 0.000000 0.000000 0.000000 12.288375 12.383595 12.221121 11.977843 11.935840 12.070633 11.973056 12.014748 12.277941 12.496214 12.539635 12.599582 12.528164 12.549392 12.487092 12.428273 12.317804 12.171000 12.187572 12.100236 12.033278 12.009061 12.055088 12.172428 12.061605 11.984330 11.891724 10.671825 9.858206 4.061341 -0.482616 -0.500000 0.920685 2.742553 2.944767 3.477185 1.945063 2.009898 2.061840 2.130887 2.136221 2.122496 2.245717 2.137936 2.086941 2.125585 2.077804 2.049700 2.137942 2.264236 2.294248 2.201402 2.165070 2.143568 1.972722 2.378405 2.270623 2.170789 2.315597 2.393996 2.428780 2.275700 2.284850 2.400177 2.384853 2.437301 2.422048 2.421803 2.459789 2.395529 2.402522 2.414065 2.342439 2.226008 2.059937 2.074035 2.190473 2.414635 2.578332 2.680455 2.569669 2.521456 2.572229 2.581630 2.579863 2.898290 3.592881 3.490354 3.658100 3.463695 3.163856 3.437014 3.879180 4.374621 3.846037 4.667459 5.631063 6.243482 6.786966 7.137236 7.356261 7.923524 8.308441 8.664539 8.944639 8.675065 8.957699 9.276185 9.631376 9.977678 10.230198 10.502789 10.742887 11.301024 11.513879 11.624129 0.000000 0.000000 0.000000 0.000000 0.000000 0.000000 0.000000 0.000000 0.000000 0.000000 0.000000 0.000000 0.000000 0.000000 0.000000 0.000000 0.000000 0.000000 0.000000 0.000000 0.000000 0.000000 0.000000 0.000000 0.000000 0.000000 0.000000 0.000000 0.000000 0.000000 0.000000 0.000000 0.000000 0.000000 0.000000 0.000000 0.000000 
0.000000 0.000000 0.000000 0.000000 0.000000 0.000000 0.000000 0.000000 0.000000 0.000000 0.000000 0.000000 0.000000 0.000000 0.000000 0.000000 0.000000 0.000000 0.000000 0.000000 0.000000 0.000000 0.000000 0.000000 0.000000 0.000000 0.000000 0.000000 0.000000 0.000000 0.000000 0.000000 0.000000 0.000000 0.000000 0.000000 0.000000 0.000000 0.000000 0.000000 0.000000 0.000000 0.000000 0.000000 0.000000 0.000000 0.000000 0.000000 0.000000 0.000000 0.000000 0.000000 0.000000 0.000000 0.000000 0.000000 0.000000 0.000000 0.000000 0.000000 0.000000 0.000000 0.000000 0.000000 0.000000 0.000000 0.000000 0.000000 0.000000 0.000000 0.000000 0.000000 0.000000 0.000000 0.000000 0.000000 0.000000 0.000000 0.000000 0.000000 0.000000 0.000000 0.000000 0.000000 0.000000 0.000000 12.260284 12.303758 12.303228 12.160060 12.096802 12.104123 12.097205 12.113480 12.396979 12.607983 12.637282 12.656950 12.710771 12.583653 12.514953 12.383765 12.424035 12.432637 12.178877 12.123260 12.101532 12.086618 12.085623 12.172824 12.120605 11.968555 11.805053 10.675742 9.830433 5.041924 0.185615 -0.499830 -0.110003 2.448727 2.761563 3.136210 1.890835 2.001015 2.029734 2.177869 2.196993 2.159005 2.215689 2.143949 2.101375 2.133299 2.082594 2.072987 2.115099 2.190788 2.331943 2.272272 2.170540 2.120826 1.962393 2.408864 2.344635 2.228009 2.357774 2.426141 2.376813 2.395197 2.406390 2.399174 2.384013 2.529941 2.500737 2.478748 2.529380 2.501734 2.479378 2.415968 2.320927 2.280502 2.148947 2.193622 2.260472 2.427682 2.585962 2.711324 2.741585 2.463347 2.549280 2.607587 2.593950 2.637458 3.635315 3.198588 2.872775 3.442718 3.261287 3.662149 4.316595 4.481762 4.277660 4.655611 5.673637 6.303645 7.217665 7.508910 7.677112 7.897585 8.221481 8.386605 8.807284 8.923056 9.284320 9.594162 9.934331 10.164577 10.423251 10.667475 10.928368 11.113217 11.594812 11.891994 0.000000 0.000000 0.000000 0.000000 0.000000 0.000000 0.000000 0.000000 0.000000 0.000000 0.000000 0.000000 0.000000 0.000000 0.000000 0.000000 0.000000 0.000000 0.000000 0.000000 0.000000 0.000000 0.000000 0.000000 0.000000 0.000000 0.000000 0.000000 0.000000 0.000000 0.000000 0.000000 0.000000 0.000000 0.000000 0.000000 0.000000 
0.000000 0.000000 0.000000 0.000000 0.000000 0.000000 0.000000 0.000000 0.000000 0.000000 0.000000 0.000000 0.000000 0.000000 0.000000 0.000000 0.000000 0.000000 0.000000 0.000000 0.000000 0.000000 0.000000 0.000000 0.000000 0.000000 0.000000 0.000000 0.000000 0.000000 0.000000 0.000000 0.000000 0.000000 0.000000 0.000000 0.000000 0.000000 0.000000 0.000000 0.000000 0.000000 0.000000 0.000000 0.000000 0.000000 0.000000 0.000000 0.000000 0.000000 0.000000 0.000000 0.000000 0.000000 0.000000 0.000000 0.000000 0.000000 0.000000 0.000000 0.000000 0.000000 0.000000 0.000000 0.000000 0.000000 0.000000 0.000000 0.000000 0.000000 0.000000 0.000000 0.000000 0.000000 0.000000 0.000000 0.000000 0.000000 0.000000 0.000000 0.000000 0.000000 0.000000 0.000000 0.000000 0.000000 0.000000 12.369308 12.417944 12.286007 12.304343 12.277269 12.257671 12.270653 12.581860 12.746752 12.796971 12.824056 12.829963 12.647636 12.595625 12.521694 12.441718 12.363749 12.251488 12.247951 12.131893 12.041849 12.146091 12.214313 12.041512 11.865057 11.879902 11.539246 10.298232 5.424387 1.276178 -0.475602 -0.498351 1.050352 2.665074 2.760274 1.975301 2.102046 2.118254 2.196044 2.243717 2.183287 2.308020 2.124477 2.077142 2.113363 2.098649 2.141457 2.122545 2.172508 2.397076 2.371518 2.256029 2.224311 2.009812 2.406031 2.351588 2.216052 2.413542 2.447441 2.452198 2.499480 2.516659 2.462546 2.477080 2.611780 2.530470 2.599408 2.594389 2.625115 2.531502 2.408134 2.335972 2.334403 2.093465 2.260667 2.339193 2.459668 2.599756 2.652159 2.668019 2.523321 2.528263 2.577430 2.580275 2.586917 2.727716 2.695428 2.700922 3.278082 3.480145 3.768382 4.208725 4.374271 4.414796 4.659909 5.473116 6.189087 6.865583 7.495509 7.773367 7.892346 8.165963 8.449304 8.770244 9.205345 9.528012 10.003516 10.294991 10.353942 10.532679 10.783217 11.071635 11.287423 11.496702 12.092412 0.000000 0.000000 0.000000 0.000000 0.000000 0.000000 0.000000 0.000000 0.000000 0.000000 0.000000 0.000000 0.000000 0.000000 0.000000 0.000000 0.000000 0.000000 0.000000 0.000000 0.000000 0.000000 0.000000 0.000000 0.000000 0.000000 0.000000 0.000000 0.000000 0.000000 0.000000 0.000000 0.000000 0.000000 0.000000 0.000000 0.000000 
0.000000 0.000000 0.000000 0.000000 0.000000 0.000000 0.000000 0.000000 0.000000 0.000000 0.000000 0.000000 0.000000 0.000000 0.000000 0.000000 0.000000 0.000000 0.000000 0.000000 0.000000 0.000000 0.000000 0.000000 0.000000 0.000000 0.000000 0.000000 0.000000 0.000000 0.000000 0.000000 0.000000 0.000000 0.000000 0.000000 0.000000 0.000000 0.000000 0.000000 0.000000 0.000000 0.000000 0.000000 0.000000 0.000000 0.000000 0.000000 0.000000 0.000000 0.000000 0.000000 0.000000 0.000000 0.000000 0.000000 0.000000 0.000000 0.000000 0.000000 0.000000 0.000000 0.000000 0.000000 0.000000 0.000000 0.000000 0.000000 0.000000 0.000000 0.000000 0.000000 0.000000 0.000000 0.000000 0.000000 0.000000 0.000000 0.000000 0.000000 0.000000 0.000000 0.000000 0.000000 0.000000 0.000000 0.000000 12.467127 12.388561 12.359769 12.386950 12.404308 12.405973 12.495958 12.750090 12.773143 12.819539 12.845192 12.759139 12.688777 12.549647 12.590972 12.443820 12.305991 12.143534 12.152372 12.101122 11.936582 12.151045 12.274985 12.056229 11.771024 11.619511 11.169486 10.228343 4.675585 0.688474 -0.491101 -0.500000 -0.293961 2.314344 3.036233 2.088380 2.136590 2.172337 2.292831 2.251987 2.231472 2.263394 2.191084 2.097209 2.119025 2.111612 2.219483 2.204562 2.258760 2.390557 2.391577 2.331987 2.248245 2.196495 2.308460 2.451988 2.341701 2.453858 2.501207 2.544909 2.596977 2.592610 2.561516 2.586146 2.605051 2.536022 2.531169 2.543104 2.547911 2.520141 2.366895 2.314043 2.314964 2.029645 2.230129 2.305775 2.375090 2.444191 2.552410 2.668687 2.602484 2.532586 2.594189 2.606342 2.584070 2.649544 2.680986 2.684985 2.898210 3.466234 3.602187 3.645849 4.103071 3.899506 4.096125 4.967374 6.031249 6.842782 7.441306 7.715544 8.100050 8.390475 8.571568 8.888628 9.512999 9.643060 9.944830 10.244817 10.470825 10.646201 10.897606 11.120304 11.430770 11.671548 11.924338 0.000000 0.000000 0.000000 0.000000 0.000000 0.000000 0.000000 0.000000 0.000000 0.000000 0.000000 0.000000 0.000000 0.000000 0.000000 0.000000 0.000000 0.000000 0.000000 0.000000 0.000000 0.000000 0.000000 0.000000 0.000000 0.000000 0.000000 0.000000 0.000000 0.000000 0.000000 0.000000 0.000000 0.000000 0.000000 0.000000 0.000000 
0.000000 0.000000 0.000000 0.000000 0.000000 0.000000 0.000000 0.000000 0.000000 0.000000 0.000000 0.000000 0.000000 0.000000 0.000000 0.000000 0.000000 0.000000 0.000000 0.000000 0.000000 0.000000 0.000000 0.000000 0.000000 0.000000 0.000000 0.000000 0.000000 0.000000 0.000000 0.000000 0.000000 0.000000 0.000000 0.000000 0.000000 0.000000 0.000000 0.000000 0.000000 0.000000 0.000000 0.000000 0.000000 0.000000 0.000000 0.000000 0.000000 0.000000 0.000000 0.000000 0.000000 0.000000 0.000000 0.000000 0.000000 0.000000 0.000000 0.000000 0.000000 0.000000 0.000000 0.000000 0.000000 0.000000 0.000000 0.000000 0.000000 0.000000 0.000000 0.000000 0.000000 0.000000 0.000000 0.000000 0.000000 0.000000 0.000000 0.000000 0.000000 0.000000 0.000000 0.000000 0.000000 0.000000 0.000000 0.000000 12.341274 12.327766 12.350488 12.446548 12.483778 12.587333 12.607670 12.661669 12.673081 12.717412 12.720029 12.702510 12.589618 12.718601 12.619959 12.422476 12.134524 12.095824 12.031922 11.873748 12.026108 12.133749 11.931056 11.566255 11.264438 10.704724 8.519123 3.114324 0.155336 -0.499690 -0.500000 -0.500000 0.667025 2.333518 2.243894 2.166214 2.189784 2.270630 2.318397 2.338563 2.339788 2.351609 2.324936 2.240410 2.274937 2.330353 2.292692 2.325465 2.484608 2.463371 2.442943 2.424279 2.419866 2.446871 2.481243 2.377646 2.481893 2.518731 2.569066 2.592287 2.553262 2.537058 2.572188 2.602830 2.609005 2.622058 2.649194 2.517229 2.497664 2.370421 2.269578 2.365720 2.237136 2.258208 2.387482 2.348217 2.473607 2.549751 2.704898 2.714770 2.573697 2.592082 2.602693 2.584962 2.623410 2.661241 2.684978 2.791751 2.998808 2.809956 2.913560 3.524663 3.576535 3.836966 4.643655 5.788678 6.854478 7.339977 7.622634 8.218209 8.491930 8.586918 9.017036 9.433096 9.758243 9.999901 10.345211 10.627697 10.944421 11.175968 11.457018 11.718567 11.937632 12.071327 0.000000 0.000000 0.000000 0.000000 0.000000 0.000000 0.000000 0.000000 0.000000 0.000000 0.000000 0.000000 0.000000 0.000000 0.000000 0.000000 0.000000 0.000000 0.000000 0.000000 0.000000 0.000000 0.000000 0.000000 0.000000 0.000000 0.000000 0.000000 0.000000 0.000000 0.000000 0.000000 0.000000 0.000000 0.000000 0.000000 0.000000 
0.000000 0.000000 0.000000 0.000000 0.000000 0.000000 0.000000 0.000000 0.000000 0.000000 0.000000 0.000000 0.000000 0.000000 0.000000 0.000000 0.000000 0.000000 0.000000 0.000000 0.000000 0.000000 0.000000 0.000000 0.000000 0.000000 0.000000 0.000000 0.000000 0.000000 0.000000 0.000000 0.000000 0.000000 0.000000 0.000000 0.000000 0.000000 0.000000 0.000000 0.000000 0.000000 0.000000 0.000000 0.000000 0.000000 0.000000 0.000000 0.000000 0.000000 0.000000 0.000000 0.000000 0.000000 0.000000 0.000000 0.000000 0.000000 0.000000 0.000000 0.000000 0.000000 0.000000 0.000000 0.000000 0.000000 0.000000 0.000000 0.000000 0.000000 0.000000 0.000000 0.000000 0.000000 0.000000 0.000000 0.000000 0.000000 0.000000 0.000000 0.000000 0.000000 0.000000 0.000000 0.000000 0.000000 0.000000 0.000000 12.549485 12.567854 12.530087 12.510613 12.477150 12.661661 12.792728 12.854606 12.797726 12.728498 12.627291 12.588140 12.606719 12.747806 12.695029 12.300306 12.154436 11.934561 11.919092 11.814820 11.833029 11.749273 11.631287 11.091064 10.199695 8.932149 6.895633 3.036900 1.172436 0.006199 -0.498803 -0.500000 -0.446246 1.235662 3.256401 2.854496 2.563927 2.732574 2.752827 2.801650 3.303272 2.788907 3.002288 2.635866 2.481455 2.626734 2.474868 2.389610 2.538679 2.529238 2.469105 2.412292 2.458834 2.432947 2.512066 2.412831 2.521691 2.529893 2.610740 2.629825 2.587472 2.618185 2.664904 2.608596 2.626529 2.632188 2.644204 2.626820 2.466894 2.398118 2.294227 2.353071 2.436886 2.320758 2.392636 2.417127 2.518567 2.589504 2.735142 2.855527 2.681519 2.618035 2.609322 2.613451 2.638710 2.691169 2.842983 2.769472 2.770936 2.814997 2.836566 3.072580 3.707565 3.613139 4.151734 4.818020 6.293829 7.166303 7.556678 7.944911 8.386754 8.721862 9.214211 9.534833 9.807213 10.152461 10.517078 10.728373 11.140319 11.445273 11.807993 11.938848 12.053213 12.299042 0.000000 0.000000 0.000000 0.000000 0.000000 0.000000 0.000000 0.000000 0.000000 0.000000 0.000000 0.000000 0.000000 0.000000 0.000000 0.000000 0.000000 0.000000 0.000000 0.000000 0.000000 0.000000 0.000000 0.000000 0.000000 0.000000 0.000000 0.000000 0.000000 0.000000 0.000000 0.000000 0.000000 0.000000 0.000000 0.000000 0.000000 
0.000000 0.000000 0.000000 0.000000 0.000000 0.000000 0.000000 0.000000 0.000000 0.000000 0.000000 0.000000 0.000000 0.000000 0.000000 0.000000 0.000000 0.000000 0.000000 0.000000 0.000000 0.000000 0.000000 0.000000 0.000000 0.000000 0.000000 0.000000 0.000000 0.000000 0.000000 0.000000 0.000000 0.000000 0.000000 0.000000 0.000000 0.000000 0.000000 0.000000 0.000000 0.000000 0.000000 0.000000 0.000000 0.000000 0.000000 0.000000 0.000000 0.000000 0.000000 0.000000 0.000000 0.000000 0.000000 0.000000 0.000000 0.000000 0.000000 0.000000 0.000000 0.000000 0.000000 0.000000 0.000000 0.000000 0.000000 0.000000 0.000000 0.000000 0.000000 0.000000 0.000000 0.000000 0.000000 0.000000 0.000000 0.000000 0.000000 0.000000 0.000000 0.000000 0.000000 0.000000 0.000000 0.000000 0.000000 0.000000 12.634696 12.666682 12.651396 12.642841 12.529829 12.692110 12.914374 13.344323 13.420147 12.808820 12.664394 12.448218 12.419364 12.460171 12.331211 12.138452 12.110684 11.931314 11.846981 11.824020 11.946948 11.932560 11.606587 10.643003 9.139533 7.885555 6.405355 3.270315 1.599366 0.471074 -0.435285 -0.500000 -0.499879 0.115149 3.010640 3.026258 2.903388 2.767313 3.064570 3.072787 3.024478 2.932705 3.520795 2.925974 2.590141 2.717819 2.487797 2.467344 2.502750 2.591354 2.527648 2.477829 2.470088 2.451725 2.579157 2.486484 2.549097 2.584622 2.621588 2.641120 2.645389 2.649655 2.647870 2.580955 2.565610 2.660826 2.735047 2.734713 2.502270 2.375001 2.303582 2.368519 2.427385 2.407505 2.417470 2.481312 2.570798 2.620473 2.739087 2.804402 2.789013 2.591705 2.593212 2.690021 2.673899 2.701269 2.800194 2.764125 2.794068 2.775801 2.796793 2.926965 3.869906 3.688015 3.420234 3.988204 5.960339 7.338335 7.594625 7.789768 8.472013 8.844706 9.270702 9.608829 9.845631 10.254730 10.611891 10.836482 11.393737 11.698658 11.904452 12.053782 12.207575 12.459573 12.678267 0.000000 0.000000 0.000000 0.000000 0.000000 0.000000 0.000000 0.000000 0.000000 0.000000 0.000000 0.000000 0.000000 0.000000 0.000000 0.000000 0.000000 0.000000 0.000000 0.000000 0.000000 0.000000 0.000000 0.000000 0.000000 0.000000 0.000000 0.000000 0.000000 0.000000 0.000000 0.000000 0.000000 0.000000 0.000000 0.000000 
0.000000 0.000000 0.000000 0.000000 0.000000 0.000000 0.000000 0.000000 0.000000 0.000000 0.000000 0.000000 0.000000 0.000000 0.000000 0.000000 0.000000 0.000000 0.000000 0.000000 0.000000 0.000000 0.000000 0.000000 0.000000 0.000000 0.000000 0.000000 0.000000 0.000000 0.000000 0.000000 0.000000 0.000000 0.000000 0.000000 0.000000 0.000000 0.000000 0.000000 0.000000 0.000000 0.000000 0.000000 0.000000 0.000000 0.000000 0.000000 0.000000 0.000000 0.000000 0.000000 0.000000 0.000000 0.000000 0.000000 0.000000 0.000000 0.000000 0.000000 0.000000 0.000000 0.000000 0.000000 0.000000 0.000000 0.000000 0.000000 0.000000 0.000000 0.000000 0.000000 0.000000 0.000000 0.000000 0.000000 0.000000 0.000000 0.000000 0.000000 0.000000 0.000000 0.000000 0.000000 0.000000 0.000000 0.000000 0.000000 0.000000 12.669429 12.749269 12.725192 12.572162 12.613689 12.815520 12.879478 12.742872 12.627608 12.523091 12.346613 12.272945 12.339604 12.182876 12.058545 12.054232 11.918481 11.859743 11.821796 11.835477 11.754331 11.527113 10.924866 10.069242 9.191694 8.578824 4.567737 2.023033 0.891673 0.061935 -0.489230 -0.500000 -0.499791 1.137795 2.979606 3.489132 2.888618 2.935187 3.152929 2.820411 3.032274 3.561218 3.362423 2.601316 2.666314 2.593486 2.560498 2.550539 2.760723 2.594432 2.517905 2.576927 2.469235 2.612794 2.486192 2.503662 2.591693 2.631733 2.738059 2.747471 2.734823 2.636924 2.558445 2.557939 2.693325 2.628268 2.494804 2.434086 2.344042 2.284913 2.369982 2.217423 2.330247 2.414351 2.534650 2.567993 2.574825 2.674195 2.788697 2.829372 2.595432 2.647126 2.662953 2.724978 2.666094 2.786361 2.762146 2.735106 2.772897 2.774369 2.812232 3.048269 3.355325 3.415667 3.837830 5.701576 6.663189 7.081739 7.633433 8.454742 8.912392 9.328133 9.594472 9.905776 10.266205 10.640689 10.963986 11.398582 11.650683 11.889581 12.127252 12.431354 12.853184 13.312582 13.578176 0.000000 0.000000 0.000000 0.000000 0.000000 0.000000 0.000000 0.000000 0.000000 0.000000 0.000000 0.000000 0.000000 0.000000 0.000000 0.000000 0.000000 0.000000 0.000000 0.000000 0.000000 0.000000 0.000000 0.000000 0.000000 0.000000 0.000000 0.000000 0.000000 0.000000 0.000000 0.000000 0.000000 0.000000 0.000000 
0.000000 0.000000 0.000000 0.000000 0.000000 0.000000 0.000000 0.000000 0.000000 0.000000 0.000000 0.000000 0.000000 0.000000 0.000000 0.000000 0.000000 0.000000 0.000000 0.000000 0.000000 0.000000 0.000000 0.000000 0.000000 0.000000 0.000000 0.000000 0.000000 0.000000 0.000000 0.000000 0.000000 0.000000 0.000000 0.000000 0.000000 0.000000 0.000000 0.000000 0.000000 0.000000 0.000000 0.000000 0.000000 0.000000 0.000000 0.000000 0.000000 0.000000 0.000000 0.000000 0.000000 0.000000 0.000000 0.000000 0.000000 0.000000 0.000000 0.000000 0.000000 0.000000 0.000000 0.000000 0.000000 0.000000 0.000000 0.000000 0.000000 0.000000 0.000000 0.000000 0.000000 0.000000 0.000000 0.000000 0.000000 0.000000 0.000000 0.000000 0.000000 0.000000 0.000000 0.000000 0.000000 0.000000 0.000000 0.000000 0.000000 12.716002 12.796521 12.793194 12.559604 12.583441 12.705770 12.604928 12.495287 12.459370 12.277662 12.153265 12.056623 12.304319 12.106936 12.040455 12.073666 12.002072 11.897583 11.988228 11.894114 11.817730 11.644658 11.329132 10.859941 10.176702 9.068670 5.679341 2.408856 1.625578 1.416823 -0.042663 -0.500000 -0.500000 -0.429698 2.475924 3.765324 3.393827 3.145041 2.884995 2.947120 3.281008 3.543516 3.016251 2.820371 2.728936 2.682552 2.499440 2.565062 2.615070 2.566629 2.530445 2.591443 2.502481 2.589848 2.458340 2.530809 2.606884 2.624004 2.666000 2.785463 2.816733 2.650978 2.561076 2.528672 2.576580 2.654510 2.485870 2.379041 2.313798 2.246191 2.309675 2.253216 2.284225 2.437198 2.534944 2.646831 2.608510 2.713937 2.854801 2.903315 2.686950 2.718307 2.740698 2.768134 2.683890 2.766672 2.790501 2.768766 2.853731 2.846464 2.884072 2.877636 3.556131 3.439410 3.860402 5.156694 6.289219 6.861655 7.647025 8.154156 8.552708 8.944145 9.344599 9.758944 10.240311 10.676962 11.044949 11.504760 11.796550 12.204870 12.629146 13.126334 13.598239 13.831720 14.003004 14.114876 0.000000 0.000000 0.000000 0.000000 0.000000 0.000000 0.000000 0.000000 0.000000 0.000000 0.000000 0.000000 0.000000 0.000000 0.000000 0.000000 0.000000 0.000000 0.000000 0.000000 0.000000 0.000000 0.000000 0.000000 0.000000 0.000000 0.000000 0.000000 0.000000 0.000000 0.000000 0.000000 0.000000 0.000000 
0.000000 0.000000 0.000000 0.000000 0.000000 0.000000 0.000000 0.000000 0.000000 0.000000 0.000000 0.000000 0.000000 0.000000 0.000000 0.000000 0.000000 0.000000 0.000000 0.000000 0.000000 0.000000 0.000000 0.000000 0.000000 0.000000 0.000000 0.000000 0.000000 0.000000 0.000000 0.000000 0.000000 0.000000 0.000000 0.000000 0.000000 0.000000 0.000000 0.000000 0.000000 0.000000 0.000000 0.000000 0.000000 0.000000 0.000000 0.000000 0.000000 0.000000 0.000000 0.000000 0.000000 0.000000 0.000000 0.000000 0.000000 0.000000 0.000000 0.000000 0.000000 0.000000 0.000000 0.000000 0.000000 0.000000 0.000000 0.000000 0.000000 0.000000 0.000000 0.000000 0.000000 0.000000 0.000000 0.000000 0.000000 0.000000 0.000000 0.000000 0.000000 0.000000 0.000000 0.000000 0.000000 0.000000 0.000000 0.000000 0.000000 0.000000 12.935204 12.845656 12.513600 12.435485 12.515186 12.529731 12.146229 12.135613 12.076403 12.021111 11.899465 11.931104 11.888944 11.865466 11.944064 11.993528 12.009638 11.961194 12.015444 11.846459 11.698400 11.488493 11.168575 10.619184 9.446138 6.414389 2.702600 2.263301 1.580179 0.700402 -0.337839 -0.499929 -0.500000 0.079108 3.143275 3.415981 3.446828 3.592625 2.953568 3.368548 3.656542 3.772670 3.059803 2.999674 2.804692 2.545066 2.608161 2.692163 2.648250 2.599169 2.566418 2.570047 2.633159 2.549794 2.619140 2.694395 2.651601 2.696441 2.760655 2.794571 2.681820 2.568825 2.497384 2.517284 2.612104 2.548868 2.411424 2.363277 2.332908 2.406847 2.414960 2.250913 2.457725 2.432839 2.512734 2.616056 2.719270 2.869669 2.935819 2.752636 2.694691 2.803051 2.768083 2.749384 2.665278 2.903358 3.062772 2.976577 2.864479 2.860840 2.883494 3.773351 3.483395 3.602994 4.875844 6.255821 7.342547 7.754070 7.920712 8.433569 8.997013 9.535742 9.932090 10.339870 10.876031 11.214497 11.678982 12.029358 12.453236 13.021682 13.388341 13.797197 14.031926 14.277276 14.377720 14.397647 0.000000 0.000000 0.000000 0.000000 0.000000 0.000000 0.000000 0.000000 0.000000 0.000000 0.000000 0.000000 0.000000 0.000000 0.000000 0.000000 0.000000 0.000000 0.000000 0.000000 0.000000 0.000000 0.000000 0.000000 0.000000 0.000000 0.000000 0.000000 0.000000 0.000000 0.000000 0.000000 0.000000 
0.000000 0.000000 0.000000 0.000000 0.000000 0.000000 0.000000 0.000000 0.000000 0.000000 0.000000 0.000000 0.000000 0.000000 0.000000 0.000000 0.000000 0.000000 0.000000 0.000000 0.000000 0.000000 0.000000 0.000000 0.000000 0.000000 0.000000 0.000000 0.000000 0.000000 0.000000 0.000000 0.000000 0.000000 0.000000 0.000000 0.000000 0.000000 0.000000 0.000000 0.000000 0.000000 0.000000 0.000000 0.000000 0.000000 0.000000 0.000000 0.000000 0.000000 0.000000 0.000000 0.000000 0.000000 0.000000 0.000000 0.000000 0.000000 0.000000 0.000000 0.000000 0.000000 0.000000 0.000000 0.000000 0.000000 0.000000 0.000000 0.000000 0.000000 0.000000 0.000000 0.000000 0.000000 0.000000 0.000000 0.000000 0.000000 0.000000 0.000000 0.000000 0.000000 0.000000 0.000000 0.000000 0.000000 0.000000 0.000000 0.000000 0.000000 12.929900 12.785172 12.472488 12.371275 12.358562 12.253307 12.163460 12.088602 12.048673 11.922754 11.793318 11.904507 11.898215 11.863130 11.872597 12.045721 12.199314 12.150205 12.100402 12.028639 11.923404 11.553921 11.161655 10.764722 9.594476 7.065588 2.940855 2.413487 1.834520 0.764187 0.689449 -0.426660 -0.500000 -0.497597 1.133005 2.888308 3.510260 3.514919 3.084330 3.110884 3.202919 3.752499 2.970378 2.877608 2.735278 2.545001 2.559191 2.675481 2.646450 2.565381 2.564552 2.564108 2.654638 2.618848 2.709830 2.762876 2.740488 2.758251 2.778514 2.845878 2.739259 2.667213 2.644471 2.598454 2.641399 2.635705 2.527272 2.461337 2.384648 2.416517 2.363130 2.462075 2.449583 2.468621 2.487614 2.592542 2.654731 2.744668 2.832155 2.810948 2.725976 2.772671 2.752431 2.739580 2.672628 2.899424 2.883136 2.826762 2.847619 2.851481 2.935094 4.109567 3.653288 3.626702 4.933220 6.062960 7.040625 7.790577 8.060723 8.704517 9.204730 9.571286 9.967472 10.354548 10.914859 11.211559 11.559047 12.056076 12.596883 13.170375 13.564754 13.918367 14.150602 14.416866 14.539567 14.595568 14.687252 0.000000 0.000000 0.000000 0.000000 0.000000 0.000000 0.000000 0.000000 0.000000 0.000000 0.000000 0.000000 0.000000 0.000000 0.000000 0.000000 0.000000 0.000000 0.000000 0.000000 0.000000 0.000000 0.000000 0.000000 0.000000 0.000000 0.000000 0.000000 0.000000 0.000000 0.000000 0.000000 
0.000000 0.000000 0.000000 0.000000 0.000000 0.000000 0.000000 0.000000 0.000000 0.000000 0.000000 0.000000 0.000000 0.000000 0.000000 0.000000 0.000000 0.000000 0.000000 0.000000 0.000000 0.000000 0.000000 0.000000 0.000000 0.000000 0.000000 0.000000 0.000000 0.000000 0.000000 0.000000 0.000000 0.000000 0.000000 0.000000 0.000000 0.000000 0.000000 0.000000 0.000000 0.000000 0.000000 0.000000 0.000000 0.000000 0.000000 0.000000 0.000000 0.000000 0.000000 0.000000 0.000000 0.000000 0.000000 0.000000 0.000000 0.000000 0.000000 0.000000 0.000000 0.000000 0.000000 0.000000 0.000000 0.000000 0.000000 0.000000 0.000000 0.000000 0.000000 0.000000 0.000000 0.000000 0.000000 0.000000 0.000000 0.000000 0.000000 0.000000 0.000000 0.000000 0.000000 0.000000 0.000000 0.000000 0.000000 0.000000 0.000000 0.000000 12.842455 12.655228 12.421294 12.323601 12.304463 12.222731 12.122163 12.056962 12.006507 11.904498 11.886283 11.959831 11.910254 11.928432 12.047610 12.335161 12.306830 12.202766 12.120158 12.112505 12.104253 11.595534 11.143794 10.465092 9.269779 7.086927 3.224837 2.378815 2.322262 1.413760 0.873701 0.610387 -0.414377 -0.500000 -0.475206 1.635934 3.293370 3.761361 3.445373 3.190382 3.164240 3.498356 2.771766 2.777511 2.760370 2.575725 2.635146 2.633079 2.645815 2.554465 2.555074 2.576804 2.681014 2.685531 2.774855 2.808299 2.875979 2.912391 2.818129 2.887390 2.788630 2.782367 2.767226 2.699422 2.697058 2.722632 2.694701 2.602594 2.511488 2.460034 2.444661 2.595342 2.515364 2.423215 2.468276 2.526162 2.669148 2.780430 2.796073 2.805155 2.730997 2.700461 2.774310 2.844253 3.100505 3.111912 3.059350 2.854068 2.870703 2.817026 2.930600 3.523973 3.684578 4.013151 4.860692 6.167929 6.993324 7.790740 8.189531 8.839702 9.200468 9.621896 10.016830 10.357055 10.857859 11.201003 11.588770 12.093752 12.744413 13.306860 13.693882 14.031339 14.266864 14.502378 14.694716 14.798617 14.846163 14.995123 0.000000 0.000000 0.000000 0.000000 0.000000 0.000000 0.000000 0.000000 0.000000 0.000000 0.000000 0.000000 0.000000 0.000000 0.000000 0.000000 0.000000 0.000000 0.000000 0.000000 0.000000 0.000000 0.000000 0.000000 0.000000 0.000000 0.000000 0.000000 0.000000 0.000000 0.000000 
0.000000 0.000000 0.000000 0.000000 0.000000 0.000000 0.000000 0.000000 0.000000 0.000000 0.000000 0.000000 0.000000 0.000000 0.000000 0.000000 0.000000 0.000000 0.000000 0.000000 0.000000 0.000000 0.000000 0.000000 0.000000 0.000000 0.000000 0.000000 0.000000 0.000000 0.000000 0.000000 0.000000 0.000000 0.000000 0.000000 0.000000 0.000000 0.000000 0.000000 0.000000 0.000000 0.000000 0.000000 0.000000 0.000000 0.000000 0.000000 0.000000 0.000000 0.000000 0.000000 0.000000 0.000000 0.000000 0.000000 0.000000 0.000000 0.000000 0.000000 0.000000 0.000000 0.000000 0.000000 0.000000 0.000000 0.000000 0.000000 0.000000 0.000000 0.000000 0.000000 0.000000 0.000000 0.000000 0.000000 0.000000 0.000000 0.000000 0.000000 0.000000 0.000000 0.000000 0.000000 0.000000 0.000000 0.000000 0.000000 0.000000 0.000000 0.000000 12.588176 12.380018 12.330824 12.320358 12.185128 12.045672 11.982666 11.936124 11.881909 11.828555 11.919847 12.001134 12.023265 12.166089 12.273071 12.373538 12.291591 12.192357 12.117963 12.041821 11.512977 10.991380 10.260771 9.142594 7.324073 3.551279 2.441265 2.337286 2.201127 1.173885 0.716525 0.358277 -0.449261 -0.500000 -0.444190 2.019177 3.685613 3.527888 3.026944 2.981340 3.144420 2.851505 2.853231 2.760778 2.588577 2.701424 2.761730 2.646114 2.605499 2.590705 2.645379 2.706452 2.734504 2.771915 2.883507 2.918181 2.886694 2.808228 2.863145 2.891406 2.821048 2.776022 2.736116 2.747567 2.758669 2.756160 2.685908 2.632435 2.536750 2.499199 2.542385 2.419647 2.424774 2.495864 2.483814 2.567477 2.675088 2.776753 2.838506 2.864307 2.843995 2.877940 3.020403 3.215374 3.218606 3.260853 3.063894 2.975352 3.091100 2.996978 3.113002 3.335856 4.290923 5.042191 6.134453 6.939750 7.853380 8.356318 8.917659 9.317662 9.638442 9.893318 10.130267 10.466650 10.820577 11.446907 12.031282 12.570421 13.086238 13.673535 13.954005 14.240362 14.525513 14.841596 14.940501 15.006369 15.180338 15.380858 0.000000 0.000000 0.000000 0.000000 0.000000 0.000000 0.000000 0.000000 0.000000 0.000000 0.000000 0.000000 0.000000 0.000000 0.000000 0.000000 0.000000 0.000000 0.000000 0.000000 0.000000 0.000000 0.000000 0.000000 0.000000 0.000000 0.000000 0.000000 0.000000 0.000000 
0.000000 0.000000 0.000000 0.000000 0.000000 0.000000 0.000000 0.000000 0.000000 0.000000 0.000000 0.000000 0.000000 0.000000 0.000000 0.000000 0.000000 0.000000 0.000000 0.000000 0.000000 0.000000 0.000000 0.000000 0.000000 0.000000 0.000000 0.000000 0.000000 0.000000 0.000000 0.000000 0.000000 0.000000 0.000000 0.000000 0.000000 0.000000 0.000000 0.000000 0.000000 0.000000 0.000000 0.000000 0.000000 0.000000 0.000000 0.000000 0.000000 0.000000 0.000000 0.000000 0.000000 0.000000 0.000000 0.000000 0.000000 0.000000 0.000000 0.000000 0.000000 0.000000 0.000000 0.000000 0.000000 0.000000 0.000000 0.000000 0.000000 0.000000 0.000000 0.000000 0.000000 0.000000 0.000000 0.000000 0.000000 0.000000 0.000000 0.000000 0.000000 0.000000 0.000000 0.000000 0.000000 0.000000 0.000000 0.000000 0.000000 0.000000 0.000000 12.583297 12.496639 12.440525 12.335106 12.203698 12.072791 12.016565 11.976804 11.942246 11.942425 11.996447 12.058151 12.105673 12.151283 12.171555 12.166582 12.275737 12.273228 12.085790 11.926340 11.214161 10.507028 9.637620 8.527987 6.212277 3.649250 2.629714 2.460095 2.441382 2.130992 1.031863 0.869912 0.220244 -0.498196 -0.500000 -0.034671 2.737188 3.865728 3.271281 3.239266 3.267443 2.741949 2.776875 2.774359 2.607032 2.720927 2.825833 2.676763 2.766577 2.719078 2.755380 2.910493 2.797775 2.718597 2.745648 2.768708 2.800188 2.724077 2.768498 2.805072 2.822076 2.737289 2.627836 2.652571 2.751070 2.684050 2.645336 2.637406 2.559351 2.532676 2.617697 2.520667 2.383685 2.465184 2.534628 2.529505 2.629341 2.746147 2.868813 2.938337 2.886626 2.894293 2.995205 3.073710 3.140719 3.245714 3.342306 3.231273 4.015004 3.922437 3.212359 3.333260 3.685122 5.205337 6.219958 7.116714 7.986047 8.561799 8.988001 9.324050 9.466376 9.620929 9.684736 9.963321 10.425913 11.195476 11.816804 12.322290 12.812693 13.380221 13.946383 14.224412 14.514505 14.882567 15.070247 15.104964 15.301979 15.527517 0.000000 0.000000 0.000000 0.000000 0.000000 0.000000 0.000000 0.000000 0.000000 0.000000 0.000000 0.000000 0.000000 0.000000 0.000000 0.000000 0.000000 0.000000 0.000000 0.000000 0.000000 0.000000 0.000000 0.000000 0.000000 0.000000 0.000000 0.000000 0.000000 0.000000 
0.000000 0.000000 0.000000 0.000000 0.000000 0.000000 0.000000 0.000000 0.000000 0.000000 0.000000 0.000000 0.000000 0.000000 0.000000 0.000000 0.000000 0.000000 0.000000 0.000000 0.000000 0.000000 0.000000 0.000000 0.000000 0.000000 0.000000 0.000000 0.000000 0.000000 0.000000 0.000000 0.000000 0.000000 0.000000 0.000000 0.000000 0.000000 0.000000 0.000000 0.000000 0.000000 0.000000 0.000000 0.000000 0.000000 0.000000 0.000000 0.000000 0.000000 0.000000 0.000000 0.000000 0.000000 0.000000 0.000000 0.000000 0.000000 0.000000 0.000000 0.000000 0.000000 0.000000 0.000000 0.000000 0.000000 0.000000 0.000000 0.000000 0.000000 0.000000 0.000000 0.000000 0.000000 0.000000 0.000000 0.000000 0.000000 0.000000 0.000000 0.000000 0.000000 0.000000 0.000000 0.000000 0.000000 0.000000 0.000000 0.000000 0.000000 0.000000 0.000000 12.449746 12.418438 12.409784 12.195789 12.075880 12.060768 12.039505 11.993745 12.077725 12.101838 12.194641 12.562346 12.621898 12.617844 12.610947 12.588285 12.286030 11.878203 11.367785 10.579891 9.644732 8.577717 7.244211 5.366849 3.870689 3.095425 3.502252 3.520176 3.247211 2.888686 1.375328 0.908280 -0.143635 -0.499937 -0.499544 0.466023 3.295175 3.707335 3.519000 3.308912 2.796841 2.787416 2.826646 2.651653 2.750782 2.928559 2.750288 2.774736 2.744831 2.849981 3.157806 2.895081 2.806125 2.764906 2.768433 2.819753 2.809015 2.877438 2.812785 2.850423 2.764164 2.682131 2.768169 2.854260 2.766909 2.736699 2.669017 2.702688 2.701681 2.651428 2.591659 2.360524 2.395825 2.448305 2.421930 2.495717 2.640526 2.761895 2.763058 2.727259 2.759313 2.804185 2.849123 2.923557 3.074067 3.020134 2.962979 3.567133 3.536310 3.104823 3.283503 3.339614 4.767764 6.409495 7.223079 8.149473 8.813898 9.039901 9.319180 9.575181 9.667233 9.418582 9.310596 9.841788 10.334283 11.272614 11.989369 12.470252 12.955800 13.908561 14.193525 14.476237 14.836779 15.111135 15.194719 15.341918 15.562862 15.679735 0.000000 0.000000 0.000000 0.000000 0.000000 0.000000 0.000000 0.000000 0.000000 0.000000 0.000000 0.000000 0.000000 0.000000 0.000000 0.000000 0.000000 0.000000 0.000000 0.000000 0.000000 0.000000 0.000000 0.000000 0.000000 0.000000 0.000000 0.000000 0.000000 
0.000000 0.000000 0.000000 0.000000 0.000000 0.000000 0.000000 0.000000 0.000000 0.000000 0.000000 0.000000 0.000000 0.000000 0.000000 0.000000 0.000000 0.000000 0.000000 0.000000 0.000000 0.000000 0.000000 0.000000 0.000000 0.000000 0.000000 0.000000 0.000000 0.000000 0.000000 0.000000 0.000000 0.000000 0.000000 0.000000 0.000000 0.000000 0.000000 0.000000 0.000000 0.000000 0.000000 0.000000 0.000000 0.000000 0.000000 0.000000 0.000000 0.000000 0.000000 0.000000 0.000000 0.000000 0.000000 0.000000 0.000000 0.000000 0.000000 0.000000 0.000000 0.000000 0.000000 0.000000 0.000000 0.000000 0.000000 0.000000 0.000000 0.000000 0.000000 0.000000 0.000000 0.000000 0.000000 0.000000 0.000000 0.000000 0.000000 0.000000 0.000000 0.000000 0.000000 0.000000 0.000000 0.000000 0.000000 0.000000 0.000000 0.000000 0.000000 12.594823 12.492610 12.467539 12.491659 12.350362 12.191002 12.197445 12.315407 12.350604 12.374982 12.398094 12.483507 12.846381 13.001060 12.853004 12.839490 12.892797 12.668248 12.046052 10.935258 10.271002 9.020107 7.824533 6.675228 5.271645 4.726616 4.211498 3.781871 3.344454 2.947521 3.408236 2.064884 1.412031 1.218943 -0.447949 -0.500000 -0.451287 2.241161 3.677828 3.722777 3.347319 2.857102 2.722859 2.771923 2.717784 2.763067 2.855145 2.872851 2.825269 2.828893 2.900207 3.028137 3.033431 2.882637 2.806437 2.833680 2.836849 2.885037 2.899191 2.835701 2.841103 2.833016 2.769936 2.902248 3.039181 2.812832 2.721331 2.738214 2.708294 2.622339 2.556236 2.364104 2.313981 2.327892 2.361075 2.393208 2.438929 2.518426 2.556890 2.590364 2.604718 2.646166 2.682385 2.757943 2.830336 3.111517 2.977252 2.900608 2.893010 2.953591 3.179627 3.260514 3.417252 4.136270 6.039035 7.165327 7.996424 8.381456 8.970018 9.079757 9.176379 9.043945 8.566631 8.562375 9.061600 9.388521 9.884423 11.162585 12.050770 12.599183 13.298926 14.093286 14.454657 14.884403 15.380918 15.476921 15.417273 15.560424 15.777483 15.976735 0.000000 0.000000 0.000000 0.000000 0.000000 0.000000 0.000000 0.000000 0.000000 0.000000 0.000000 0.000000 0.000000 0.000000 0.000000 0.000000 0.000000 0.000000 0.000000 0.000000 0.000000 0.000000 0.000000 0.000000 0.000000 0.000000 0.000000 0.000000 
0.000000 0.000000 0.000000 0.000000 0.000000 0.000000 0.000000 0.000000 0.000000 0.000000 0.000000 0.000000 0.000000 0.000000 0.000000 0.000000 0.000000 0.000000 0.000000 0.000000 0.000000 0.000000 0.000000 0.000000 0.000000 0.000000 0.000000 0.000000 0.000000 0.000000 0.000000 0.000000 0.000000 0.000000 0.000000 0.000000 0.000000 0.000000 0.000000 0.000000 0.000000 0.000000 0.000000 0.000000 0.000000 0.000000 0.000000 0.000000 0.000000 0.000000 0.000000 0.000000 0.000000 0.000000 0.000000 0.000000 0.000000 0.000000 0.000000 0.000000 0.000000 0.000000 0.000000 0.000000 0.000000 0.000000 0.000000 0.000000 0.000000 0.000000 0.000000 0.000000 0.000000 0.000000 0.000000 0.000000 0.000000 0.000000 0.000000 0.000000 0.000000 0.000000 0.000000 0.000000 0.000000 0.000000 0.000000 0.000000 0.000000 0.000000 0.000000 12.551743 12.517710 12.522670 12.600948 12.504563 12.368784 12.304892 12.389634 12.495673 12.675323 12.765178 12.801000 12.998532 13.019885 12.945045 12.866556 12.758558 12.493244 11.880018 10.459809 9.961662 8.429508 7.234469 6.227346 5.371624 4.746009 4.193553 3.717604 3.298697 3.068565 2.914653 3.454296 2.575292 1.521166 0.231742 -0.499283 -0.500000 0.288460 2.827228 4.002219 3.726970 3.208821 2.800093 2.800554 2.734113 2.855528 2.881772 2.907486 2.870577 2.898642 2.896001 2.917093 2.963587 2.841821 2.834460 2.914803 2.922873 2.969223 2.947677 2.881674 2.900919 2.922722 2.816590 2.884482 3.062683 2.766875 2.769171 2.709152 2.653116 2.607019 2.546873 2.453742 2.421243 2.351100 2.364363 2.359448 2.438071 2.530596 2.612339 2.596993 2.600963 2.670092 2.658874 2.752626 2.845215 3.235241 3.093547 3.004636 2.912614 2.975335 3.159969 3.310241 3.374327 3.737309 5.348219 6.423654 7.219279 7.704009 8.120990 8.184047 7.960923 7.842433 7.829325 8.056811 8.424340 8.776078 9.194108 9.778186 11.289255 12.290931 12.947512 13.995208 14.479801 14.977566 15.175317 15.375710 15.427944 15.579077 15.833586 16.064684 16.289087 0.000000 0.000000 0.000000 0.000000 0.000000 0.000000 0.000000 0.000000 0.000000 0.000000 0.000000 0.000000 0.000000 0.000000 0.000000 0.000000 0.000000 0.000000 0.000000 0.000000 0.000000 0.000000 0.000000 0.000000 0.000000 0.000000 0.000000 
0.000000 0.000000 0.000000 0.000000 0.000000 0.000000 0.000000 0.000000 0.000000 0.000000 0.000000 0.000000 0.000000 0.000000 0.000000 0.000000 0.000000 0.000000 0.000000 0.000000 0.000000 0.000000 0.000000 0.000000 0.000000 0.000000 0.000000 0.000000 0.000000 0.000000 0.000000 0.000000 0.000000 0.000000 0.000000 0.000000 0.000000 0.000000 0.000000 0.000000 0.000000 0.000000 0.000000 0.000000 0.000000 0.000000 0.000000 0.000000 0.000000 0.000000 0.000000 0.000000 0.000000 0.000000 0.000000 0.000000 0.000000 0.000000 0.000000 0.000000 0.000000 0.000000 0.000000 0.000000 0.000000 0.000000 0.000000 0.000000 0.000000 0.000000 0.000000 0.000000 0.000000 0.000000 0.000000 0.000000 0.000000 0.000000 0.000000 0.000000 0.000000 0.000000 0.000000 0.000000 0.000000 0.000000 0.000000 0.000000 0.000000 13.019410 12.747270 12.551715 12.578138 12.648190 12.754534 12.611794 12.558807 12.576554 12.696301 12.812807 12.955144 13.020055 13.065555 13.207325 13.116180 13.065811 12.904104 12.496651 12.001852 11.155898 9.760867 9.326320 7.944000 6.829116 5.553161 4.955817 4.383705 4.014234 3.778571 3.428740 3.255476 3.024337 3.252302 3.497890 1.462439 0.946728 -0.457110 -0.500000 -0.475702 1.040883 2.919736 3.854497 3.029337 2.809888 2.744741 2.753077 2.902869 2.980486 3.009054 2.928800 2.993707 2.939038 2.920514 2.848977 2.643330 2.775280 2.881682 2.922250 2.977981 3.082872 2.960781 2.930900 2.959037 2.872674 2.816312 3.008708 2.780856 2.752355 2.658193 2.592804 2.547401 2.521594 2.298746 2.420769 2.498402 2.404053 2.423762 2.566060 2.644483 2.773242 2.680373 2.690545 2.742140 2.751621 2.800828 2.923615 3.798692 3.135203 2.988555 3.178396 2.845462 3.038866 3.210657 3.367184 3.397245 4.587766 5.417190 5.917424 6.367086 7.447127 7.721721 7.629460 7.545169 7.677351 7.875204 8.114496 8.373800 8.707052 9.139203 9.989141 11.753844 12.810303 13.643171 14.533144 14.959269 15.155761 15.314284 15.386868 15.702485 15.950892 16.187952 16.399197 16.617226 0.000000 0.000000 0.000000 0.000000 0.000000 0.000000 0.000000 0.000000 0.000000 0.000000 0.000000 0.000000 0.000000 0.000000 0.000000 0.000000 0.000000 0.000000 0.000000 0.000000 0.000000 0.000000 0.000000 0.000000 0.000000 0.000000 
0.000000 0.000000 0.000000 0.000000 0.000000 0.000000 0.000000 0.000000 0.000000 0.000000 0.000000 0.000000 0.000000 0.000000 0.000000 0.000000 0.000000 0.000000 0.000000 0.000000 0.000000 0.000000 0.000000 0.000000 0.000000 0.000000 0.000000 0.000000 0.000000 0.000000 0.000000 0.000000 0.000000 0.000000 0.000000 0.000000 0.000000 0.000000 0.000000 0.000000 0.000000 0.000000 0.000000 0.000000 0.000000 0.000000 0.000000 0.000000 0.000000 0.000000 0.000000 0.000000 0.000000 0.000000 0.000000 0.000000 0.000000 0.000000 0.000000 0.000000 0.000000 0.000000 0.000000 0.000000 0.000000 0.000000 0.000000 0.000000 0.000000 0.000000 0.000000 0.000000 0.000000 0.000000 0.000000 0.000000 0.000000 0.000000 0.000000 0.000000 0.000000 12.781828 12.848983 12.993056 13.065050 13.178396 13.167715 13.035830 12.982582 12.769183 12.774176 12.588194 12.574766 12.661249 12.951282 12.856051 12.914783 12.986931 13.068407 13.183419 13.401856 13.353000 13.345350 13.399905 13.310459 13.167262 12.852073 12.335609 11.608784 10.664119 8.942645 8.471579 7.018974 5.888877 4.947107 4.529864 4.113340 3.824525 3.661807 3.482324 3.348556 3.192206 3.070876 3.337667 2.825047 1.446877 -0.084630 -0.500000 -0.500000 0.027893 2.566102 3.791651 3.022755 2.932647 2.888804 2.858085 2.928527 3.012725 2.996257 3.014890 2.983508 2.861567 2.817576 2.742841 2.527706 2.597568 2.695106 2.754744 2.887880 2.991435 2.968109 2.927367 2.941142 2.930275 2.938403 2.954714 2.755802 2.737033 2.622097 2.583848 2.539541 2.477890 2.360108 2.705201 2.656793 2.536448 2.611627 2.712283 2.766733 2.772824 2.770848 3.097854 3.254092 3.298538 3.379303 3.087001 3.052007 3.830251 3.149397 3.175144 2.958141 2.785604 2.888026 3.204265 3.261050 3.664119 4.572109 4.666515 4.852739 5.115711 5.497593 5.862196 6.034333 7.074916 7.696188 7.944990 8.187204 8.436140 8.688408 9.374985 10.920918 12.486487 13.369890 14.438331 14.887359 15.129578 15.244820 15.406125 15.784394 15.980824 16.306915 16.445190 16.599108 16.619804 0.000000 0.000000 0.000000 0.000000 0.000000 0.000000 0.000000 0.000000 0.000000 0.000000 0.000000 0.000000 0.000000 0.000000 0.000000 0.000000 0.000000 0.000000 0.000000 0.000000 0.000000 0.000000 0.000000 0.000000 0.000000 
0.000000 0.000000 0.000000 0.000000 0.000000 0.000000 0.000000 0.000000 0.000000 0.000000 0.000000 0.000000 0.000000 0.000000 0.000000 0.000000 0.000000 0.000000 0.000000 0.000000 0.000000 0.000000 0.000000 0.000000 0.000000 0.000000 0.000000 0.000000 0.000000 0.000000 0.000000 0.000000 0.000000 0.000000 0.000000 0.000000 0.000000 0.000000 0.000000 0.000000 0.000000 0.000000 0.000000 0.000000 0.000000 0.000000 0.000000 0.000000 0.000000 0.000000 0.000000 0.000000 0.000000 0.000000 0.000000 0.000000 0.000000 0.000000 0.000000 0.000000 0.000000 0.000000 0.000000 0.000000 0.000000 0.000000 0.000000 0.000000 0.000000 0.000000 0.000000 0.000000 0.000000 0.000000 12.615895 12.557512 12.653986 12.898253 12.789436 12.708239 12.877668 12.913664 12.929573 13.022991 13.152395 13.335759 13.226552 13.188757 13.166177 12.865202 12.788112 12.735128 12.773767 12.983657 13.196383 13.210487 13.294618 13.361311 13.536395 13.484166 13.983718 13.588414 13.584313 13.529558 13.232897 12.985945 12.561511 11.826255 10.995739 9.773739 7.974776 7.569114 6.205177 5.392797 4.672166 4.314086 3.971694 3.776755 3.574551 3.496770 3.378649 3.257945 3.118432 2.911824 2.584740 1.505906 0.109059 -0.497323 -0.500000 -0.452180 1.446526 3.004355 2.901960 2.955208 2.962000 2.981071 3.007301 3.005819 2.963188 2.906391 2.815411 2.624912 2.632021 2.552405 2.387170 2.431210 2.523008 2.561763 2.668184 2.836736 2.876072 2.892794 2.862483 3.021651 3.016041 2.963605 2.783968 2.757338 2.645554 2.625345 2.555262 2.455866 2.366618 2.542873 2.591944 2.323307 2.511903 2.336887 2.702438 2.734827 3.079794 4.076947 3.414838 3.015873 2.983413 2.992371 2.967490 3.337925 3.394237 3.087785 2.931743 2.803601 2.871078 2.971520 3.049602 3.169582 3.885270 4.169539 4.325299 4.361198 4.395600 4.404197 4.425298 5.047589 6.352965 7.309958 7.685485 7.725625 7.866165 8.486764 9.389233 11.405684 13.066710 14.183647 14.669658 14.982761 15.111222 15.377254 15.699071 16.100664 16.514091 16.527046 16.434738 16.361019 16.203411 0.000000 0.000000 0.000000 0.000000 0.000000 0.000000 0.000000 0.000000 0.000000 0.000000 0.000000 0.000000 0.000000 0.000000 0.000000 0.000000 0.000000 0.000000 0.000000 0.000000 0.000000 0.000000 0.000000 0.000000 
0.000000 0.000000 0.000000 0.000000 0.000000 0.000000 0.000000 0.000000 0.000000 0.000000 0.000000 0.000000 0.000000 0.000000 0.000000 0.000000 0.000000 0.000000 0.000000 0.000000 0.000000 0.000000 0.000000 0.000000 0.000000 0.000000 0.000000 0.000000 0.000000 0.000000 0.000000 0.000000 0.000000 0.000000 0.000000 0.000000 0.000000 0.000000 0.000000 0.000000 0.000000 0.000000 0.000000 0.000000 0.000000 0.000000 0.000000 0.000000 0.000000 0.000000 0.000000 0.000000 0.000000 0.000000 0.000000 0.000000 0.000000 0.000000 0.000000 0.000000 0.000000 0.000000 0.000000 0.000000 0.000000 0.000000 11.954767 11.999929 12.706702 12.588807 12.767995 12.780402 12.687009 12.938417 12.581110 12.557171 12.628300 12.928544 12.838848 12.800241 12.947512 12.998426 13.102810 13.174653 13.291242 13.322723 13.291076 13.309069 13.107882 12.954757 13.002929 13.611699 13.473081 13.298972 13.463656 13.395294 13.343507 13.403705 13.571327 13.616804 13.716946 13.694793 13.636742 13.389594 13.029961 12.636302 12.264210 11.218410 10.448331 8.924041 7.291488 6.781069 6.055424 5.318377 4.695242 4.152014 3.893796 3.757142 3.625356 3.487530 3.393648 3.276906 3.121592 2.826561 2.611930 2.066551 0.698711 -0.436101 -0.500000 -0.500000 -0.274572 2.094882 2.819139 2.925795 2.957783 3.004599 3.024405 2.945259 2.879176 2.747824 2.642184 2.493045 2.485830 2.494532 2.277699 2.219690 2.332961 2.350392 2.550436 2.643088 2.640305 2.801962 2.874327 2.963885 3.026445 2.968638 2.808171 2.765884 2.690772 2.671253 2.592046 2.421130 2.378392 2.332198 2.404489 2.442915 2.540785 2.593024 2.620231 2.586463 2.660519 2.660939 2.648216 2.695567 2.727027 2.764220 2.893300 2.968654 3.076301 3.275373 3.057225 3.020385 3.016185 3.065322 3.014043 3.389499 3.873971 4.131626 4.251734 4.364204 4.374000 4.368391 4.314037 4.440053 4.649969 5.401158 5.097868 6.031590 6.992361 7.789330 8.566041 9.832625 12.019151 13.462408 14.401555 14.919753 14.983351 15.155669 15.471844 16.048241 16.673368 16.489511 16.179266 16.104834 16.185499 17.466661 0.000000 0.000000 0.000000 0.000000 0.000000 0.000000 0.000000 0.000000 0.000000 0.000000 0.000000 0.000000 0.000000 0.000000 0.000000 0.000000 0.000000 0.000000 0.000000 0.000000 0.000000 0.000000 0.000000 
0.000000 0.000000 0.000000 0.000000 0.000000 0.000000 0.000000 0.000000 0.000000 0.000000 0.000000 0.000000 0.000000 0.000000 0.000000 0.000000 0.000000 0.000000 0.000000 0.000000 0.000000 0.000000 0.000000 0.000000 0.000000 0.000000 0.000000 0.000000 0.000000 0.000000 0.000000 0.000000 0.000000 0.000000 0.000000 0.000000 0.000000 0.000000 0.000000 0.000000 0.000000 0.000000 0.000000 0.000000 0.000000 0.000000 0.000000 0.000000 0.000000 0.000000 0.000000 0.000000 0.000000 0.000000 0.000000 0.000000 0.000000 0.000000 0.000000 0.000000 0.000000 11.836402 12.400883 12.681781 11.935176 11.896277 11.870779 12.185991 12.288100 12.562524 12.796923 12.859373 12.806631 12.820865 12.725788 12.653696 12.739755 12.961022 12.854577 12.857237 12.868162 13.069269 13.197421 13.261389 13.338262 13.426936 13.411211 13.470077 13.249176 13.223400 13.342796 13.602412 13.697642 13.660220 13.710428 13.689113 13.764109 13.664134 13.681471 13.762527 13.717361 13.570785 13.529649 13.149251 12.652575 12.243237 11.807276 10.633320 9.811668 8.639390 7.185629 6.184397 5.845036 5.166916 4.533518 4.183517 3.934478 3.833011 3.690402 3.537829 3.340013 3.256035 3.183645 3.002721 2.750433 2.620900 1.443772 -0.362367 -0.500000 -0.500000 -0.495719 1.022141 2.832721 2.795665 2.876728 2.972489 2.941967 2.857580 2.788879 2.583982 2.475445 2.324211 2.314301 2.383539 2.047569 2.046607 2.045358 1.988126 2.273358 2.368221 2.466519 2.646592 2.715817 2.841242 2.877147 2.940634 2.918122 2.817208 2.773815 2.700309 2.652286 2.472428 2.398562 2.322040 2.432520 2.530871 2.582359 2.593701 2.658589 2.669998 2.733449 2.750551 2.729078 2.748571 2.790366 2.782599 2.882832 2.982919 3.066553 3.355069 3.104860 3.186459 3.016283 3.062363 3.032159 3.223108 3.944710 4.307226 4.492834 4.618136 4.548726 4.502802 4.439144 4.488846 4.520036 4.376387 4.204616 4.224803 5.201720 6.769303 7.831053 9.304286 11.129539 12.677355 13.886861 14.730540 14.767273 14.770727 15.093415 15.467505 15.998509 16.083817 15.825939 15.675717 16.860672 18.602875 19.464703 0.000000 0.000000 0.000000 0.000000 0.000000 0.000000 0.000000 0.000000 0.000000 0.000000 0.000000 0.000000 0.000000 0.000000 0.000000 0.000000 0.000000 0.000000 0.000000 0.000000 0.000000 0.000000 
0.000000 0.000000 0.000000 0.000000 0.000000 0.000000 0.000000 0.000000 0.000000 0.000000 0.000000 0.000000 0.000000 0.000000 0.000000 0.000000 0.000000 0.000000 0.000000 0.000000 0.000000 0.000000 0.000000 0.000000 0.000000 0.000000 0.000000 0.000000 0.000000 0.000000 0.000000 0.000000 0.000000 0.000000 0.000000 0.000000 0.000000 0.000000 0.000000 0.000000 0.000000 0.000000 0.000000 0.000000 0.000000 0.000000 0.000000 0.000000 0.000000 0.000000 0.000000 0.000000 0.000000 0.000000 0.000000 0.000000 0.000000 0.000000 0.000000 0.000000 0.000000 11.988832 12.376721 12.467052 11.980632 12.156491 12.043208 12.235206 12.309297 13.248308 12.870057 12.940809 12.961434 13.022037 12.922743 12.918493 13.017853 12.968478 12.951000 13.026530 13.111630 13.283630 13.341374 13.415708 13.509233 13.620992 13.559544 13.637959 13.689704 13.604558 13.597772 13.689057 13.900376 13.964924 13.963610 13.977767 14.134556 13.922213 13.794498 13.820612 13.630551 13.428308 13.209748 12.928719 12.555927 11.967716 11.495062 10.205905 9.404953 8.362435 7.242840 5.927003 5.706161 5.284758 4.740400 4.362991 4.193475 3.876753 3.698806 3.600003 3.440326 3.257402 3.160958 3.070986 2.954372 2.807099 1.962485 0.087111 -0.499597 -0.500000 -0.500000 0.258942 3.189746 2.766728 2.891218 2.960173 2.937483 2.841546 2.687920 2.512135 2.394954 2.274099 2.172098 2.420309 2.117510 2.054049 2.090147 2.007905 2.063435 2.211891 2.393379 2.492740 2.551889 2.673105 2.680896 2.843920 2.961439 2.939197 2.897958 2.797801 2.698583 2.572850 2.500077 2.428340 2.498989 2.571610 2.650327 2.664141 2.699917 2.761984 2.822284 2.827615 2.816762 2.832187 2.908355 2.853707 2.890376 3.001737 3.075044 3.227648 3.494346 3.115638 3.077518 3.135319 3.115365 3.295774 3.587473 4.247648 4.454645 4.527256 4.538559 4.521287 4.511390 4.574222 4.481106 4.328923 4.227014 4.117445 4.299368 5.077335 7.190747 8.575102 9.732999 11.521774 13.353361 14.380402 14.481345 14.468601 14.533601 14.934057 15.339626 15.466306 15.407748 15.424701 17.591208 17.858698 18.952942 19.291553 0.000000 0.000000 0.000000 0.000000 0.000000 0.000000 0.000000 0.000000 0.000000 0.000000 0.000000 0.000000 0.000000 0.000000 0.000000 0.000000 0.000000 0.000000 0.000000 0.000000 0.000000 
0.000000 0.000000 0.000000 0.000000 0.000000 0.000000 0.000000 0.000000 0.000000 0.000000 0.000000 0.000000 0.000000 0.000000 0.000000 0.000000 0.000000 0.000000 0.000000 0.000000 0.000000 0.000000 0.000000 0.000000 0.000000 0.000000 0.000000 0.000000 0.000000 0.000000 0.000000 0.000000 0.000000 0.000000 0.000000 0.000000 0.000000 0.000000 0.000000 0.000000 0.000000 0.000000 0.000000 0.000000 0.000000 0.000000 0.000000 0.000000 0.000000 0.000000 0.000000 0.000000 0.000000 0.000000 0.000000 0.000000 0.000000 0.000000 0.000000 0.000000 0.000000 12.417937 12.324296 12.286120 12.241954 12.126249 12.191115 12.248377 12.305619 13.463899 12.960075 13.010532 13.024946 13.063878 12.953197 12.954731 13.005842 12.936850 12.972274 13.014191 13.165775 13.386391 13.481497 13.535906 13.563820 13.668491 13.699454 13.804458 13.882366 13.799033 13.835277 13.955212 13.956395 14.107960 14.195962 14.193957 14.198106 14.104327 14.135255 13.641092 13.428974 13.269374 12.735186 12.594117 12.219980 11.673779 10.928256 9.854317 9.267988 8.391654 7.486917 6.425256 5.966084 5.964560 5.291335 4.809723 4.366426 3.898276 3.769091 3.677495 3.519343 3.317078 3.213230 3.156729 3.035061 2.800308 2.988318 1.838624 -0.464489 -0.500000 -0.500000 -0.492308 2.530673 2.815299 2.937408 3.058505 2.966948 2.783353 2.613936 2.433591 2.377234 2.235423 2.257004 2.553900 2.179209 2.079557 2.077233 2.040619 1.999411 2.043121 2.086346 2.123280 2.227626 2.404742 2.512947 2.693792 2.828107 2.990399 2.975807 2.906426 2.875174 2.741769 2.645236 2.589903 2.636363 2.662248 2.722050 2.740707 2.809914 2.855432 2.922265 2.885935 2.847737 2.899417 2.951281 2.941835 2.971774 3.038399 3.067567 3.163930 3.632895 3.149039 3.591569 3.451991 3.598363 3.684537 3.713598 3.908245 4.106445 4.392339 4.596321 4.551895 4.504379 4.534782 4.575817 4.320595 4.224300 4.172963 4.225323 4.324802 5.394586 7.264663 8.478428 10.024619 11.855443 12.861353 13.335875 13.910418 14.098001 14.219187 14.585201 14.793432 14.900134 15.405367 17.066195 17.413317 18.179218 19.280306 18.178314 0.000000 0.000000 0.000000 0.000000 0.000000 0.000000 0.000000 0.000000 0.000000 0.000000 0.000000 0.000000 0.000000 0.000000 0.000000 0.000000 0.000000 0.000000 0.000000 0.000000 
0.000000 0.000000 0.000000 0.000000 0.000000 0.000000 0.000000 0.000000 0.000000 0.000000 0.000000 0.000000 0.000000 0.000000 0.000000 0.000000 0.000000 0.000000 0.000000 0.000000 0.000000 0.000000 0.000000 0.000000 0.000000 0.000000 0.000000 0.000000 0.000000 0.000000 0.000000 0.000000 0.000000 0.000000 0.000000 0.000000 0.000000 0.000000 0.000000 0.000000 0.000000 0.000000 0.000000 0.000000 0.000000 0.000000 0.000000 0.000000 0.000000 0.000000 0.000000 0.000000 0.000000 0.000000 0.000000 0.000000 0.000000 0.000000 0.000000 0.000000 12.616448 12.596087 12.581532 12.472879 12.498207 12.503940 12.425883 12.334085 12.353543 13.776359 13.117328 13.190885 13.102262 13.114295 12.971648 12.978071 13.013365 12.874333 12.985856 13.145219 13.298437 13.536834 13.638865 13.747621 13.895583 13.893034 13.930879 13.974652 14.019790 14.042924 14.064932 14.103236 14.124656 14.261066 14.354094 14.404447 14.262870 14.197633 13.693986 13.226238 13.097877 12.791712 12.207255 12.096102 11.807009 11.434855 10.868120 9.900545 9.314761 8.413153 7.771952 7.174944 6.542816 6.598833 6.197012 5.228853 4.722397 4.231773 3.989838 3.843959 3.645308 3.508658 3.235355 3.162208 3.190584 3.009486 3.008573 3.543293 -0.209544 -0.500000 -0.500000 -0.500000 0.876747 2.768762 3.035337 3.021473 2.860066 2.653459 2.483661 2.364052 2.310390 2.203956 2.249349 2.577265 2.380357 2.302192 2.169785 2.062102 1.953148 1.907735 1.984041 2.030571 2.052692 2.196396 2.390290 2.550828 2.702179 2.879694 2.924583 2.923676 2.952794 2.906370 2.766050 2.734958 2.729409 2.770556 2.813798 2.837321 2.905488 2.940790 2.968733 2.908313 2.894549 2.965664 3.009473 3.030274 2.996351 3.045226 3.121888 3.154340 3.468831 3.547602 3.429008 3.399881 3.360116 3.429260 3.499903 3.685706 3.779269 4.110795 4.541838 4.664875 4.558530 4.634289 4.621801 4.490980 4.231164 4.075523 3.943016 3.769032 3.966763 4.347253 6.409060 8.736073 10.184662 11.644035 12.572049 13.001261 13.561531 13.846667 13.979748 14.258568 14.254770 15.233185 16.558867 17.014214 17.710682 18.856071 18.849449 17.350803 0.000000 0.000000 0.000000 0.000000 0.000000 0.000000 0.000000 0.000000 0.000000 0.000000 0.000000 0.000000 0.000000 0.000000 0.000000 0.000000 0.000000 0.000000 0.000000 
0.000000 0.000000 0.000000 0.000000 0.000000 0.000000 0.000000 0.000000 0.000000 0.000000 0.000000 0.000000 0.000000 0.000000 0.000000 0.000000 0.000000 0.000000 0.000000 0.000000 0.000000 0.000000 0.000000 0.000000 0.000000 0.000000 0.000000 0.000000 0.000000 0.000000 0.000000 0.000000 0.000000 0.000000 0.000000 0.000000 0.000000 0.000000 0.000000 0.000000 0.000000 0.000000 0.000000 0.000000 0.000000 0.000000 0.000000 0.000000 0.000000 0.000000 0.000000 0.000000 0.000000 0.000000 0.000000 0.000000 0.000000 0.000000 0.000000 0.000000 12.675104 12.698372 12.547964 12.545534 12.470844 12.582407 12.594625 12.535071 12.579575 13.687829 13.244490 13.237839 13.178711 13.214126 13.096493 13.068091 13.033225 12.762639 12.932201 13.194765 13.355806 13.701162 13.736722 13.858038 13.995218 14.042830 14.094894 14.225999 14.404681 14.388214 14.371819 14.509582 14.661403 14.599168 14.529788 14.626655 14.318374 14.047235 13.552467 12.619065 12.415869 12.087769 11.732142 11.618937 11.348624 11.043671 10.740570 9.804595 9.199023 8.637455 8.261309 7.801229 7.377974 7.078721 7.200074 6.259764 5.337077 4.740229 4.215635 3.959950 3.737574 3.552462 3.316930 3.282025 3.267734 3.111853 3.045624 3.880773 0.865524 -0.494955 -0.500000 -0.500000 0.033407 2.352421 3.003789 2.845856 2.689119 2.504940 2.345765 2.245684 2.200976 2.117202 2.281086 2.711855 2.458111 2.311231 2.253770 2.130914 1.977188 1.881992 1.955924 1.995851 1.999326 2.089043 2.242558 2.380783 2.535829 2.729943 2.834471 2.831207 2.956338 3.008666 2.910814 2.875644 2.848660 2.866543 2.897911 2.968521 3.002175 3.046659 3.048949 2.963697 2.958211 3.022803 3.042207 3.111073 3.069487 3.085934 3.146043 3.159307 3.197750 3.230018 3.382312 3.422429 3.533631 3.627235 3.706766 3.698296 3.602407 3.578534 3.553699 3.636876 4.304818 4.500837 4.520077 4.579887 4.409326 4.198056 3.808208 3.585231 3.535415 3.923997 5.021132 7.012282 8.692589 9.963262 11.461205 12.195901 12.459302 12.601315 13.561956 13.865768 13.636953 15.507509 16.023531 16.355740 16.857088 17.884232 18.261463 17.628662 18.039688 0.000000 0.000000 0.000000 0.000000 0.000000 0.000000 0.000000 0.000000 0.000000 0.000000 0.000000 0.000000 0.000000 0.000000 0.000000 0.000000 0.000000 0.000000 
0.000000 0.000000 0.000000 0.000000 0.000000 0.000000 0.000000 0.000000 0.000000 0.000000 0.000000 0.000000 0.000000 0.000000 0.000000 0.000000 0.000000 0.000000 0.000000 0.000000 0.000000 0.000000 0.000000 0.000000 0.000000 0.000000 0.000000 0.000000 0.000000 0.000000 0.000000 0.000000 0.000000 0.000000 0.000000 0.000000 0.000000 0.000000 0.000000 0.000000 0.000000 0.000000 0.000000 0.000000 0.000000 0.000000 0.000000 0.000000 0.000000 0.000000 0.000000 0.000000 0.000000 0.000000 0.000000 0.000000 0.000000 0.000000 0.000000 0.000000 12.714849 12.746514 12.713822 12.592987 12.499088 12.635039 12.802987 12.823063 12.526166 12.952616 13.291038 13.210440 13.220483 13.283029 13.358983 13.354259 13.255941 12.657621 12.824020 13.524870 13.606877 13.817427 13.908904 14.008142 14.338928 14.407696 14.395506 14.465690 14.660523 14.647865 14.791283 14.809482 15.067114 14.965117 14.648589 14.507689 14.078350 13.885900 13.034104 12.076089 11.706866 11.536933 11.291974 11.144586 10.844936 10.653131 10.510468 10.139176 9.455817 9.030049 8.725003 8.397389 8.178387 7.864022 7.705607 7.306714 6.169973 5.298310 4.695456 4.491431 3.887197 3.774196 3.509326 3.346354 3.348423 3.297888 3.145813 3.509509 1.805459 -0.028649 -0.500000 -0.500000 -0.241953 2.129410 2.842455 2.744517 2.522406 2.377919 2.254170 2.150156 2.115314 2.067786 2.309831 2.823511 2.611101 2.412851 2.367594 2.334232 2.217642 2.120935 2.058925 2.053914 2.037585 1.969228 2.135383 2.401554 2.504143 2.623396 2.737866 2.805324 2.920638 3.026815 2.963855 2.971066 2.989659 3.003050 2.967058 3.015187 3.052734 3.111586 3.076303 3.055135 3.067966 3.115105 3.121028 3.124477 3.132008 3.080750 3.129121 3.183669 3.261660 3.235997 3.304456 3.284416 3.370172 3.402399 3.453947 3.477612 3.589869 3.684751 3.713893 3.883817 3.822518 3.683648 3.896798 4.204688 4.602303 4.504107 3.827949 3.774350 3.493352 3.884126 4.159313 4.816345 6.751851 8.751126 9.596929 10.875492 12.097811 12.218822 12.987089 13.384645 13.636741 15.134183 15.346138 15.919659 16.273438 16.908630 17.495911 17.937393 17.307669 0.000000 0.000000 0.000000 0.000000 0.000000 0.000000 0.000000 0.000000 0.000000 0.000000 0.000000 0.000000 0.000000 0.000000 0.000000 0.000000 0.000000 0.000000 
0.000000 0.000000 0.000000 0.000000 0.000000 0.000000 0.000000 0.000000 0.000000 0.000000 0.000000 0.000000 0.000000 0.000000 0.000000 0.000000 0.000000 0.000000 0.000000 0.000000 0.000000 0.000000 0.000000 0.000000 0.000000 0.000000 0.000000 0.000000 0.000000 0.000000 0.000000 0.000000 0.000000 0.000000 0.000000 0.000000 0.000000 0.000000 0.000000 0.000000 0.000000 0.000000 0.000000 0.000000 0.000000 0.000000 0.000000 0.000000 0.000000 0.000000 0.000000 0.000000 0.000000 0.000000 0.000000 0.000000 0.000000 0.000000 0.000000 0.000000 12.890761 12.909309 12.916930 12.909748 12.897393 12.860557 12.949356 13.096313 12.946291 13.140587 13.517435 13.427674 13.430899 13.576890 13.628967 13.689036 13.413203 12.390399 12.556228 13.725986 13.799041 13.981748 14.243389 14.270480 14.455873 14.571735 14.549794 14.658175 14.816694 14.869424 15.000185 15.128541 15.384934 15.063272 14.567561 14.342642 13.877858 13.385738 12.724479 11.749186 11.425165 11.242846 10.966987 10.795835 10.612544 10.489772 10.312496 9.919895 9.531848 9.300740 8.994056 8.758270 8.563360 8.243106 8.108945 8.068419 7.298436 6.030992 5.154182 4.659323 4.191694 4.026305 3.575892 3.378721 3.351423 3.367004 3.411945 3.368047 2.624301 1.073250 -0.392641 -0.499999 -0.401115 2.423803 3.179690 2.744321 2.472235 2.296754 2.128338 2.042071 2.003558 2.006393 2.254354 2.843440 2.668878 2.618022 2.572356 2.527714 2.439852 2.325227 2.283752 2.223994 2.163059 2.140641 2.352864 2.551069 2.480544 2.610130 2.702546 2.813469 2.901439 3.027403 3.048733 3.070529 3.052017 3.078590 3.098562 3.127251 3.163193 3.185819 3.109922 3.104258 3.176489 3.177682 3.211028 3.179405 3.190550 3.126655 3.197280 3.311804 3.405662 3.323341 3.380393 3.389588 3.505888 3.561884 3.565014 3.543539 3.516986 3.564456 3.575037 3.694093 3.924205 4.161449 4.037067 3.528681 3.905174 4.154156 3.554962 3.827909 3.763785 4.167998 4.629674 4.708874 5.051306 6.685515 8.520584 9.360696 12.062937 12.008634 12.384598 12.764005 14.155209 15.062887 15.523760 15.867881 15.826837 16.588352 16.926649 17.015556 17.137400 18.032867 0.000000 0.000000 0.000000 0.000000 0.000000 0.000000 0.000000 0.000000 0.000000 0.000000 0.000000 0.000000 0.000000 0.000000 0.000000 0.000000 0.000000 
0.000000 0.000000 0.000000 0.000000 0.000000 0.000000 0.000000 0.000000 0.000000 0.000000 0.000000 0.000000 0.000000 0.000000 0.000000 0.000000 0.000000 0.000000 0.000000 0.000000 0.000000 0.000000 0.000000 0.000000 0.000000 0.000000 0.000000 0.000000 0.000000 0.000000 0.000000 0.000000 0.000000 0.000000 0.000000 0.000000 0.000000 0.000000 0.000000 0.000000 0.000000 0.000000 0.000000 0.000000 0.000000 0.000000 0.000000 0.000000 0.000000 0.000000 0.000000 0.000000 0.000000 0.000000 0.000000 0.000000 0.000000 0.000000 0.000000 0.000000 13.301728 13.201576 13.313043 13.218252 13.050105 13.045722 13.097560 13.204489 13.272755 13.499888 13.758334 13.584670 13.601552 13.765371 13.801299 13.911384 13.693374 12.047765 12.111880 13.816028 13.887637 14.109721 14.196186 14.321428 14.448258 14.567845 14.601422 14.732604 14.926889 15.081821 15.120224 15.173766 15.073064 15.042345 14.346071 13.998512 13.361482 12.589048 12.000689 11.428221 11.126882 10.916851 10.749411 10.695489 10.646016 10.461436 10.342947 9.911214 9.569624 9.337462 9.109590 8.960895 8.744438 8.528521 8.378288 8.417878 7.807846 6.672024 5.922030 5.238515 4.701852 4.015051 3.712809 3.437661 3.417629 3.496128 3.462860 3.460321 3.518545 1.907360 0.343209 -0.498987 -0.450026 2.619153 4.139686 3.156707 2.827647 2.523252 2.322184 2.237846 2.209630 2.527678 3.236450 2.959277 2.809158 2.658746 2.599605 2.590450 2.553767 2.480283 2.388619 2.463338 2.369699 2.300428 2.322517 2.398135 2.500204 2.609951 2.683244 2.832741 2.909275 3.085628 3.205727 3.207633 3.177068 3.147899 3.185977 3.214871 3.264750 3.306854 3.209963 3.158722 3.178174 3.224713 3.177644 3.178671 3.247627 3.258645 3.241372 3.415383 3.450726 3.431318 3.464139 3.491221 3.555683 3.561260 3.634136 3.646026 3.674758 3.668315 3.669031 3.768286 3.785471 4.130622 4.231733 4.278156 3.970541 3.881690 4.001758 3.797912 3.565902 3.595127 3.838583 4.714739 4.973573 6.436395 8.092309 9.073925 10.127769 10.965735 11.940336 12.198817 14.356887 15.259154 15.671892 15.799201 16.074429 16.303837 16.804222 17.068174 16.931095 17.095844 18.056089 0.000000 0.000000 0.000000 0.000000 0.000000 0.000000 0.000000 0.000000 0.000000 0.000000 0.000000 0.000000 0.000000 0.000000 0.000000 0.000000 
0.000000 0.000000 0.000000 0.000000 0.000000 0.000000 0.000000 0.000000 0.000000 0.000000 0.000000 0.000000 0.000000 0.000000 0.000000 0.000000 0.000000 0.000000 0.000000 0.000000 0.000000 0.000000 0.000000 0.000000 0.000000 0.000000 0.000000 0.000000 0.000000 0.000000 0.000000 0.000000 0.000000 0.000000 0.000000 0.000000 0.000000 0.000000 0.000000 0.000000 0.000000 0.000000 0.000000 0.000000 0.000000 0.000000 0.000000 0.000000 0.000000 0.000000 0.000000 0.000000 0.000000 0.000000 0.000000 0.000000 0.000000 0.000000 0.000000 13.540601 13.554912 13.544673 13.607565 13.814889 13.486755 13.464137 13.562608 13.501827 13.306451 13.688816 14.030708 13.773788 13.826036 14.070075 14.033467 14.043411 13.908213 11.527240 11.375299 13.857877 14.008362 14.179519 14.385033 14.425393 14.588881 14.543681 14.664104 14.738302 14.956553 15.132321 15.112004 14.689021 14.654887 14.291550 13.648664 13.407962 12.755056 12.092703 11.671854 11.258902 10.999886 10.866306 10.644363 10.556029 10.552696 10.398660 10.300194 9.975284 9.561675 9.350423 9.246919 9.170009 8.995289 8.836189 8.723478 8.623790 8.264088 7.418839 6.469650 5.779311 5.114096 4.386934 3.825677 3.465973 3.377776 3.491300 3.462944 3.783625 3.538052 1.794357 0.829259 -0.427859 -0.499550 0.946531 3.525628 3.944679 4.019974 4.291853 4.351342 4.251557 4.213493 4.355096 4.015089 3.169093 2.420872 2.700266 2.903458 2.920480 2.668847 2.668765 2.527933 2.582918 2.514362 2.425849 2.413289 2.385327 2.531843 2.631603 2.724984 2.811577 2.924752 3.145529 3.271254 3.270578 3.252168 3.203910 3.280226 3.263302 3.289065 3.354838 3.285716 3.209617 3.233583 3.295120 3.222210 3.279739 3.323957 3.279999 3.336419 3.406776 3.442703 3.512211 3.558554 3.576291 3.606533 3.641975 3.668596 3.646314 3.689204 3.747079 3.791491 3.830366 3.815744 3.794082 3.891571 3.969071 4.240749 4.308309 3.701138 3.673453 3.688049 3.745538 3.811652 4.180110 5.329455 5.607028 7.484323 9.058322 10.325032 11.054938 11.501148 11.901413 15.129659 15.604007 15.658838 16.067106 16.500435 16.688168 16.760994 17.013739 17.151592 17.123753 17.943748 18.033934 0.000000 0.000000 0.000000 0.000000 0.000000 0.000000 0.000000 0.000000 0.000000 0.000000 0.000000 0.000000 0.000000 0.000000 0.000000 
0.000000 0.000000 0.000000 0.000000 0.000000 0.000000 0.000000 0.000000 0.000000 0.000000 0.000000 0.000000 0.000000 0.000000 0.000000 0.000000 0.000000 0.000000 0.000000 0.000000 0.000000 0.000000 0.000000 0.000000 0.000000 0.000000 0.000000 0.000000 0.000000 0.000000 0.000000 0.000000 0.000000 0.000000 0.000000 0.000000 0.000000 0.000000 0.000000 0.000000 0.000000 0.000000 0.000000 0.000000 0.000000 0.000000 0.000000 0.000000 0.000000 0.000000 0.000000 0.000000 0.000000 0.000000 0.000000 0.000000 0.000000 0.000000 0.000000 13.953191 13.948458 13.928882 13.878615 14.379368 13.914021 13.703655 13.868790 13.803214 13.439692 13.936732 14.312502 13.956494 13.912927 14.011041 13.943182 14.030093 14.045800 10.972833 10.637336 13.855950 14.330677 14.382619 14.488065 14.587814 14.721496 14.663170 14.672661 14.792471 15.113800 15.068359 15.176545 14.149297 13.872238 13.680094 13.112743 12.673134 11.961540 11.499471 11.212485 11.197094 10.994779 10.962651 10.570651 10.550935 10.602303 10.519783 10.487759 10.285702 9.631716 9.428831 9.323992 9.371708 9.164292 9.079211 9.022154 8.775134 8.606754 7.848444 7.258340 6.425813 5.420904 4.704263 4.110707 3.556528 3.434793 3.514812 3.487250 3.601343 3.678411 1.697717 1.005223 -0.369178 -0.499306 0.325861 2.023676 3.382653 3.075226 3.444165 4.012385 4.104701 3.920438 3.340293 1.890555 1.099190 0.996960 1.272766 0.942241 2.078414 3.116321 2.966181 2.649432 2.611272 2.591110 2.535268 2.550015 2.552196 2.566104 2.603424 2.759701 2.858840 2.968574 3.155703 3.250681 3.248050 3.310768 3.360415 3.362465 3.264216 3.308337 3.376477 3.404801 3.339149 3.324819 3.424212 3.331015 3.374245 3.430771 3.372254 3.435062 3.455383 3.450741 3.527750 3.556201 3.625745 3.653748 3.716335 3.734839 3.749478 3.777044 3.807353 3.809732 3.873374 3.893946 3.814696 3.790364 3.875250 3.947949 3.879344 3.894112 3.942538 3.967951 3.959138 3.957258 4.083190 4.843808 5.054114 6.871772 9.268257 10.396352 10.563233 10.851606 12.568021 15.840358 15.785745 15.788496 16.428261 16.720406 16.442280 16.875122 16.948708 17.401482 17.379606 17.006165 17.965269 17.943291 0.000000 0.000000 0.000000 0.000000 0.000000 0.000000 0.000000 0.000000 0.000000 0.000000 0.000000 0.000000 0.000000 0.000000 
0.000000 0.000000 0.000000 0.000000 0.000000 0.000000 0.000000 0.000000 0.000000 0.000000 0.000000 0.000000 0.000000 0.000000 0.000000 0.000000 0.000000 0.000000 0.000000 0.000000 0.000000 0.000000 0.000000 0.000000 0.000000 0.000000 0.000000 0.000000 0.000000 0.000000 0.000000 0.000000 0.000000 0.000000 0.000000 0.000000 0.000000 0.000000 0.000000 0.000000 0.000000 0.000000 0.000000 0.000000 0.000000 0.000000 0.000000 0.000000 0.000000 0.000000 0.000000 0.000000 0.000000 0.000000 0.000000 0.000000 0.000000 0.000000 0.000000 14.304004 14.603037 14.382625 14.347576 14.321497 14.001213 13.825730 13.992663 13.822632 13.511667 13.948286 14.496925 14.057639 13.874448 13.890597 13.964631 14.082448 14.045183 10.414807 9.818156 13.179909 14.451544 14.484900 14.476818 14.562902 14.641453 14.575352 14.586690 14.920260 15.073923 15.058549 14.783129 14.077433 13.440324 12.924254 12.335859 12.054384 11.605182 11.293196 11.060431 11.055195 10.863695 10.820085 10.582223 10.590229 10.646744 10.550998 10.589782 10.111908 9.772431 9.496926 9.421897 9.476023 9.270436 9.229003 9.068871 8.859192 8.714801 8.103035 7.584276 6.795681 5.765890 5.126192 4.448363 3.682686 3.506041 3.560753 3.526237 3.524655 3.124828 1.532008 0.972534 -0.361363 -0.491283 1.272072 3.007294 2.909281 1.501928 1.205718 1.295705 1.485812 1.381913 0.760120 1.015782 2.089312 2.344599 2.776911 2.544106 1.110462 2.266090 3.453918 2.938239 2.829897 2.788677 2.700726 2.672171 2.684670 2.665714 2.621581 2.760120 2.873306 2.980397 3.192926 3.226099 3.264196 3.365769 3.437854 3.448687 3.317014 3.323374 3.350611 3.393203 3.410608 3.397489 3.447505 3.431339 3.492584 3.437413 3.457314 3.508007 3.503867 3.488436 3.557137 3.624779 3.713296 3.727524 3.740840 3.735884 3.792578 3.847929 3.860973 3.828594 3.945840 3.906773 3.799698 3.792848 3.814117 3.913547 3.982315 4.009008 3.990086 4.029335 4.064847 4.034927 4.082271 4.717098 5.335317 6.918291 9.640789 10.239815 9.980100 10.008285 14.054564 15.734663 15.779473 15.946340 15.908908 15.700545 15.821609 16.131235 16.399611 16.528898 17.141682 16.901608 17.555477 18.066013 17.762337 0.000000 0.000000 0.000000 0.000000 0.000000 0.000000 0.000000 0.000000 0.000000 0.000000 0.000000 0.000000 0.000000 
0.000000 0.000000 0.000000 0.000000 0.000000 0.000000 0.000000 0.000000 0.000000 0.000000 0.000000 0.000000 0.000000 0.000000 0.000000 0.000000 0.000000 0.000000 0.000000 0.000000 0.000000 0.000000 0.000000 0.000000 0.000000 0.000000 0.000000 0.000000 0.000000 0.000000 0.000000 0.000000 0.000000 0.000000 0.000000 0.000000 0.000000 0.000000 0.000000 0.000000 0.000000 0.000000 0.000000 0.000000 0.000000 0.000000 0.000000 0.000000 0.000000 0.000000 0.000000 0.000000 0.000000 0.000000 0.000000 0.000000 0.000000 0.000000 0.000000 14.684119 14.740662 14.670585 14.654248 14.356261 14.124106 13.998055 13.854757 13.658956 13.689364 14.266614 14.610497 14.062246 13.954738 14.009510 14.100790 14.112461 13.556853 9.337532 9.065795 11.682913 14.191408 14.416747 14.509253 14.468475 14.378670 14.258949 14.540770 14.672795 14.681923 13.934474 13.949870 13.163653 12.422477 12.048339 11.762053 11.563504 11.298356 11.092440 10.919096 10.772751 10.747356 10.784618 10.529761 10.542903 10.542392 10.531335 10.525046 10.077572 9.713541 9.580056 9.487300 9.370676 9.267809 9.188887 9.062550 8.895186 8.859916 8.479798 7.889004 7.188011 6.160136 5.597223 5.028029 3.896246 3.685195 3.742460 3.550262 3.432099 2.668241 1.407912 0.985048 -0.463290 -0.468030 2.175659 3.736415 3.458032 2.213978 1.913652 1.832714 1.620310 1.492989 1.567207 1.935400 2.903059 2.996366 2.833823 3.112032 2.452339 1.131069 2.337372 3.660800 3.051009 2.911068 2.845869 2.773218 2.727609 2.633372 2.640733 2.782656 2.879395 2.947213 3.089951 3.201088 3.331521 3.414397 3.468257 3.466212 3.394958 3.374327 3.401340 3.404725 3.400137 3.445133 3.574788 3.512127 3.501787 3.535854 3.435945 3.475181 3.422177 3.488779 3.534739 3.581983 3.663579 3.697366 3.711332 3.653995 3.669279 3.753480 3.855702 3.921396 4.011523 3.881030 3.800201 3.811368 3.819827 3.900385 4.016033 4.019658 4.033217 4.079031 4.098844 4.138803 4.204095 4.498435 5.469414 6.985090 9.629415 9.618888 9.526986 9.788309 14.814055 15.474262 15.398977 15.150471 14.971102 15.110879 15.425765 15.353610 15.487156 15.896615 16.533880 16.978460 17.050892 18.116306 17.835663 17.961529 0.000000 0.000000 0.000000 0.000000 0.000000 0.000000 0.000000 0.000000 0.000000 0.000000 0.000000 0.000000 
0.000000 0.000000 0.000000 0.000000 0.000000 0.000000 0.000000 0.000000 0.000000 0.000000 0.000000 0.000000 0.000000 0.000000 0.000000 0.000000 0.000000 0.000000 0.000000 0.000000 0.000000 0.000000 0.000000 0.000000 0.000000 0.000000 0.000000 0.000000 0.000000 0.000000 0.000000 0.000000 0.000000 0.000000 0.000000 0.000000 0.000000 0.000000 0.000000 0.000000 0.000000 0.000000 0.000000 0.000000 0.000000 0.000000 0.000000 0.000000 0.000000 0.000000 0.000000 0.000000 0.000000 0.000000 0.000000 0.000000 0.000000 0.000000 0.000000 14.796975 14.873379 14.730308 14.596605 14.263715 13.859448 13.773881 13.800364 13.917455 14.063747 14.287138 14.604868 13.859418 13.869945 13.869748 13.669231 13.091444 10.376093 8.213528 8.378875 9.876247 13.757642 14.358186 14.460175 14.430820 14.123395 13.795587 13.766731 14.074104 13.676867 13.462940 12.534996 11.900602 11.549227 11.418487 11.229378 11.077088 10.925254 10.846172 10.842610 10.780871 10.668740 10.612048 10.379795 10.392145 10.486005 10.495865 10.450056 10.094360 9.764118 9.602370 9.491628 9.393518 9.269543 9.149028 8.945973 8.798773 8.832924 8.535709 8.091768 7.524215 6.642194 5.861757 5.020569 3.860852 3.714990 3.665051 3.520159 3.549789 2.673143 1.368443 0.850342 -0.482821 -0.405942 2.310061 3.778473 2.885408 2.465379 2.397779 2.320985 2.228644 2.252893 2.307560 2.394915 2.576054 2.651471 2.696832 3.037086 2.853673 1.910606 2.304282 2.854380 3.553950 2.991479 2.874646 2.826957 2.732251 2.710897 2.622007 2.679662 2.812564 2.890473 3.010200 3.091725 3.212758 3.343941 3.374200 3.342109 3.334840 3.319648 3.331168 3.337120 3.364506 3.370435 3.434342 3.457555 3.477797 3.529382 3.565340 3.509885 3.463839 3.523397 3.592869 3.612704 3.667127 3.688892 3.685520 3.659700 3.736210 3.819833 3.922788 3.973387 3.996803 3.898749 3.844135 3.836121 3.884669 3.969064 4.034493 4.018549 4.074300 4.153589 4.207363 4.216376 4.288415 4.559861 5.959334 6.829421 9.141603 8.899814 8.918089 10.622239 13.860975 14.248189 14.693716 14.684657 14.414176 14.438179 14.526178 14.668931 14.559005 14.967596 15.797477 16.400520 16.811531 17.914640 18.239183 18.002436 18.209307 0.000000 0.000000 0.000000 0.000000 0.000000 0.000000 0.000000 0.000000 0.000000 0.000000 0.000000 
0.000000 0.000000 0.000000 0.000000 0.000000 0.000000 0.000000 0.000000 0.000000 0.000000 0.000000 0.000000 0.000000 0.000000 0.000000 0.000000 0.000000 0.000000 0.000000 0.000000 0.000000 0.000000 0.000000 0.000000 0.000000 0.000000 0.000000 0.000000 0.000000 0.000000 0.000000 0.000000 0.000000 0.000000 0.000000 0.000000 0.000000 0.000000 0.000000 0.000000 0.000000 0.000000 0.000000 0.000000 0.000000 0.000000 0.000000 0.000000 0.000000 0.000000 0.000000 0.000000 0.000000 0.000000 0.000000 0.000000 0.000000 0.000000 14.261010 14.101095 14.084170 14.327971 14.410262 13.362299 13.102530 14.435156 14.571031 14.386155 14.228064 14.538828 14.722911 13.671737 12.531843 11.453560 9.841624 8.842537 7.369959 7.566757 7.920612 8.083236 12.576949 14.126357 14.284696 14.346615 13.928251 13.335653 12.855553 12.702050 12.986654 12.084991 11.517731 11.252546 11.193423 10.959289 10.830934 10.733628 10.720125 10.732555 10.797164 10.815672 10.667613 10.638851 10.428753 10.391684 10.527331 10.526055 10.339916 10.110549 9.763050 9.594038 9.496788 9.364945 9.349522 9.251006 8.975359 8.884195 8.900379 8.609482 8.342028 7.663648 6.933922 6.305225 5.433200 3.938223 3.855016 3.850363 3.748100 3.894562 3.043498 1.565843 0.473320 -0.498877 -0.210471 2.736710 3.088819 2.275316 2.223337 2.276761 2.345837 2.234528 2.292963 2.295039 2.306017 2.330477 2.471860 2.487338 2.622336 2.858273 3.075154 2.229301 0.960447 2.929896 3.820219 2.993932 2.799242 2.753297 2.753541 2.714803 2.735125 2.770261 2.888700 2.981601 3.120820 3.255984 3.351335 3.407715 3.322262 3.323726 3.353365 3.374508 3.452461 3.457505 3.508168 3.467761 3.581048 3.528857 3.547573 3.612285 3.599268 3.580461 3.648424 3.642609 3.683824 3.750419 3.726264 3.754018 3.725147 3.805398 3.879796 3.949970 4.014199 3.994133 3.882843 3.885943 3.940128 3.996294 4.091445 4.078772 4.103662 4.152044 4.212891 4.301426 4.308604 4.397255 4.535880 6.156943 6.715131 8.444437 8.543342 8.414666 11.715919 12.921497 13.435536 13.801476 13.892898 13.768856 13.819589 13.956890 13.614307 13.432158 14.042117 14.881231 15.778715 16.514788 16.758194 18.499317 18.399811 18.494850 18.745874 0.000000 0.000000 0.000000 0.000000 0.000000 0.000000 0.000000 0.000000 0.000000 0.000000 
0.000000 0.000000 0.000000 0.000000 0.000000 0.000000 0.000000 0.000000 0.000000 0.000000 0.000000 0.000000 0.000000 0.000000 0.000000 0.000000 0.000000 0.000000 0.000000 0.000000 0.000000 0.000000 0.000000 0.000000 0.000000 0.000000 0.000000 0.000000 0.000000 0.000000 0.000000 0.000000 0.000000 0.000000 0.000000 0.000000 0.000000 0.000000 0.000000 0.000000 0.000000 0.000000 0.000000 0.000000 0.000000 0.000000 0.000000 0.000000 0.000000 0.000000 0.000000 0.000000 0.000000 0.000000 0.000000 0.000000 0.000000 0.000000 14.447159 13.901000 13.367569 12.980710 12.613287 12.211495 12.025290 13.352859 13.770340 14.193598 13.538744 13.623811 14.728611 11.821516 7.980136 7.060868 6.864650 6.396322 6.593009 7.148334 7.390532 7.124367 8.874443 13.267333 13.656852 13.616352 13.234508 12.692354 12.325816 11.840315 11.396996 11.194086 10.901141 10.630250 10.648035 10.620947 10.437835 10.372127 10.579433 10.643596 10.559750 10.695093 10.698682 10.661310 10.460516 10.296377 10.516271 10.430113 10.353731 10.210760 9.818374 9.615488 9.462532 9.416353 9.330552 9.308982 9.010539 8.976983 8.944057 8.761387 8.374213 7.802182 7.158465 6.489506 5.253330 4.088540 4.106861 3.974020 3.854781 4.065541 2.795824 1.108634 -0.343689 -0.500000 0.849873 3.474309 2.792529 2.213412 2.294386 2.348006 2.343760 2.283183 2.248904 2.355704 2.343629 2.441701 2.463129 2.432436 2.500256 2.588620 2.915854 3.045012 1.436490 1.466499 3.536374 3.834138 2.874737 2.784642 2.825116 2.761018 2.837586 2.814539 2.894509 2.993752 3.142683 3.255022 3.329766 3.345740 3.396728 3.395061 3.419053 3.480965 3.508698 3.515518 3.554370 3.529580 3.622056 3.628413 3.598193 3.639486 3.646704 3.676074 3.730790 3.670077 3.736497 3.785949 3.818125 3.840977 3.824561 3.825275 3.898124 3.967289 4.063321 3.969007 3.884395 3.970441 4.052721 4.146800 4.188227 4.159944 4.182086 4.217153 4.267496 4.293622 4.434956 4.460010 4.620571 6.197990 7.392405 7.979849 8.189134 8.803201 11.751177 12.377100 12.938638 13.000668 13.048484 13.048563 13.142048 13.400713 13.193454 13.253658 13.675117 14.211154 14.905029 15.765479 16.747673 18.057077 19.477314 18.963690 19.235775 19.460443 0.000000 0.000000 0.000000 0.000000 0.000000 0.000000 0.000000 0.000000 0.000000 
0.000000 0.000000 0.000000 0.000000 0.000000 0.000000 0.000000 0.000000 0.000000 0.000000 0.000000 0.000000 0.000000 0.000000 0.000000 0.000000 0.000000 0.000000 0.000000 0.000000 0.000000 0.000000 0.000000 0.000000 0.000000 0.000000 0.000000 0.000000 0.000000 0.000000 0.000000 0.000000 0.000000 0.000000 0.000000 0.000000 0.000000 0.000000 0.000000 0.000000 0.000000 0.000000 0.000000 0.000000 0.000000 0.000000 0.000000 0.000000 0.000000 0.000000 0.000000 0.000000 0.000000 0.000000 0.000000 0.000000 0.000000 0.000000 16.136528 15.747044 13.536196 12.770580 12.345638 11.963861 11.429673 10.950170 10.524121 10.290854 10.028795 9.705171 14.303629 9.071717 6.744364 6.396129 5.783143 6.109164 6.598135 6.719117 6.911364 6.976660 6.665465 9.705914 12.260546 12.390104 11.870551 11.228727 10.435943 10.226315 10.574414 10.287601 10.068735 9.809634 10.198221 10.178124 10.059542 9.939817 10.169834 10.301351 10.398110 10.628111 10.795815 10.667573 10.450999 10.237991 10.402360 10.373494 10.132307 9.986574 9.831762 9.619999 9.448226 9.480605 9.374250 9.214262 9.022111 9.074752 9.156215 8.875486 8.548956 7.942452 7.399565 6.694225 5.677820 4.420551 4.467602 4.206976 4.072382 4.209130 2.675721 0.894670 -0.441406 -0.500000 0.924589 3.500235 2.306901 2.305985 2.365600 2.383959 2.392941 2.364425 2.407813 2.407637 2.440064 2.503995 2.532858 2.525870 2.563032 2.598116 2.616385 2.929551 3.048593 2.767165 1.444470 3.208098 3.640811 2.860408 2.877295 2.812880 2.846747 2.845320 2.879679 2.962563 3.095547 3.204506 3.253243 3.254945 3.367987 3.469718 3.522766 3.528531 3.584833 3.595487 3.583211 3.631817 3.678522 3.673308 3.669002 3.709844 3.662519 3.818692 3.824720 3.774024 3.815892 3.840905 3.865590 3.897574 3.935935 3.916509 3.963035 4.029333 4.010117 3.908169 3.898455 3.973383 4.135590 4.231187 4.244115 4.258399 4.279158 4.315873 4.311534 4.387733 4.460860 4.466139 4.966739 6.163903 7.277833 7.920885 7.714034 9.217055 11.041501 11.686887 12.036067 12.405130 12.608292 12.505789 12.650831 12.938031 12.961565 13.169408 13.271519 13.761249 14.446135 14.886019 16.153431 16.682505 18.891756 19.808010 19.726007 19.999018 20.115950 0.000000 0.000000 0.000000 0.000000 0.000000 0.000000 0.000000 0.000000 
0.000000 0.000000 0.000000 0.000000 0.000000 0.000000 0.000000 0.000000 0.000000 0.000000 0.000000 0.000000 0.000000 0.000000 0.000000 0.000000 0.000000 0.000000 0.000000 0.000000 0.000000 0.000000 0.000000 0.000000 0.000000 0.000000 0.000000 0.000000 0.000000 0.000000 0.000000 0.000000 0.000000 0.000000 0.000000 0.000000 0.000000 0.000000 0.000000 0.000000 0.000000 0.000000 0.000000 0.000000 0.000000 0.000000 0.000000 0.000000 0.000000 0.000000 0.000000 0.000000 0.000000 0.000000 0.000000 0.000000 0.000000 0.000000 16.426201 16.411707 14.285846 12.361360 12.200193 11.866480 11.675922 11.224001 10.220223 9.519611 8.909467 9.253669 13.919773 7.360142 6.736733 6.316119 6.233246 6.348801 6.303159 6.268476 6.357166 6.645133 6.514569 6.474470 8.416554 8.754260 8.108862 7.407992 7.465872 7.918563 8.858185 9.381930 9.047528 8.789369 8.703240 8.718777 9.018275 9.582129 9.563908 9.950567 10.096910 10.363815 10.526317 10.529936 10.355592 10.159109 10.283097 10.343030 10.063428 9.936811 9.833548 9.705733 9.537539 9.465776 9.346545 9.265346 9.052448 9.133521 9.141067 8.937660 8.650949 8.110102 7.569185 6.871284 5.939242 4.847757 4.665873 4.303439 4.152930 3.950481 2.431503 1.389450 -0.102717 -0.499959 0.320173 2.217784 2.452714 2.399174 2.399131 2.425730 2.435911 2.420688 2.433869 2.449057 2.525011 2.553895 2.588135 2.613255 2.626054 2.626903 2.648007 2.730846 3.146013 3.241132 2.423505 1.906683 3.097498 3.533294 2.920058 2.922717 2.855523 2.856614 2.910715 2.971928 3.062596 3.169219 3.225299 3.252596 3.376938 3.439557 3.547296 3.585257 3.668045 3.656219 3.663809 3.672167 3.695219 3.675823 3.708767 3.754701 3.712486 3.873302 3.923449 3.942498 3.972465 3.947367 3.943669 3.958617 3.958496 4.023654 4.087739 4.027519 3.907034 3.840492 3.924644 4.059496 4.171859 4.240081 4.262968 4.314566 4.361916 4.388867 4.426504 4.491766 4.563647 4.604762 5.394589 6.572316 7.530278 7.618844 7.669491 9.421905 10.546507 11.050910 11.471447 11.623761 11.974660 12.007839 12.286709 12.471606 12.672245 12.700495 13.050124 13.334081 14.021302 14.638407 15.288361 16.565338 17.194555 19.391451 20.448715 20.452787 20.584362 0.000000 0.000000 0.000000 0.000000 0.000000 0.000000 0.000000 0.000000 
0.000000 0.000000 0.000000 0.000000 0.000000 0.000000 0.000000 0.000000 0.000000 0.000000 0.000000 0.000000 0.000000 0.000000 0.000000 0.000000 0.000000 0.000000 0.000000 0.000000 0.000000 0.000000 0.000000 0.000000 0.000000 0.000000 0.000000 0.000000 0.000000 0.000000 0.000000 0.000000 0.000000 0.000000 0.000000 0.000000 0.000000 0.000000 0.000000 0.000000 0.000000 0.000000 0.000000 0.000000 0.000000 0.000000 0.000000 0.000000 0.000000 0.000000 0.000000 0.000000 0.000000 0.000000 0.000000 0.000000 0.000000 0.000000 16.706598 16.591076 14.337955 12.462246 12.435134 13.079650 13.437586 11.274152 8.896138 8.190256 8.148372 9.212039 12.135748 7.263251 6.813582 6.539846 6.281776 6.162958 6.078116 5.973967 5.986573 6.203449 6.392621 6.226188 6.170269 6.869972 6.716114 6.863972 6.962440 7.151761 7.427852 7.953753 8.322351 8.195457 8.224820 8.179054 8.088156 8.815498 9.244454 9.254625 9.795660 10.203532 10.304967 10.433689 10.207495 10.041182 10.178111 10.314151 10.107621 9.877464 9.840818 9.732766 9.554373 9.528146 9.345211 9.284466 9.094465 9.147065 9.192724 8.975440 8.691300 8.332047 7.782111 6.988272 5.823725 5.438631 4.822374 4.286351 4.115480 4.055634 2.558692 1.349233 -0.062753 -0.499996 -0.295946 1.315500 2.331468 2.379768 2.461121 2.520084 2.487600 2.552530 2.612790 2.585863 2.567193 2.580215 2.603462 2.657101 2.623612 2.645246 2.656684 2.730018 2.882630 3.301223 3.609720 1.507986 1.102436 4.029945 3.368515 2.939532 2.830981 2.908887 2.962548 3.042600 3.094755 3.124018 3.125380 3.234547 3.391529 3.433641 3.510270 3.601810 3.695415 3.743510 3.759259 3.734015 3.712964 3.712641 3.738155 3.766125 3.817940 3.902988 3.961794 3.994792 4.036558 4.045204 4.072239 4.080559 4.034752 4.050186 4.166978 4.073459 3.906455 3.846940 3.933210 4.065900 4.196014 4.235621 4.309628 4.335824 4.400132 4.448357 4.516325 4.630101 4.637974 4.782815 5.963911 7.122717 7.532049 7.248719 7.888363 8.876786 9.623783 9.998293 10.158072 10.715883 10.957213 11.271654 11.928463 12.100310 12.271473 12.404477 12.789603 13.143580 13.732387 14.505980 14.910078 16.433878 16.724121 18.079529 20.257261 20.968801 20.944979 20.965755 0.000000 0.000000 0.000000 0.000000 0.000000 0.000000 0.000000 
0.000000 0.000000 0.000000 0.000000 0.000000 0.000000 0.000000 0.000000 0.000000 0.000000 0.000000 0.000000 0.000000 0.000000 0.000000 0.000000 0.000000 0.000000 0.000000 0.000000 0.000000 0.000000 0.000000 0.000000 0.000000 0.000000 0.000000 0.000000 0.000000 0.000000 0.000000 0.000000 0.000000 0.000000 0.000000 0.000000 0.000000 0.000000 0.000000 0.000000 0.000000 0.000000 0.000000 0.000000 0.000000 0.000000 0.000000 0.000000 0.000000 0.000000 0.000000 0.000000 0.000000 0.000000 0.000000 0.000000 0.000000 17.107491 17.068661 16.801935 13.426557 12.739004 13.242175 13.870938 12.264709 9.161255 7.282025 6.678723 6.793075 7.357299 7.537151 6.616723 6.228841 5.969686 5.994658 5.921003 5.861471 5.863313 5.857131 5.978969 6.078068 6.237714 6.198519 5.951738 6.020327 6.419865 6.812496 6.923202 7.081891 7.078131 7.491912 7.693384 7.715398 7.505645 7.458363 7.587715 8.040253 8.872344 9.160900 9.470654 9.759600 9.950082 9.971797 10.085021 10.109191 10.102433 9.896880 9.755622 9.575181 9.491217 9.421329 9.332123 9.286841 9.183910 9.136865 9.044426 8.926551 8.564863 8.404680 7.855784 7.402173 6.643939 6.163380 5.950486 4.984115 4.291889 4.219518 3.755335 2.181549 1.329597 0.176209 -0.497902 -0.485039 0.767516 2.345297 2.315279 2.377662 2.442699 2.481036 2.529506 2.586758 2.597029 2.660166 2.715980 2.709738 2.723886 2.721696 2.780454 2.995510 2.903350 2.942226 3.093330 3.572245 2.965838 1.325287 1.606376 4.082686 3.204201 2.849265 2.893016 2.982226 3.079891 3.044474 3.101702 3.175190 3.265712 3.372299 3.501338 3.529758 3.570394 3.649731 3.749839 3.807245 3.772116 3.738568 3.801981 3.815565 3.820721 3.927922 3.968831 3.995759 4.029672 4.070813 4.046913 4.076123 4.132764 4.119759 4.135611 4.104014 4.058444 3.967472 3.930208 4.016010 4.105856 4.142242 4.218385 4.282144 4.362638 4.460801 4.509716 4.600931 4.670712 4.723851 5.542023 6.605999 7.376309 6.926220 6.853570 7.564309 8.148664 8.448162 8.789125 9.107598 9.567396 9.764431 10.089530 10.839506 11.397680 11.585818 12.228351 12.400172 12.972786 13.482095 13.841582 14.656156 15.615631 17.043207 16.782431 19.191216 21.601265 21.310099 21.342060 21.289030 0.000000 0.000000 0.000000 0.000000 0.000000 0.000000 
0.000000 0.000000 0.000000 0.000000 0.000000 0.000000 0.000000 0.000000 0.000000 0.000000 0.000000 0.000000 0.000000 0.000000 0.000000 0.000000 0.000000 0.000000 0.000000 0.000000 0.000000 0.000000 0.000000 0.000000 0.000000 0.000000 0.000000 0.000000 0.000000 0.000000 0.000000 0.000000 0.000000 0.000000 0.000000 0.000000 0.000000 0.000000 0.000000 0.000000 0.000000 0.000000 0.000000 0.000000 0.000000 0.000000 0.000000 0.000000 0.000000 0.000000 0.000000 0.000000 0.000000 0.000000 0.000000 0.000000 0.000000 17.242830 17.289667 15.514419 13.523810 13.322731 13.943950 12.636381 9.675141 7.471030 5.808612 5.431798 5.559794 5.963583 6.141871 5.939835 5.629200 4.802383 5.137163 5.344934 5.512493 5.581632 5.700503 5.753004 5.876331 6.011515 6.102278 6.061532 6.006769 6.006291 6.400300 6.626379 7.112162 7.081852 7.169324 7.294338 7.137806 7.062564 7.053606 6.976934 7.013186 7.277254 8.162421 9.060998 9.423264 9.665483 9.861923 10.015811 10.103374 9.991109 9.832910 9.676738 9.514955 9.465047 9.402431 9.349198 9.275662 9.237650 9.169921 9.064576 8.883328 8.656810 8.321904 7.927732 7.470642 7.060131 6.238469 5.396500 4.563589 4.209812 4.090636 2.966013 1.529596 1.554078 1.058326 -0.215330 -0.500000 0.107680 2.204656 2.286029 2.347821 2.359061 2.379521 2.390862 2.468970 2.585410 2.664881 2.754786 2.770843 2.831063 2.832661 2.966829 2.880796 3.109851 3.138717 3.060986 3.290743 3.724692 3.422183 1.643329 3.501544 3.973775 2.932199 2.937558 3.016225 3.112217 3.101073 3.120047 3.224725 3.351526 3.426245 3.512407 3.594909 3.619136 3.689862 3.746281 3.821767 3.772057 3.784236 3.809326 3.884996 3.921800 4.038561 4.049280 4.067802 4.113688 4.068315 4.040802 4.071068 4.134379 4.181830 4.262292 4.212478 4.118597 4.073122 4.114633 4.158110 4.185276 4.216492 4.248991 4.284799 4.370690 4.452836 4.599603 4.667575 4.716306 4.870382 6.143854 7.142622 7.017467 6.244628 6.856993 7.258240 7.451181 7.376172 7.704127 8.045464 8.426455 8.836329 8.799955 9.237436 9.875051 10.462398 11.523888 12.151815 12.659247 12.952135 13.056941 13.474113 14.310526 15.670444 16.423098 17.410065 20.474150 22.443737 21.653721 21.623436 0.000000 0.000000 0.000000 0.000000 0.000000 0.000000 
0.000000 0.000000 0.000000 0.000000 0.000000 0.000000 0.000000 0.000000 0.000000 0.000000 0.000000 0.000000 0.000000 0.000000 0.000000 0.000000 0.000000 0.000000 0.000000 0.000000 0.000000 0.000000 0.000000 0.000000 0.000000 0.000000 0.000000 0.000000 0.000000 0.000000 0.000000 0.000000 0.000000 0.000000 0.000000 0.000000 0.000000 0.000000 0.000000 0.000000 0.000000 0.000000 0.000000 0.000000 0.000000 0.000000 0.000000 0.000000 0.000000 0.000000 0.000000 0.000000 0.000000 0.000000 0.000000 0.000000 0.000000 17.969692 17.391016 14.424161 14.110526 13.935083 13.553845 10.717933 7.954365 5.813503 5.256158 5.195038 5.184409 5.424859 5.537347 5.495424 5.433104 3.999257 3.934168 4.176870 4.650876 4.760246 4.980059 5.351238 5.661542 5.790536 5.899909 5.967716 5.953190 6.010158 6.093805 6.297024 6.774598 6.996356 7.561515 7.357362 6.941071 6.728716 6.629871 6.573437 6.555414 6.602526 6.929725 7.982139 8.460077 8.447947 8.826180 9.228611 9.398863 9.452549 9.181618 9.270764 9.237945 8.963397 9.031989 8.932154 8.974673 9.038741 9.000995 9.088614 9.050086 8.876257 8.611906 8.147128 7.166039 6.593157 5.312266 4.748225 4.518362 4.539408 3.856963 2.063856 1.610056 1.798459 1.106169 0.510154 -0.494861 -0.127378 2.344390 2.297564 2.328945 2.315176 2.282807 2.327237 2.376653 2.485290 2.566386 2.690210 2.787125 2.796326 2.873350 3.041263 3.007664 3.031437 3.158278 3.137838 3.199066 3.550238 4.409050 2.093123 2.451170 3.973372 3.649649 3.037465 3.054032 3.093911 3.162336 3.205854 3.333289 3.422246 3.477000 3.554924 3.640045 3.653451 3.771399 3.867584 3.894276 3.886064 3.864678 3.955169 3.983810 4.025485 4.110141 4.133489 4.170776 4.133451 4.122828 4.141327 4.180120 4.250731 4.253376 4.295497 4.296798 4.252539 4.196969 4.235662 4.247961 4.291489 4.299454 4.335060 4.374527 4.409240 4.496315 4.625152 4.737843 4.819571 5.306064 6.858150 7.307124 6.404583 6.590080 6.992481 7.149402 7.290503 7.120763 7.223695 7.497172 7.594233 8.039541 8.200561 8.547136 8.633942 9.246496 10.300984 10.996667 11.266316 11.530730 11.632712 12.101116 12.851111 13.812459 15.632513 16.789913 17.989050 21.056650 22.804186 21.999653 0.000000 0.000000 0.000000 0.000000 0.000000 0.000000 
0.000000 0.000000 0.000000 0.000000 0.000000 0.000000 0.000000 0.000000 0.000000 0.000000 0.000000 0.000000 0.000000 0.000000 0.000000 0.000000 0.000000 0.000000 0.000000 0.000000 0.000000 0.000000 0.000000 0.000000 0.000000 0.000000 0.000000 0.000000 0.000000 0.000000 0.000000 0.000000 0.000000 0.000000 0.000000 0.000000 0.000000 0.000000 0.000000 0.000000 0.000000 0.000000 0.000000 0.000000 0.000000 0.000000 0.000000 0.000000 0.000000 0.000000 0.000000 0.000000 0.000000 0.000000 0.000000 0.000000 0.000000 18.197454 16.185709 14.764888 14.716615 13.849149 11.848867 9.121224 6.521170 5.480266 5.263584 5.154038 5.175126 5.563283 5.525529 5.283978 4.705543 3.879972 3.792071 3.812738 3.844428 3.847583 3.894581 4.424015 5.036131 5.066818 5.580284 5.812445 5.919128 5.976930 6.043158 6.090424 6.262809 6.606810 7.450095 7.331366 7.452393 6.800725 6.304830 6.314472 6.264881 6.274565 6.495530 7.164898 7.428544 7.400484 7.581980 7.892097 8.204987 8.294797 8.173079 8.035816 7.772067 7.474907 7.213189 7.060324 6.879152 7.010583 7.074881 7.370748 7.719045 7.777455 7.664138 7.200148 6.253593 5.582788 4.875598 4.454780 4.103125 3.949009 3.002851 1.665296 1.562535 1.516666 1.236799 0.805860 -0.463577 -0.250674 2.092493 2.317580 2.268010 2.245590 2.242341 2.274090 2.321464 2.368017 2.461851 2.495852 2.567663 2.645360 2.759073 2.924867 3.053663 3.165909 3.272485 3.288790 3.340189 3.443819 3.981084 2.459116 1.820145 3.798504 4.095106 3.459851 3.193820 3.235769 3.217712 3.307324 3.438734 3.479680 3.554460 3.639617 3.720772 3.716976 3.802004 3.876981 3.917527 3.948193 3.967603 4.010661 4.031739 4.107909 4.188573 4.247372 4.276114 4.255887 4.217272 4.234578 4.294711 4.334410 4.318602 4.367168 4.389629 4.374211 4.348876 4.293663 4.332582 4.380823 4.439120 4.429321 4.520403 4.527645 4.608171 4.683533 4.845551 4.977072 6.258699 7.348303 6.953413 6.488899 6.852224 7.157816 7.448543 7.244132 7.006141 6.839724 6.957609 7.351604 7.607389 7.651001 7.805343 8.041651 8.383714 8.720615 9.378060 9.834105 10.201514 10.547945 11.045400 11.775720 12.657589 13.575782 16.094217 16.791504 18.234591 21.390621 22.968700 22.255140 0.000000 0.000000 0.000000 0.000000 0.000000 
0.000000 0.000000 0.000000 0.000000 0.000000 0.000000 0.000000 0.000000 0.000000 0.000000 0.000000 0.000000 0.000000 0.000000 0.000000 0.000000 0.000000 0.000000 0.000000 0.000000 0.000000 0.000000 0.000000 0.000000 0.000000 0.000000 0.000000 0.000000 0.000000 0.000000 0.000000 0.000000 0.000000 0.000000 0.000000 0.000000 0.000000 0.000000 0.000000 0.000000 0.000000 0.000000 0.000000 0.000000 0.000000 0.000000 0.000000 0.000000 0.000000 0.000000 0.000000 0.000000 0.000000 0.000000 0.000000 0.000000 0.000000 17.977528 15.670048 15.341458 14.841352 13.024436 11.289130 7.769257 5.871687 5.413317 5.205967 5.127742 5.517323 6.250858 5.926341 5.505945 4.450148 3.870573 3.767386 3.760136 3.765038 3.721430 3.655242 3.694275 3.758394 3.919607 4.231648 4.630013 5.330000 5.864987 6.001116 6.060974 6.103799 6.132934 6.381921 6.759033 7.545739 7.020339 6.268825 5.952015 6.090936 6.148572 6.124034 6.311754 6.448828 6.563690 6.518732 6.505411 6.715225 6.895522 6.575454 6.258318 5.923408 5.550306 5.362703 5.127656 5.349333 5.064829 5.537606 5.553535 5.692924 5.828290 6.017558 5.887880 5.687123 5.332910 4.546471 4.312922 4.016233 3.240426 1.787427 1.611117 1.417555 1.426314 1.359634 0.990384 -0.370928 -0.387596 1.965502 2.302279 2.279593 2.246274 2.221617 2.243643 2.299812 2.376682 2.379738 2.411110 2.504984 2.537772 2.596611 2.775393 2.913362 3.048066 3.208822 3.396379 3.569351 3.678121 3.803175 2.738042 1.027363 2.410575 4.250303 4.141086 3.608797 3.423188 3.434217 3.443747 3.519247 3.622421 3.645292 3.698962 3.786980 3.835721 3.899524 3.908043 3.978291 4.003903 4.036552 4.076117 4.074664 4.218450 4.249433 4.353621 4.386194 4.383791 4.306497 4.348900 4.370193 4.406469 4.397943 4.453839 4.436943 4.435049 4.440297 4.421456 4.423457 4.432626 4.488211 4.519923 4.608040 4.675362 4.775968 4.833406 4.939256 5.702412 7.086482 7.336137 6.422014 6.775679 6.961791 7.108539 7.352590 7.182664 7.135619 6.961246 6.982564 7.015621 7.215531 7.477012 7.423757 7.593592 7.713510 8.050410 8.467244 8.750700 9.070209 9.396605 9.936227 10.690637 11.483367 12.384725 13.775574 16.273212 16.801807 18.974783 22.260458 22.913744 0.000000 0.000000 0.000000 0.000000 0.000000 
0.000000 0.000000 0.000000 0.000000 0.000000 0.000000 0.000000 0.000000 0.000000 0.000000 0.000000 0.000000 0.000000 0.000000 0.000000 0.000000 0.000000 0.000000 0.000000 0.000000 0.000000 0.000000 0.000000 0.000000 0.000000 0.000000 0.000000 0.000000 0.000000 0.000000 0.000000 0.000000 0.000000 0.000000 0.000000 0.000000 0.000000 0.000000 0.000000 0.000000 0.000000 0.000000 0.000000 0.000000 0.000000 0.000000 0.000000 0.000000 0.000000 0.000000 0.000000 0.000000 0.000000 0.000000 0.000000 0.000000 18.747429 16.961639 15.983398 15.472206 14.257064 12.515724 9.851155 6.629640 5.920206 5.362419 5.213449 5.107048 5.595586 6.652588 6.529615 6.340023 4.723202 3.889272 3.807569 3.806744 3.820247 3.783207 3.700266 3.712623 3.665547 3.663814 3.738674 3.862949 4.120242 5.098564 5.264926 5.750512 6.067749 6.098400 6.175653 6.313864 6.733965 6.975875 6.655054 5.831798 5.827351 5.891070 5.767165 5.835475 5.447391 5.190246 5.700198 5.831900 5.627653 5.280676 5.027927 4.702817 4.460063 4.303169 4.035353 3.486999 3.601505 3.508112 3.921740 4.145711 4.281836 4.392417 4.590001 4.753868 4.951798 4.724189 4.397700 4.251860 2.744852 1.496898 1.367065 1.302982 1.257956 1.211789 0.995450 0.974624 0.063613 -0.466886 1.145044 2.260540 2.315581 2.249446 2.226205 2.200649 2.278783 2.336366 2.352335 2.382017 2.461067 2.419269 2.560046 2.704431 2.775432 2.824759 3.015030 3.254542 3.380055 3.703270 4.036648 3.889209 2.616770 2.179077 3.771769 4.658204 4.372308 3.885993 3.594898 3.619103 3.645097 3.683302 3.701936 3.770436 3.829520 3.950769 3.933565 3.906912 3.989752 3.989526 4.030792 4.098811 4.180145 4.317068 4.333535 4.431472 4.549615 4.507660 4.436144 4.436290 4.435832 4.472058 4.514118 4.562150 4.561468 4.558683 4.523304 4.497919 4.501994 4.515423 4.556437 4.621922 4.694993 4.820870 4.932981 5.030069 5.275701 6.975637 7.434314 6.641866 6.554772 6.698491 7.233659 7.951258 7.637475 7.475360 6.895566 6.819228 7.021655 7.238196 7.235285 7.321736 7.224934 7.495534 7.438736 7.615459 7.844034 8.020536 8.214346 8.633470 8.984244 9.464122 10.234446 11.322572 12.673377 14.087339 16.627350 16.695633 18.788700 22.518847 0.000000 0.000000 0.000000 0.000000 0.000000 
0.000000 0.000000 0.000000 0.000000 0.000000 0.000000 0.000000 0.000000 0.000000 0.000000 0.000000 0.000000 0.000000 0.000000 0.000000 0.000000 0.000000 0.000000 0.000000 0.000000 0.000000 0.000000 0.000000 0.000000 0.000000 0.000000 0.000000 0.000000 0.000000 0.000000 0.000000 0.000000 0.000000 0.000000 0.000000 0.000000 0.000000 0.000000 0.000000 0.000000 0.000000 0.000000 0.000000 0.000000 0.000000 0.000000 0.000000 0.000000 0.000000 0.000000 0.000000 0.000000 0.000000 0.000000 0.000000 0.000000 18.958574 16.997835 16.339008 15.631599 14.558972 12.792744 9.782119 6.447310 5.988166 5.926374 6.107766 5.993193 5.541114 6.307340 6.549988 6.681483 4.883090 3.968602 3.904401 3.879009 3.864630 3.773848 3.718969 3.693687 3.645797 3.695636 3.857140 3.899134 3.942069 4.048805 4.198628 4.213080 5.464687 6.151708 6.173635 6.156888 6.275245 6.464409 6.465698 5.944685 5.633531 5.553026 5.546812 5.526926 5.055475 4.958424 4.883690 5.102818 4.849450 3.989186 2.828570 1.870953 0.871183 0.307101 -0.138134 -0.432179 -0.450837 -0.477306 -0.489637 0.150066 0.944820 1.278105 1.375427 1.639449 2.026574 2.317051 3.514441 2.240542 1.767766 1.339162 1.072751 0.942472 0.903476 0.756922 0.708728 0.824287 0.276789 -0.427548 1.639624 2.436687 2.247524 2.218170 2.280426 2.295374 2.290592 2.271072 2.263912 2.260605 2.394083 2.401663 2.478572 2.579770 2.662688 2.769486 2.923155 3.053849 3.205803 3.448656 3.764530 4.081844 3.849497 1.983166 2.944573 4.348630 4.842550 4.618775 4.316386 3.803824 3.768686 3.870613 3.870251 3.909096 3.957184 3.939143 3.967400 3.995768 4.022876 4.070590 4.103137 4.129066 4.277703 4.387917 4.444477 4.472856 4.559506 4.573673 4.609850 4.604245 4.588732 4.588922 4.578205 4.609592 4.671725 4.606412 4.558516 4.561706 4.571910 4.619947 4.658464 4.720103 4.831264 4.970371 5.101861 5.185905 6.080334 7.379076 7.237834 6.198885 6.720880 7.000612 7.061564 8.938933 7.802139 7.072680 6.496768 6.512769 6.565237 7.004208 7.007904 7.200476 7.386052 7.269195 7.313318 7.357712 7.493227 7.520208 7.965086 8.232094 8.494357 8.835770 9.458367 10.423089 11.428993 13.043228 14.159837 15.616735 16.383930 18.139048 22.062513 0.000000 0.000000 0.000000 0.000000 
0.000000 0.000000 0.000000 0.000000 0.000000 0.000000 0.000000 0.000000 0.000000 0.000000 0.000000 0.000000 0.000000 0.000000 0.000000 0.000000 0.000000 0.000000 0.000000 0.000000 0.000000 0.000000 0.000000 0.000000 0.000000 0.000000 0.000000 0.000000 0.000000 0.000000 0.000000 0.000000 0.000000 0.000000 0.000000 0.000000 0.000000 0.000000 0.000000 0.000000 0.000000 0.000000 0.000000 0.000000 0.000000 0.000000 0.000000 0.000000 0.000000 0.000000 0.000000 0.000000 0.000000 0.000000 0.000000 0.000000 18.439421 17.116264 16.644417 14.869287 14.020786 11.952754 7.699566 6.505546 5.996888 5.722828 5.692823 6.361218 6.014023 6.207110 6.207372 5.851142 4.737626 4.037957 3.967640 3.956032 3.956178 3.828108 3.732616 3.703694 3.677179 3.749670 3.963419 3.888245 3.984779 4.106814 4.101025 4.256004 4.693682 5.618129 6.126156 6.311925 6.272565 6.235254 6.294103 6.117598 5.811405 5.592670 5.586677 5.195183 4.954930 4.751228 4.557065 3.271168 0.584190 -0.428028 -0.440339 -0.267839 -0.187757 -0.016932 0.919429 0.612756 0.905012 1.282729 1.120118 0.325854 -0.243195 -0.406951 -0.438056 -0.456484 -0.479021 -0.486925 -0.253404 0.335619 0.593461 0.687874 0.774971 0.785846 0.805307 0.955457 1.081593 0.943859 -0.255014 -0.061360 2.026698 2.509996 2.321540 2.339191 2.526098 2.373916 2.323263 2.374171 2.358145 2.301998 2.361626 2.401978 2.482092 2.568611 2.628762 2.680265 2.808242 2.940392 3.119167 3.325993 3.539785 3.817889 4.031271 2.899829 1.389375 2.666961 4.544812 4.463966 4.655197 4.828405 4.395216 3.953139 3.989153 4.100129 4.176577 4.051644 4.011947 4.112175 4.064598 4.133144 4.130219 4.193642 4.333239 4.362793 4.445033 4.477856 4.490812 4.534925 4.640946 4.707263 4.739639 4.744127 4.744725 4.709939 4.691546 4.641043 4.600295 4.653127 4.671381 4.758214 4.767755 4.788099 4.870914 5.019407 5.201113 5.706713 7.094726 7.485268 6.421972 6.640535 7.003353 7.075842 6.924128 7.557925 7.533448 7.506956 6.780764 6.669041 6.859464 7.261830 7.223287 7.795292 7.475766 7.791876 7.820637 7.431382 7.468951 7.709937 7.921584 7.762526 8.217774 8.502308 8.966575 9.704453 10.399427 11.659897 13.128259 13.622707 15.047606 16.151232 17.750158 0.000000 0.000000 0.000000 0.000000 
0.000000 0.000000 0.000000 0.000000 0.000000 0.000000 0.000000 0.000000 0.000000 0.000000 0.000000 0.000000 0.000000 0.000000 0.000000 0.000000 0.000000 0.000000 0.000000 0.000000 0.000000 0.000000 0.000000 0.000000 0.000000 0.000000 0.000000 0.000000 0.000000 0.000000 0.000000 0.000000 0.000000 0.000000 0.000000 0.000000 0.000000 0.000000 0.000000 0.000000 0.000000 0.000000 0.000000 0.000000 0.000000 0.000000 0.000000 0.000000 0.000000 0.000000 0.000000 0.000000 0.000000 0.000000 0.000000 0.000000 18.093912 17.617884 17.027512 14.300277 12.889859 10.812980 7.314694 6.609133 6.161404 5.873923 5.718890 5.971664 6.149693 6.602105 6.703421 6.039758 4.718822 4.213071 4.113660 4.045821 4.053626 3.934295 3.823828 3.769072 3.770640 3.899316 3.948635 3.958985 4.097274 4.092532 3.988504 4.183605 4.422754 5.071685 5.961507 6.523564 6.522312 6.491123 6.326568 6.273091 6.318908 6.048941 5.815100 4.909192 4.818710 4.461216 1.928509 -0.401414 0.627315 1.657186 2.854223 3.627752 3.461433 3.450500 4.280147 3.593146 3.481272 3.632626 3.571403 3.063471 3.115862 2.888199 2.963193 3.098472 2.697920 0.845111 -0.453838 -0.483577 -0.342503 0.002456 -0.001665 -0.175448 -0.185534 0.244781 -0.264328 -0.459356 -0.377340 2.040899 3.554981 2.614134 2.374110 2.388129 2.715173 2.474633 2.482815 2.524681 2.450414 2.432537 2.466113 2.535715 2.556408 2.559549 2.660121 2.730100 2.778346 2.901451 3.103334 3.230421 3.392652 3.504245 3.782974 4.025125 2.787968 1.500301 2.136940 2.388612 2.507651 3.583615 4.402509 4.819664 4.513312 4.375830 4.275735 4.253904 4.069577 4.066164 4.006918 4.141691 4.146623 4.281096 4.385138 4.398260 4.361879 4.409743 4.440569 4.478965 4.573163 4.649912 4.738294 4.733956 4.824086 4.833891 4.783391 4.710030 4.722960 4.748977 4.815164 4.870401 4.869126 4.873764 4.937987 5.055133 5.427694 6.880374 7.634375 6.868503 6.137720 6.810722 7.008275 7.078922 6.801238 7.335618 7.946290 7.812586 7.597908 7.293707 7.506263 7.783913 7.781960 7.802123 7.658994 7.834768 7.432597 7.316469 7.699895 7.770956 7.674115 7.969094 8.013334 8.301620 8.776175 9.262158 9.831545 10.477563 11.250536 12.746664 12.908872 14.507791 15.759910 0.000000 0.000000 0.000000 0.000000 
0.000000 0.000000 0.000000 0.000000 0.000000 0.000000 0.000000 0.000000 0.000000 0.000000 0.000000 0.000000 0.000000 0.000000 0.000000 0.000000 0.000000 0.000000 0.000000 0.000000 0.000000 0.000000 0.000000 0.000000 0.000000 0.000000 0.000000 0.000000 0.000000 0.000000 0.000000 0.000000 0.000000 0.000000 0.000000 0.000000 0.000000 0.000000 0.000000 0.000000 0.000000 0.000000 0.000000 0.000000 0.000000 0.000000 0.000000 0.000000 0.000000 0.000000 0.000000 0.000000 0.000000 0.000000 0.000000 0.000000 18.524670 18.114861 17.146788 14.033263 12.759924 8.752997 7.360521 6.645776 6.345332 6.018755 5.778519 5.745131 5.819762 7.829828 8.349618 7.354092 5.222777 4.305732 4.212100 4.183964 4.134501 4.037173 3.893141 3.849050 3.887866 3.953769 3.977029 4.099671 4.121353 4.018431 4.109054 4.095905 4.392674 4.637707 5.730338 6.625707 6.694024 6.597966 6.503253 6.416744 6.375527 6.363262 6.259574 5.773225 4.395018 0.759508 -0.431070 1.443849 3.189868 3.733089 4.239013 4.167120 4.283679 4.623261 5.162973 4.971198 5.034232 5.154788 5.638113 6.260782 4.130441 2.751770 2.587168 2.324212 2.176654 1.878855 0.912889 0.073459 -0.402823 -0.362638 -0.477154 -0.463829 -0.481086 -0.475698 -0.387703 -0.009041 2.625313 3.774961 3.505693 2.486452 2.420426 2.434525 2.508065 2.528557 2.741779 3.234119 4.035758 2.919852 2.648849 2.734881 2.698138 2.678940 2.737207 2.749845 2.821567 2.942573 3.123294 3.202095 3.248487 3.318560 3.510022 3.852822 4.143655 3.471961 3.139716 2.324372 1.245430 0.826567 1.636175 4.367625 4.958504 5.159385 5.092934 5.059921 4.781946 4.539608 4.344701 3.979846 3.961768 4.128002 4.238199 4.260995 4.282262 4.358741 4.409840 4.452343 4.502906 4.565843 4.656657 4.654363 4.826885 4.828611 4.830625 4.847360 4.862761 4.852492 4.914379 4.982864 5.000378 5.029240 5.081712 5.110732 6.619755 7.732809 7.629651 6.461604 6.606108 6.911858 6.927668 6.711644 6.944472 7.089444 8.003404 7.711726 7.777532 7.854059 7.986257 7.990867 8.181294 7.953022 8.120941 7.439288 7.110556 7.377128 7.774407 7.915709 7.874218 8.141200 8.266356 8.184514 8.380624 9.098150 9.445549 9.799140 10.272698 11.006767 11.632131 12.037901 14.575070 0.000000 0.000000 0.000000 0.000000 
0.000000 0.000000 0.000000 0.000000 0.000000 0.000000 0.000000 0.000000 0.000000 0.000000 0.000000 0.000000 0.000000 0.000000 0.000000 0.000000 0.000000 0.000000 0.000000 0.000000 0.000000 0.000000 0.000000 0.000000 0.000000 0.000000 0.000000 0.000000 0.000000 0.000000 0.000000 0.000000 0.000000 0.000000 0.000000 0.000000 0.000000 0.000000 0.000000 0.000000 0.000000 0.000000 0.000000 0.000000 0.000000 0.000000 0.000000 0.000000 0.000000 0.000000 0.000000 0.000000 0.000000 0.000000 0.000000 19.293676 18.978809 18.256060 16.529163 13.857080 11.156395 8.197299 7.398689 6.773461 6.444664 6.195221 5.949772 5.736867 5.887951 9.270333 11.565886 9.376658 5.592744 4.447734 4.325568 4.250701 4.185431 4.037304 3.946145 3.944849 3.983009 4.000968 4.067335 4.194236 4.063311 4.093810 4.113570 4.253923 4.459126 4.662574 5.081845 6.048853 6.466704 6.591350 6.615605 6.527491 6.451493 6.020218 6.298096 5.886706 0.579921 -0.285204 1.169833 3.198253 3.918992 5.840909 4.611280 4.227057 4.286286 4.391109 4.447825 4.227170 4.169671 4.121971 4.234213 4.569656 4.107621 3.729643 3.229004 3.434201 4.295659 3.724176 2.730371 2.365806 2.608985 2.892883 1.430391 2.022604 1.016944 1.168229 1.805765 2.791398 3.956499 3.548928 2.766554 2.446327 2.478255 2.551942 2.549716 2.678040 2.682813 2.697398 2.919529 3.045918 2.853562 2.961230 2.933104 2.947001 2.973467 2.983605 3.016953 3.028750 3.039173 3.065777 3.156096 3.235493 3.361286 3.538012 3.891278 4.133176 4.309576 4.642601 4.451695 3.941290 3.006613 2.614242 1.970082 2.575946 4.075971 5.060695 3.239259 2.930265 3.669368 3.813890 3.273561 4.337185 4.553081 4.549420 4.323673 4.247035 4.332696 4.402535 4.428473 4.515141 4.568735 4.629360 4.752480 4.750282 4.779894 4.843493 4.934789 4.956884 5.011296 5.030326 5.059679 5.132393 5.152193 5.574352 7.604811 8.135706 7.155906 6.531819 6.897038 6.908805 6.671007 6.568388 6.446813 6.960073 7.213366 7.464438 7.534521 7.640533 7.796818 8.060441 8.036236 7.994729 7.975695 7.756872 7.833874 8.088697 8.050103 8.186871 8.192304 8.066099 8.222303 8.395865 8.608883 9.494819 9.298864 9.384002 9.920432 10.117002 10.475620 10.898827 12.484732 14.882604 0.000000 0.000000 0.000000 
0.000000 0.000000 0.000000 0.000000 0.000000 0.000000 0.000000 0.000000 0.000000 0.000000 0.000000 0.000000 0.000000 0.000000 0.000000 0.000000 0.000000 0.000000 0.000000 0.000000 0.000000 0.000000 0.000000 0.000000 0.000000 0.000000 0.000000 0.000000 0.000000 0.000000 0.000000 0.000000 0.000000 0.000000 0.000000 0.000000 0.000000 0.000000 0.000000 0.000000 0.000000 0.000000 0.000000 0.000000 0.000000 0.000000 0.000000 0.000000 0.000000 0.000000 0.000000 0.000000 0.000000 0.000000 0.000000 19.796360 19.236425 18.346779 15.184002 12.888471 9.161352 8.070495 7.563692 7.054130 6.743876 6.421222 6.202529 5.969879 5.995315 10.515729 13.214380 10.308092 5.916186 4.617953 4.476698 4.368897 4.259742 4.085264 3.979120 3.948644 3.962836 4.063329 4.144426 4.169163 4.156995 4.141105 4.304166 4.416518 4.561677 4.632263 4.752013 5.122840 5.478756 5.939823 6.664713 6.705964 5.767044 5.148755 4.174584 0.606808 -0.143181 4.478930 4.900990 3.655102 5.977438 5.951116 4.273240 4.248313 4.329513 4.470057 4.276078 4.015307 3.915911 3.910634 3.701113 3.629758 3.536728 3.423507 3.414137 3.327542 3.436745 3.413770 3.002528 2.890748 2.865530 2.743483 2.612568 2.455130 2.352931 2.427424 2.646207 3.065662 2.569339 2.102904 2.695434 2.662680 2.608691 2.519499 2.616471 2.739003 2.812967 2.884458 2.980537 3.005207 3.088030 3.086237 3.163454 3.145104 3.066809 3.142337 3.149187 3.118979 3.192274 3.091740 3.011246 3.089434 3.226681 3.423531 3.529667 3.732083 3.980819 4.338605 4.724858 5.553624 5.165643 5.167943 4.641730 2.975381 1.771311 1.684056 1.459239 1.503072 1.743733 1.862862 2.881868 5.489244 5.657070 5.647532 5.931521 6.043456 4.932635 4.516392 4.527647 4.517378 4.546818 4.555703 4.629698 4.661579 4.707980 4.720473 4.794063 4.921119 5.023138 5.019714 5.034326 5.141009 5.325807 7.037324 8.673681 8.343792 7.404683 7.052042 6.750279 6.554677 6.599530 5.926497 5.770556 6.207933 6.874221 7.349803 7.107453 7.222123 7.751942 8.027014 8.017339 7.948579 8.055607 8.060026 8.096519 8.245304 8.299824 8.332494 8.210132 8.305040 8.367064 8.487148 8.459730 9.055835 9.033475 9.044140 9.430917 9.891288 9.959170 10.436431 11.062360 13.746534 0.000000 0.000000 0.000000 
0.000000 0.000000 0.000000 0.000000 0.000000 0.000000 0.000000 0.000000 0.000000 0.000000 0.000000 0.000000 0.000000 0.000000 0.000000 0.000000 0.000000 0.000000 0.000000 0.000000 0.000000 0.000000 0.000000 0.000000 0.000000 0.000000 0.000000 0.000000 0.000000 0.000000 0.000000 0.000000 0.000000 0.000000 0.000000 0.000000 0.000000 0.000000 0.000000 0.000000 0.000000 0.000000 0.000000 0.000000 0.000000 0.000000 0.000000 0.000000 0.000000 0.000000 0.000000 0.000000 0.000000 0.000000 0.000000 20.153244 19.361094 18.184324 14.074558 12.135706 8.825809 8.228854 7.705709 7.228608 6.914349 6.721373 6.472897 6.185111 6.035562 10.051816 13.477441 11.236121 5.830896 4.691905 4.596706 4.488924 4.329260 4.102394 4.037402 4.005700 4.104050 4.127663 4.153312 4.214975 4.248429 4.344809 4.417653 4.483323 4.541909 4.531942 4.557474 4.552704 4.534575 4.616588 5.889029 6.351701 4.741284 3.749065 -0.129710 0.074641 2.187875 3.576482 5.387959 6.196232 6.040987 5.836981 5.460907 4.423269 4.402314 4.518058 4.293984 4.051070 3.879407 3.775382 3.550292 3.414821 3.306754 3.237421 3.241861 3.259303 3.134568 3.086215 2.936142 2.813766 2.672116 2.608195 2.495708 2.361888 2.507377 2.560134 2.661021 2.870176 2.875627 1.382356 2.105435 2.681544 2.749599 2.741897 2.763256 2.803257 2.910172 2.964937 3.079826 3.133326 3.247241 3.269207 3.252377 3.280499 3.254208 3.292110 3.256657 3.226501 3.239523 3.199474 3.131667 3.022244 3.113168 3.214966 3.313718 3.466620 3.600853 3.942276 4.194723 4.539116 5.364070 5.568913 5.678314 5.444698 4.863400 3.686448 2.751905 2.784608 2.214811 1.457723 2.508543 4.179510 3.779457 4.110429 4.874224 5.765039 6.340788 6.710412 6.121260 5.734418 5.219962 5.800635 5.752926 5.282662 5.018357 4.816780 4.777509 4.776788 4.764081 4.944693 5.181985 5.577385 5.871378 6.892219 8.772507 7.361899 5.887601 6.462655 5.303591 3.996253 3.561358 3.034347 3.215884 4.224634 5.809985 6.919373 6.859559 6.696080 6.985010 7.717334 7.893505 8.070747 7.978159 8.226449 8.315154 8.492876 8.403352 7.922331 7.909829 8.327426 8.461164 8.648307 8.638585 8.472001 9.164886 9.193638 9.277180 9.285665 9.669555 9.906583 10.191658 12.599215 0.000000 0.000000 0.000000 
0.000000 0.000000 0.000000 0.000000 0.000000 0.000000 0.000000 0.000000 0.000000 0.000000 0.000000 0.000000 0.000000 0.000000 0.000000 0.000000 0.000000 0.000000 0.000000 0.000000 0.000000 0.000000 0.000000 0.000000 0.000000 0.000000 0.000000 0.000000 0.000000 0.000000 0.000000 0.000000 0.000000 0.000000 0.000000 0.000000 0.000000 0.000000 0.000000 0.000000 0.000000 0.000000 0.000000 0.000000 0.000000 0.000000 0.000000 0.000000 0.000000 0.000000 0.000000 0.000000 0.000000 0.000000 0.000000 20.275446 19.357002 16.087421 13.752944 11.632796 8.954929 8.486659 7.999722 7.526249 7.197111 6.963631 6.731613 6.368425 6.204909 10.750937 13.510343 10.584480 5.884881 4.788765 4.702308 4.541374 4.325850 4.117679 4.027905 4.040715 4.161731 4.147476 4.211473 4.247888 4.291650 4.393927 4.490705 4.521403 4.522032 4.519988 4.522881 4.470100 4.369620 4.196130 4.172782 4.705513 3.681697 0.160596 0.528424 3.464474 3.736673 3.573081 4.161724 5.702792 6.088608 6.199909 6.133374 5.425092 4.640771 4.464236 4.326501 4.083357 3.951357 3.767343 3.539138 3.407423 3.228004 3.098685 3.058037 3.036164 2.999140 2.998965 2.915561 2.707491 2.632152 2.558170 2.317547 2.408149 2.580975 2.658384 2.701517 2.861513 3.351510 2.649931 2.038533 2.127347 2.720926 3.033313 3.001383 3.097456 3.179251 3.201379 3.239789 3.276090 3.302903 3.343857 3.439797 3.445822 3.408502 3.412459 3.443361 3.428642 3.354365 3.268856 3.177779 3.094873 3.122354 3.132325 3.183703 3.291201 3.454701 3.730246 4.094356 5.672900 6.941111 7.694887 7.498403 6.177173 5.065752 5.053130 4.718229 4.159359 3.061433 2.385046 3.667445 3.816670 3.155406 3.389438 3.806140 4.220965 4.374284 5.198764 6.788227 6.882515 6.532880 6.546824 7.162236 7.551284 7.181547 6.709483 5.825426 4.430392 3.883183 3.983540 4.463155 5.111938 5.934087 5.819778 6.439723 5.776145 4.691093 3.962337 3.890089 3.610827 3.472686 4.002709 4.212299 3.595872 3.666469 4.436756 5.774017 5.407834 6.738162 7.319768 7.257950 7.695791 7.763699 7.852985 7.845064 8.239507 8.223901 8.161819 7.753524 7.891863 7.497736 8.061569 8.539015 8.724527 8.680455 8.889406 9.219949 9.345074 9.288041 9.270860 9.752052 10.734648 12.373338 0.000000 0.000000 
0.000000 0.000000 0.000000 0.000000 0.000000 0.000000 0.000000 0.000000 0.000000 0.000000 0.000000 0.000000 0.000000 0.000000 0.000000 0.000000 0.000000 0.000000 0.000000 0.000000 0.000000 0.000000 0.000000 0.000000 0.000000 0.000000 0.000000 0.000000 0.000000 0.000000 0.000000 0.000000 0.000000 0.000000 0.000000 0.000000 0.000000 0.000000 0.000000 0.000000 0.000000 0.000000 0.000000 0.000000 0.000000 0.000000 0.000000 0.000000 0.000000 0.000000 0.000000 0.000000 0.000000 0.000000 0.000000 20.325565 18.768011 15.453691 13.600405 12.251459 9.381908 8.658007 8.175801 7.802321 7.479046 7.249508 7.001801 6.667166 6.363992 10.373878 13.413776 11.273959 6.104963 4.902388 4.761249 4.619057 4.431654 4.239694 4.153656 4.140519 4.261820 4.255083 4.308417 4.293862 4.334267 4.564320 4.601707 4.585639 4.558505 4.592037 4.509660 4.417856 4.335651 4.312001 4.391240 4.351032 1.267929 -0.055570 3.912240 3.945985 4.169231 4.003806 3.627512 4.759191 5.633769 5.850979 6.098217 6.173279 5.995907 5.269110 4.434371 4.174597 3.994828 3.810752 3.642683 3.570152 3.404340 3.170357 3.035644 2.908178 2.820223 2.795252 2.722487 2.574423 2.542357 2.404790 2.364033 2.450061 2.565310 2.664844 2.729937 2.929828 3.090771 3.056171 3.205461 2.279247 2.290502 2.332852 2.374449 3.235797 3.404297 3.441602 3.441598 3.411532 3.430332 3.448006 3.491251 3.503045 3.450462 3.461159 3.562873 3.531232 3.498112 3.403549 3.295057 3.178636 3.137063 3.100107 3.123024 3.155828 3.385735 3.891003 5.860114 8.041245 10.105407 9.760128 8.466190 7.259667 5.085284 5.103065 4.915108 4.345297 3.778058 3.396770 5.306190 5.937669 5.346945 4.872764 4.477818 4.018200 3.287544 2.771200 3.124350 3.492198 4.915757 4.779714 4.505791 5.367880 4.364161 3.691923 3.435063 3.593403 3.589418 2.811292 2.768398 3.076587 3.804358 3.732921 3.570650 3.038572 3.222161 3.762814 5.207946 5.928976 6.065136 6.075548 6.348730 6.068643 5.687431 5.153821 4.924835 5.005302 6.797472 7.054543 7.319135 7.408471 7.548908 7.422732 7.420648 8.050482 8.002301 7.867061 7.788679 7.559835 7.163129 7.412255 7.474951 7.688908 8.282608 8.566204 8.382130 8.284242 8.834114 9.449542 9.479785 9.974348 12.385564 0.000000 0.000000 
0.000000 0.000000 0.000000 0.000000 0.000000 0.000000 0.000000 0.000000 0.000000 0.000000 0.000000 0.000000 0.000000 0.000000 0.000000 0.000000 0.000000 0.000000 0.000000 0.000000 0.000000 0.000000 0.000000 0.000000 0.000000 0.000000 0.000000 0.000000 0.000000 0.000000 0.000000 0.000000 0.000000 0.000000 0.000000 0.000000 0.000000 0.000000 0.000000 0.000000 0.000000 0.000000 0.000000 0.000000 0.000000 0.000000 0.000000 0.000000 0.000000 0.000000 0.000000 0.000000 0.000000 0.000000 21.193335 20.327644 18.871510 15.350896 13.704029 12.621129 9.748526 8.844357 8.381654 8.001127 7.691418 7.436291 7.216647 6.869597 6.505436 9.353745 13.228289 11.664180 6.440322 4.983435 4.834814 4.616788 4.476892 4.345190 4.206117 4.216364 4.281507 4.276441 4.367213 4.392212 4.433382 4.540788 4.561452 4.624628 4.673639 4.717218 4.620207 4.516790 4.446459 4.419918 4.362405 3.498144 -0.211594 1.847574 4.093848 4.064842 4.123107 3.605048 3.970325 4.706355 5.364800 5.609147 5.583335 5.772865 6.133226 6.190879 5.918727 4.883588 4.285316 3.977085 3.883339 3.642711 3.466546 3.323499 3.175624 2.970619 2.855299 2.710706 2.587614 2.458809 2.453424 2.456434 2.397866 2.563346 2.684267 2.740563 2.800994 3.001529 3.048604 2.930270 2.815899 2.780229 2.729494 2.610920 1.773129 2.390683 3.247268 3.589950 3.562506 3.589565 3.575493 3.608796 3.607450 3.582648 3.589988 3.637872 3.596068 3.622936 3.637422 3.520911 3.411797 3.338886 3.264494 3.108160 3.095464 3.234740 3.495981 5.553094 7.547737 9.813115 10.704096 10.106275 8.987140 8.243437 6.576454 5.557556 5.118959 4.559734 4.172232 4.829363 6.636105 7.831405 7.911384 7.650952 7.550417 7.736979 6.738518 5.562351 4.613604 4.661646 5.010818 4.877709 4.434423 4.468800 4.524090 4.772267 5.019912 5.214928 6.064328 5.621047 3.999507 4.002309 5.271877 3.557657 4.384222 4.720360 5.853592 5.653034 6.312542 6.770841 6.777174 6.602410 6.589474 6.403251 6.412896 6.564770 6.077226 4.371539 4.520545 6.420692 6.994220 7.204389 7.267704 7.269280 7.405118 7.568202 7.312512 7.851439 7.329086 7.643267 7.433259 8.092532 6.873518 7.244009 8.080184 7.878538 8.057670 7.769995 8.226601 8.488754 8.966903 9.164652 11.641533 0.000000 0.000000 
0.000000 0.000000 0.000000 0.000000 0.000000 0.000000 0.000000 0.000000 0.000000 0.000000 0.000000 0.000000 0.000000 0.000000 0.000000 0.000000 0.000000 0.000000 0.000000 0.000000 0.000000 0.000000 0.000000 0.000000 0.000000 0.000000 0.000000 0.000000 0.000000 0.000000 0.000000 0.000000 0.000000 0.000000 0.000000 0.000000 0.000000 0.000000 0.000000 0.000000 0.000000 0.000000 0.000000 0.000000 0.000000 0.000000 0.000000 0.000000 0.000000 0.000000 0.000000 0.000000 0.000000 0.000000 20.799723 20.233644 18.331255 15.041235 13.756811 12.340742 9.586955 9.081899 8.573323 8.188455 7.821620 7.590563 7.374159 7.014591 6.673764 9.526626 13.355227 11.100764 6.464493 4.974474 4.862061 4.666765 4.518509 4.415565 4.351297 4.346298 4.361078 4.381779 4.451839 4.530012 4.585879 4.599167 4.710055 4.768750 4.805542 4.856377 4.754485 4.592740 4.528515 4.508013 4.426535 0.713889 0.425116 3.578418 3.932131 5.002956 3.710824 3.543152 4.382809 4.847540 5.271010 5.278594 5.229577 5.131795 5.634681 5.894950 6.150342 6.150931 5.905233 4.982984 4.178737 3.829278 3.792111 3.566521 3.282361 3.100879 2.942258 2.806288 2.640448 2.503202 2.556324 2.516311 2.612652 2.733264 2.760607 2.840358 2.891059 2.988743 3.043948 2.927804 2.869754 2.765018 2.647398 2.531343 2.480710 2.107961 2.515599 3.426517 3.694713 3.965860 4.167281 3.705353 3.717166 3.712404 3.702768 3.692552 3.630307 3.674861 3.713373 3.672354 3.592298 3.535855 3.401921 3.212523 3.268054 3.418452 4.874857 6.942340 9.161577 10.849220 11.091490 10.838156 10.137084 9.061296 8.125643 6.151778 5.070152 5.144843 4.828114 6.111036 8.526778 10.352179 10.548458 10.831017 10.575465 10.408700 10.978254 11.282386 10.531735 9.938807 10.167699 8.631557 8.024044 7.310669 6.886855 7.028706 7.421581 7.460969 7.645190 7.757603 7.877913 10.799909 9.476040 6.626821 6.226891 6.547750 6.884045 7.204592 7.149763 7.037366 6.977874 6.792020 6.472685 6.516563 6.507489 6.508712 6.720622 6.902863 5.124065 3.916468 5.369712 6.739489 7.254341 7.641024 7.233941 7.628763 7.116838 6.704499 5.938659 5.860486 6.472768 7.016004 6.844906 7.720470 7.858389 7.918380 7.180906 6.970545 8.064846 8.338973 8.709709 8.947420 9.488097 0.000000 0.000000 
0.000000 0.000000 0.000000 0.000000 0.000000 0.000000 0.000000 0.000000 0.000000 0.000000 0.000000 0.000000 0.000000 0.000000 0.000000 0.000000 0.000000 0.000000 0.000000 0.000000 0.000000 0.000000 0.000000 0.000000 0.000000 0.000000 0.000000 0.000000 0.000000 0.000000 0.000000 0.000000 0.000000 0.000000 0.000000 0.000000 0.000000 0.000000 0.000000 0.000000 0.000000 0.000000 0.000000 0.000000 0.000000 0.000000 0.000000 0.000000 0.000000 0.000000 0.000000 0.000000 0.000000 0.000000 20.620171 19.857670 16.435129 14.505148 13.853417 12.261716 9.761401 9.319084 8.814083 8.402305 8.027509 7.733889 7.473362 7.093237 6.806349 9.234532 13.338200 11.586744 6.373444 4.982134 4.870371 4.736892 4.592915 4.500923 4.478785 4.475296 4.440506 4.455564 4.616281 4.638816 4.652707 4.718103 4.868984 4.909748 4.943190 4.921965 4.778799 4.668657 4.627370 4.977324 5.295455 -0.217091 0.954803 3.123746 4.227383 4.086031 3.471286 4.311067 4.813232 4.974023 5.074235 5.085724 5.102818 4.814070 4.586954 4.863282 5.514643 5.970141 6.130377 6.174249 5.936874 5.100689 4.125395 3.735200 3.531540 3.264511 3.064594 2.887594 2.761727 2.655573 2.658143 2.623800 2.785855 2.933496 2.936032 2.948996 2.950415 3.055020 3.043059 2.885603 2.875108 2.791719 2.642094 2.466504 2.352993 2.216629 2.478254 2.372418 3.381569 3.589963 4.391282 3.975290 4.030405 4.097678 3.736098 3.681351 3.679769 3.750876 3.711804 3.714026 3.758998 3.780204 3.730493 3.623762 3.635365 4.146446 6.546791 8.799086 10.936355 11.171056 11.068579 10.502670 10.272587 9.512749 7.927134 6.420408 6.146120 5.628571 5.652376 8.314227 10.110994 11.196311 11.992650 12.293564 12.207234 12.090320 12.289524 12.262423 12.447558 12.739309 12.574321 12.165168 11.579461 11.045562 10.462424 9.279536 8.724957 9.406391 9.599341 8.823751 11.766338 12.004036 10.235553 8.442441 7.602715 8.043713 8.851766 8.114472 7.403011 7.041913 6.951889 7.084055 6.785168 6.620208 6.815052 6.700003 6.674261 6.794569 7.122799 5.008715 3.315558 5.936666 6.998527 5.904130 4.699854 6.559072 6.055157 6.749973 7.574847 7.723423 8.338677 8.720613 8.845711 9.714357 9.774689 9.802253 9.704393 9.740948 9.698440 9.551825 8.935409 8.815129 8.719421 10.070641 0.000000 
0.000000 0.000000 0.000000 0.000000 0.000000 0.000000 0.000000 0.000000 0.000000 0.000000 0.000000 0.000000 0.000000 0.000000 0.000000 0.000000 0.000000 0.000000 0.000000 0.000000 0.000000 0.000000 0.000000 0.000000 0.000000 0.000000 0.000000 0.000000 0.000000 0.000000 0.000000 0.000000 0.000000 0.000000 0.000000 0.000000 0.000000 0.000000 0.000000 0.000000 0.000000 0.000000 0.000000 0.000000 0.000000 0.000000 0.000000 0.000000 0.000000 0.000000 0.000000 0.000000 0.000000 0.000000 20.426836 19.345545 15.637370 14.731297 13.907029 12.794272 10.278920 9.850288 9.255574 8.687257 8.251762 7.916609 7.545356 7.177070 6.895932 8.880053 13.226741 11.573048 6.427485 5.147029 5.031167 4.850251 4.668939 4.622354 4.593360 4.582148 4.534588 4.614431 4.705400 4.710184 4.728005 4.832239 4.991468 5.031069 5.015596 4.860204 4.801002 4.876582 4.991218 4.970105 5.050272 -0.434457 0.816425 2.812366 3.911800 3.625660 3.670514 4.627654 4.926385 5.014169 5.075027 5.098896 5.072483 4.729630 4.556819 4.478393 4.556749 5.214110 5.328062 5.854769 6.151136 6.184052 5.967358 5.164687 4.037487 3.468870 3.272635 3.148196 2.914197 2.776832 2.786287 2.836445 2.951701 3.095807 3.071180 3.081042 3.095605 3.086891 2.999193 2.920022 2.849657 2.781949 2.593671 2.370104 2.286395 2.175860 2.984059 2.111414 3.223011 3.267070 3.372956 3.657730 4.095259 5.016577 4.390270 3.739812 3.754997 3.653934 3.631015 3.664780 3.812487 3.889872 3.962103 4.110587 4.131980 6.014366 7.853348 10.307678 11.239826 11.393226 10.751888 10.120598 9.988785 9.344416 7.918129 6.343004 6.813971 5.982370 6.860835 10.090822 11.158489 11.796978 12.500670 12.659925 12.467635 13.191257 13.192885 12.658511 12.767687 12.947680 13.466327 13.550458 13.316701 13.550385 13.592311 12.902142 12.437778 11.522593 11.678274 11.782591 12.800065 11.691513 10.549343 9.993954 10.185902 11.132981 11.847477 11.347068 10.466214 8.961338 7.957211 7.437126 7.297134 6.973338 7.126728 6.978654 6.867352 7.207660 7.212555 6.832230 4.928515 3.366138 4.133996 5.632942 6.979582 7.318575 7.130810 7.106513 7.503325 7.938227 8.469459 8.667245 8.819193 9.151708 9.324982 9.418228 9.386507 9.852486 9.772871 9.815104 9.800890 9.606278 9.219819 9.344774 0.000000 
0.000000 0.000000 0.000000 0.000000 0.000000 0.000000 0.000000 0.000000 0.000000 0.000000 0.000000 0.000000 0.000000 0.000000 0.000000 0.000000 0.000000 0.000000 0.000000 0.000000 0.000000 0.000000 0.000000 0.000000 0.000000 0.000000 0.000000 0.000000 0.000000 0.000000 0.000000 0.000000 0.000000 0.000000 0.000000 0.000000 0.000000 0.000000 0.000000 0.000000 0.000000 0.000000 0.000000 0.000000 0.000000 0.000000 0.000000 0.000000 0.000000 0.000000 0.000000 0.000000 0.000000 0.000000 20.202740 18.129715 15.164536 14.664450 14.053579 13.186426 10.987255 10.671776 9.854348 9.082563 8.497913 8.057714 7.666558 7.265283 7.036154 8.809156 13.123781 11.025040 6.384268 5.251283 5.049146 4.894711 4.810683 4.764011 4.785451 4.762447 4.711979 4.805404 4.759650 4.788282 4.842866 4.961213 4.996329 5.012887 5.015515 4.901742 4.954291 5.289673 5.013389 5.086030 3.864085 0.004827 0.691180 3.321513 3.937933 3.601232 3.882438 4.599961 4.814429 4.966788 5.163338 5.201389 5.092253 4.698386 4.767368 4.480862 4.394428 4.397688 4.386915 4.597648 5.398953 5.870760 6.103932 6.171801 5.850065 5.074218 4.119529 3.275590 2.928795 2.916935 2.827849 2.922616 3.078648 3.158178 3.154801 3.124415 3.178918 3.168454 2.965092 2.879364 2.903757 2.719296 2.463482 2.330456 2.249725 2.270342 2.968027 2.458153 3.462652 3.094551 3.286263 3.408180 3.511771 3.599467 3.759035 3.764163 3.922563 3.731926 3.702585 3.656276 3.684472 3.728421 4.014178 4.418282 5.547161 7.541939 9.048224 11.226878 11.516110 11.276419 10.479000 10.030114 9.924836 9.305096 7.555611 6.392523 6.499653 6.346988 8.193048 10.452497 11.061627 11.944074 12.773403 12.805778 13.090252 13.785913 13.676669 13.146757 13.175364 13.390226 13.510528 14.045966 14.408124 14.439421 14.847946 15.108027 15.154892 14.751176 13.812692 13.316173 13.125488 12.970746 12.866955 13.559667 13.614653 13.563541 13.595604 13.031615 12.564767 12.113385 11.572591 10.219329 9.102227 7.783847 7.330494 7.561766 7.372523 7.141645 7.407219 7.468682 7.345191 5.501644 3.935533 5.563439 6.737227 7.055193 7.511842 7.639494 7.504464 7.521202 8.266062 8.447438 8.610613 9.217822 9.242428 9.262796 9.340823 9.555343 9.580162 9.837964 9.906201 10.083056 10.403373 10.476790 0.000000 
0.000000 0.000000 0.000000 0.000000 0.000000 0.000000 0.000000 0.000000 0.000000 0.000000 0.000000 0.000000 0.000000 0.000000 0.000000 0.000000 0.000000 0.000000 0.000000 0.000000 0.000000 0.000000 0.000000 0.000000 0.000000 0.000000 0.000000 0.000000 0.000000 0.000000 0.000000 0.000000 0.000000 0.000000 0.000000 0.000000 0.000000 0.000000 0.000000 0.000000 0.000000 0.000000 0.000000 0.000000 0.000000 0.000000 0.000000 0.000000 0.000000 0.000000 0.000000 0.000000 0.000000 20.967833 19.914869 18.237194 15.960965 14.975031 14.505729 13.654160 12.002382 11.282144 10.570266 9.567240 8.774753 8.259131 7.858623 7.444267 7.171247 8.706717 13.201827 11.097469 6.495340 5.414656 5.255329 5.134028 4.996066 4.918370 4.834246 4.767285 4.871567 4.902622 4.872025 4.844207 4.952650 5.013349 5.020935 5.054122 4.968548 4.886064 5.306250 4.992496 4.712206 4.918366 2.312542 0.257348 -0.427947 1.760667 3.790353 3.927815 4.607066 4.636653 4.940149 5.014138 5.164981 5.209071 5.027816 4.674015 4.666198 4.666232 4.579078 4.371428 4.334204 4.348811 4.546865 4.875817 5.540936 5.993736 6.147785 6.194873 5.953746 4.816817 3.516837 2.991997 2.953873 3.059154 3.161647 3.249540 3.275763 3.222625 3.251339 3.256303 3.065482 2.940901 2.923718 2.714747 2.509887 2.333512 2.216812 2.750680 3.215883 3.574602 3.927901 3.008479 3.090734 3.309259 3.402942 3.417607 3.429977 3.508017 3.641841 3.742480 3.749448 3.706821 3.706990 3.756994 4.120472 5.090989 7.872950 10.319828 11.328789 11.490984 11.678846 11.210291 10.451370 10.117285 9.927095 8.896344 7.253765 6.331800 7.337408 6.703890 8.612356 10.430114 11.180912 11.823020 12.648918 13.166827 13.170594 13.559476 13.595666 13.574531 13.683074 13.678978 13.958947 14.606478 14.676854 14.914600 15.425931 15.662307 15.808358 15.331540 13.605978 13.589770 13.620509 13.883030 14.709994 16.403996 17.603851 19.672277 19.501623 18.999033 17.936483 16.024900 13.122409 11.784646 11.224071 10.293277 8.985525 7.633171 7.662761 7.492538 7.081628 7.289343 7.909649 7.621839 7.600844 4.502276 3.765031 5.249160 7.328630 7.231198 7.581135 7.555296 7.673885 8.338999 8.529134 8.890465 8.985543 9.192338 9.078231 9.299438 9.199145 9.676865 9.564803 9.701533 10.281156 10.765657 0.000000 
0.000000 0.000000 0.000000 0.000000 0.000000 0.000000 0.000000 0.000000 0.000000 0.000000 0.000000 0.000000 0.000000 0.000000 0.000000 0.000000 0.000000 0.000000 0.000000 0.000000 0.000000 0.000000 0.000000 0.000000 0.000000 0.000000 0.000000 0.000000 0.000000 0.000000 0.000000 0.000000 0.000000 0.000000 0.000000 0.000000 0.000000 0.000000 0.000000 0.000000 0.000000 0.000000 0.000000 0.000000 0.000000 0.000000 0.000000 0.000000 0.000000 0.000000 0.000000 0.000000 0.000000 20.772322 19.679668 19.083549 17.011562 15.807393 15.411633 14.128680 13.068459 11.992962 11.184168 10.136368 9.241001 8.538652 8.141915 7.759623 7.477319 8.569765 13.034927 11.442018 6.982093 5.483778 5.388936 5.313208 5.202251 5.066685 4.979684 4.998561 5.000079 5.036242 4.984658 5.011743 5.154399 5.050261 5.058689 5.037987 4.989643 5.318850 4.753690 4.639212 4.369076 3.851496 1.783734 0.620991 -0.307157 -0.348412 3.587169 4.260959 4.457407 4.683117 5.040922 5.201841 5.133894 5.248463 5.020526 4.827669 4.771161 4.695753 4.609078 4.533663 4.426019 4.569831 4.481068 4.458424 4.401690 4.517191 5.055485 5.716670 6.132030 6.208544 5.689763 4.505754 3.469073 3.258794 3.335553 3.377352 3.457536 3.412340 3.471658 3.483563 3.205037 3.137976 3.020151 2.766923 2.564741 2.331874 2.216560 3.425728 2.964257 4.198774 3.717067 3.739467 3.389458 3.478975 3.490419 3.507287 3.450740 3.479612 3.519089 3.619871 3.606304 3.627176 3.667456 3.835055 4.175735 5.226038 7.650864 10.208023 11.089418 11.526833 11.683196 11.139451 10.545257 10.370152 9.987425 8.418477 7.116067 6.682403 7.395304 7.259897 8.841287 9.350886 10.574480 11.626810 12.536138 12.963436 13.261927 13.526034 13.343410 13.337546 13.702793 13.924099 14.348596 15.011815 15.101377 15.476876 15.776302 15.892170 15.626938 13.966280 13.754770 13.960746 14.981336 16.929701 18.995127 20.439823 21.015757 22.143641 22.617947 22.987984 22.956575 21.600348 19.511929 17.440559 13.716644 11.559727 11.091880 10.357622 9.395949 8.060105 7.437016 7.760379 7.946089 7.588696 7.815503 7.091847 6.375084 4.161790 6.108016 7.230768 7.141385 7.521595 7.573223 8.340097 8.515543 8.586670 9.141636 9.085660 8.869559 8.904828 9.093476 9.301727 9.542755 9.673704 10.331842 10.740991 0.000000 
0.000000 0.000000 0.000000 0.000000 0.000000 0.000000 0.000000 0.000000 0.000000 0.000000 0.000000 0.000000 0.000000 0.000000 0.000000 0.000000 0.000000 0.000000 0.000000 0.000000 0.000000 0.000000 0.000000 0.000000 0.000000 0.000000 0.000000 0.000000 0.000000 0.000000 0.000000 0.000000 0.000000 0.000000 0.000000 0.000000 0.000000 0.000000 0.000000 0.000000 0.000000 0.000000 0.000000 0.000000 0.000000 0.000000 0.000000 0.000000 0.000000 0.000000 0.000000 0.000000 0.000000 20.859943 20.005026 19.782221 19.349611 17.037966 15.890003 14.445104 13.447548 12.621305 11.994693 10.875248 9.811097 9.018142 8.422871 8.089520 7.726130 8.746040 12.899300 11.760120 7.387125 5.624905 5.543350 5.516805 5.394248 5.249722 5.200397 5.160069 5.168752 5.151389 5.059548 5.062144 5.094536 5.114114 5.085464 5.001473 5.044074 4.893083 4.270985 3.720686 3.737113 4.509280 3.513489 1.655943 0.464752 -0.467081 3.328556 4.171078 4.327623 4.783316 5.038008 5.213147 5.228688 5.230630 4.986764 4.949482 5.009044 4.807065 4.679593 4.512345 4.437796 4.514138 4.486715 4.416281 4.368561 4.368717 4.336892 4.476928 4.779782 5.548676 6.074238 6.089768 5.673510 4.658894 3.859410 3.567852 3.545472 3.648572 3.736344 3.701228 3.523843 3.412414 3.267684 3.068496 2.822390 2.580162 2.560306 3.769984 2.829153 3.541069 3.319377 3.446531 3.788034 4.122025 3.786627 3.402009 3.565561 3.533100 3.503822 3.588149 3.590093 3.580926 3.773770 4.228779 4.118179 4.997074 6.541815 8.375843 10.313191 11.247050 11.631377 11.470366 10.946943 10.674461 9.683195 8.223927 7.218008 7.085803 7.211274 7.273602 8.154527 9.045662 9.980108 10.836905 11.427682 11.898663 12.399219 12.923008 13.252175 13.247793 14.162450 14.116220 14.759058 15.066873 15.231579 15.667189 15.847091 15.794207 14.725872 13.786874 14.349160 16.458672 18.127508 18.725761 19.658773 20.527201 21.172806 22.341787 23.163517 23.698679 24.267328 23.929062 22.983173 21.702864 19.573971 16.084959 12.620935 11.128856 10.891382 10.109949 8.582004 8.085165 7.753596 7.789869 7.616172 7.901138 7.928337 6.408233 5.006845 5.627956 6.672307 7.027025 7.684397 8.401410 8.054215 8.425128 8.726225 9.168606 8.735032 8.899769 9.110023 9.372892 9.555484 9.877394 10.209249 10.541280 0.000000 
0.000000 0.000000 0.000000 0.000000 0.000000 0.000000 0.000000 0.000000 0.000000 0.000000 0.000000 0.000000 0.000000 0.000000 0.000000 0.000000 0.000000 0.000000 0.000000 0.000000 0.000000 0.000000 0.000000 0.000000 0.000000 0.000000 0.000000 0.000000 0.000000 0.000000 0.000000 0.000000 0.000000 0.000000 0.000000 0.000000 0.000000 0.000000 0.000000 0.000000 0.000000 0.000000 0.000000 0.000000 0.000000 0.000000 0.000000 0.000000 0.000000 0.000000 0.000000 0.000000 0.000000 21.478024 20.925961 20.982187 21.364695 19.418261 16.829874 15.771635 14.253421 13.210047 12.686754 11.804987 10.584467 9.577370 8.910894 8.360205 8.043166 8.705746 12.612929 11.811947 7.672687 5.855620 5.769150 5.679449 5.609531 5.486416 5.394733 5.301840 5.249569 5.244730 5.331293 5.207775 5.186695 5.183675 5.180875 5.011800 4.878697 4.200761 3.551629 3.352158 3.561301 5.581888 3.910738 2.804312 2.500053 -0.479017 2.918066 4.246364 4.565515 5.038037 5.106228 5.207140 5.246882 5.234602 4.914312 4.950975 5.002026 4.943460 4.845402 4.646987 4.583723 4.635014 4.558717 4.462481 4.431417 4.330451 4.306789 4.229142 4.206444 4.297291 4.874102 5.565593 6.106314 6.151473 5.861962 4.938805 3.941154 3.817991 3.938163 3.905316 3.881667 3.750822 3.594965 3.372096 3.164319 2.978104 3.127131 4.126423 3.785863 3.237358 3.049428 3.260240 3.707316 4.332815 3.980254 3.168532 3.219391 3.388215 3.610781 3.699612 3.660276 3.618153 3.974543 3.945042 4.042098 4.717632 5.791082 7.646396 9.601244 10.845779 11.490002 11.695527 11.420013 10.729528 9.444032 8.095255 7.363380 7.496052 7.763817 7.747899 7.960650 8.355039 9.253916 10.265976 11.236446 11.821173 12.248586 12.400853 12.540643 12.752877 13.212863 13.820786 14.611774 15.367660 15.293538 15.528759 15.129190 14.295875 13.756695 13.814586 15.191595 17.394117 18.546558 18.934904 19.947838 20.725405 21.665104 22.594364 23.199608 23.883070 24.448187 25.067463 25.154430 24.095060 22.606115 21.049078 18.372257 14.468489 11.978746 10.991282 10.700744 9.876389 9.133725 8.266415 7.761245 7.663441 7.605733 7.953239 6.717840 3.602427 4.326096 4.209069 6.682054 8.522679 8.118771 7.928479 8.220480 8.759952 8.574669 8.649244 8.979593 9.494398 9.592593 9.971090 10.255328 10.971431 0.000000 
0.000000 0.000000 0.000000 0.000000 0.000000 0.000000 0.000000 0.000000 0.000000 0.000000 0.000000 0.000000 0.000000 0.000000 0.000000 0.000000 0.000000 0.000000 0.000000 0.000000 0.000000 0.000000 0.000000 0.000000 0.000000 0.000000 0.000000 0.000000 0.000000 0.000000 0.000000 0.000000 0.000000 0.000000 0.000000 0.000000 0.000000 0.000000 0.000000 0.000000 0.000000 0.000000 0.000000 0.000000 0.000000 0.000000 0.000000 0.000000 0.000000 0.000000 0.000000 0.000000 0.000000 21.952902 22.171804 22.559608 22.998844 22.270662 18.339582 16.316116 15.137645 13.995784 12.989116 12.705729 11.577724 10.505179 9.605170 8.908443 8.339768 8.719291 12.712893 12.405065 8.073661 6.110233 6.017781 5.915904 5.844512 5.788492 5.706728 5.583876 5.470231 5.491187 5.347567 5.316586 5.289988 5.298969 5.198275 5.155112 4.985950 4.147494 3.597832 3.401926 3.509867 5.742175 4.173867 3.345560 3.692760 -0.478588 3.640550 4.391199 4.712982 5.145205 5.224538 5.429162 5.307380 5.254624 4.901042 5.011805 4.900248 4.987513 4.931660 4.755156 4.693811 4.727901 4.646259 4.584367 4.492712 4.398979 4.297269 4.296569 4.215052 4.198095 4.096474 4.211092 4.890886 5.854029 6.168905 6.226834 5.517204 4.368912 4.584255 4.095665 3.996277 3.954137 3.775669 3.668578 3.477602 3.204953 3.789304 4.034460 4.212593 3.289297 3.353989 3.499370 3.658536 3.844845 3.905687 3.880616 3.673771 3.410092 3.489457 3.852114 3.827850 3.907403 4.653760 3.894074 3.989498 4.480721 5.264840 6.868058 8.955897 10.425748 11.362816 11.744552 11.453167 10.556955 9.492640 8.341028 7.850631 8.115892 8.612794 8.383181 8.491350 8.376348 8.842046 9.680066 10.689819 11.526623 12.093411 12.446895 12.796103 13.012005 13.260087 13.405095 13.744987 14.958250 15.414682 14.909948 14.038412 13.760964 13.743850 14.215590 16.891430 17.616800 18.434425 19.389620 20.195555 20.880442 21.962351 22.976412 23.079565 23.884850 24.541275 25.097071 25.659777 25.880678 25.465857 24.389776 22.633120 20.426903 18.200821 14.947833 12.114697 10.936959 10.609166 10.274050 9.517969 8.426084 7.925123 8.107713 7.685478 6.116556 4.927576 3.158017 3.577855 8.002693 8.261860 7.829697 8.075783 8.487038 8.384303 8.721017 9.067225 9.249903 9.575846 0.000000 0.000000 0.000000 0.000000 
0.000000 0.000000 0.000000 0.000000 0.000000 0.000000 0.000000 0.000000 0.000000 0.000000 0.000000 0.000000 0.000000 0.000000 0.000000 0.000000 0.000000 0.000000 0.000000 0.000000 0.000000 0.000000 0.000000 0.000000 0.000000 0.000000 0.000000 0.000000 0.000000 0.000000 0.000000 0.000000 0.000000 0.000000 0.000000 0.000000 0.000000 0.000000 0.000000 0.000000 0.000000 0.000000 0.000000 0.000000 0.000000 0.000000 0.000000 0.000000 0.000000 0.000000 0.000000 0.000000 22.552088 22.724136 23.796188 24.263443 24.244947 24.260736 21.245771 16.955198 16.007706 14.867805 13.842102 13.035603 12.840281 11.714165 10.637449 9.774093 8.986475 8.866081 12.606438 13.005345 8.636354 6.324990 6.267348 6.138036 6.073340 6.031227 5.879105 5.725519 5.611282 5.530326 5.449868 5.403857 5.480179 5.352874 5.260377 5.074861 4.476069 4.112798 3.646279 3.396631 3.352319 5.255905 4.252187 3.868731 4.068378 -0.445704 3.724166 4.459814 4.952133 5.316845 5.414414 5.433632 5.310513 5.064698 4.920938 4.994017 4.992044 5.000510 4.960711 4.789810 4.818670 4.803545 4.765965 4.699782 4.560253 4.521629 4.372463 4.341492 4.323709 4.239003 4.143174 4.138156 4.043986 4.425042 5.527963 5.919995 5.997522 6.209936 6.180732 5.652057 4.626235 4.241751 4.023185 3.922027 3.791926 3.563176 4.758433 4.272523 4.614115 3.564122 3.647995 3.685877 3.803833 3.915998 3.940519 3.893645 3.800956 3.727632 3.838322 3.773116 3.370643 4.165651 4.487239 4.089844 4.098328 4.381454 5.007561 6.218035 8.220943 10.000399 11.107897 11.764441 11.425809 10.605491 9.581977 8.719269 8.499592 8.845001 9.306809 8.806790 9.237223 8.736822 8.830738 9.323200 10.161107 11.004125 11.774395 12.343312 12.766739 12.978645 13.183712 13.524917 13.872025 14.321246 14.339178 14.000349 13.793177 13.658025 13.674908 14.849527 17.427519 17.974466 18.695442 19.871897 20.252323 20.916906 21.863541 22.867294 23.400951 23.876770 24.362366 25.041245 25.618273 26.184397 26.706469 26.558002 25.634377 26.282701 24.857973 21.868593 18.870422 15.416874 12.501657 11.033270 10.536830 10.226384 9.198678 8.321916 8.425094 8.329047 7.711168 3.849751 3.389783 6.778405 8.122996 7.696890 8.177805 8.421706 8.230617 8.505666 0.000000 0.000000 0.000000 0.000000 0.000000 0.000000 0.000000 
0.000000 0.000000 0.000000 0.000000 0.000000 0.000000 0.000000 0.000000 0.000000 0.000000 0.000000 0.000000 0.000000 0.000000 0.000000 0.000000 0.000000 0.000000 0.000000 0.000000 0.000000 0.000000 0.000000 0.000000 0.000000 0.000000 0.000000 0.000000 0.000000 0.000000 0.000000 0.000000 0.000000 0.000000 0.000000 0.000000 0.000000 0.000000 0.000000 0.000000 0.000000 0.000000 0.000000 0.000000 0.000000 0.000000 0.000000 0.000000 0.000000 0.000000 0.000000 0.000000 23.467773 24.340406 25.054764 25.187376 25.164192 25.322578 23.858953 19.032793 16.675217 15.616620 14.697911 13.794725 13.133578 12.989032 11.962566 11.074026 10.094124 9.474142 12.606546 13.508973 9.212690 6.571349 6.472997 6.321935 6.253876 6.177975 5.977839 5.807570 5.701252 5.633486 5.593550 5.527927 5.643916 5.471032 5.401008 5.492622 4.736788 4.103340 3.661211 3.347467 3.417114 4.890372 4.137294 4.024462 2.537997 -0.439685 3.853506 4.500578 5.008780 5.328032 5.396350 5.431812 5.262716 4.996296 4.948241 5.072263 5.020997 5.073893 5.071566 4.927409 4.896640 4.865235 4.863987 4.713796 4.651366 4.551708 4.456602 4.426491 4.341462 4.293935 4.259595 4.207258 4.148276 4.168101 4.234937 4.439398 4.672594 5.743022 6.213450 6.245685 5.943700 5.876428 5.244120 4.421408 4.022463 3.880231 4.973482 4.467360 4.222212 3.784588 3.819449 3.836153 3.898995 3.986243 4.005804 3.899131 3.763068 3.675251 3.676875 3.689884 3.909569 4.800729 4.543441 4.170638 4.240108 4.430199 4.909562 6.253792 7.742467 9.882398 11.185262 11.698705 11.383211 10.623658 9.788347 9.201725 9.271188 9.668357 9.911066 9.212985 9.390215 9.356173 9.238992 9.386751 9.814875 10.531225 11.333946 12.109672 12.657443 12.956898 13.257544 13.904394 14.498507 14.096738 13.941195 13.795344 13.640343 13.717113 13.717257 14.344085 16.613213 17.911724 18.584539 19.689945 20.343994 21.264259 22.176348 22.774609 23.070833 23.832193 24.334057 24.812609 25.409960 26.286306 26.678972 27.283550 27.879448 28.039310 28.022060 27.147211 24.268951 21.392092 18.205803 15.978621 12.986604 11.226041 10.133109 9.677793 9.350102 8.370365 7.019273 3.706500 3.578418 6.561279 8.423472 7.640802 0.000000 0.000000 0.000000 0.000000 0.000000 0.000000 0.000000 0.000000 0.000000 0.000000 0.000000 
0.000000 0.000000 0.000000 0.000000 0.000000 0.000000 0.000000 0.000000 0.000000 0.000000 0.000000 0.000000 0.000000 0.000000 0.000000 0.000000 0.000000 0.000000 0.000000 0.000000 0.000000 0.000000 0.000000 0.000000 0.000000 0.000000 0.000000 0.000000 0.000000 0.000000 0.000000 0.000000 0.000000 0.000000 0.000000 0.000000 0.000000 0.000000 0.000000 0.000000 0.000000 0.000000 0.000000 0.000000 0.000000 0.000000 0.000000 0.000000 0.000000 0.000000 0.000000 0.000000 24.205858 25.330570 25.595039 25.981104 25.828018 25.739489 24.843008 20.902582 17.982479 16.953081 15.899213 14.962961 14.059064 13.310519 13.015378 12.200150 11.305696 10.505088 12.727385 13.825943 10.244783 6.890033 6.852824 6.692235 6.501909 6.370982 6.135951 5.939203 5.767184 5.729230 5.662917 5.645222 5.363727 5.236993 5.332272 4.998309 4.283964 3.966244 3.601922 3.313734 3.257532 4.853603 4.374803 4.289639 1.054088 -0.212519 4.110599 4.798223 5.194731 5.322324 5.433134 5.476907 5.280951 4.959301 4.951902 5.037639 5.045442 5.090690 5.113705 4.990047 4.907296 4.935908 4.868959 4.747509 4.714128 4.621558 4.565639 4.511358 4.420196 4.324022 4.303919 4.265753 4.200660 4.396211 4.402322 4.301579 4.249249 4.290743 4.814988 5.732628 6.185222 6.249429 6.147266 5.753716 4.824239 4.333500 5.162731 4.733771 4.038309 3.971178 3.968721 3.927981 3.977805 4.008808 4.023568 3.902600 3.913497 3.639097 3.684105 3.644694 4.572465 5.208241 4.432278 4.051466 4.155292 4.400440 4.833103 5.971195 7.788626 10.098962 11.467443 11.771991 11.493310 10.745700 10.020754 9.713634 9.840059 10.297251 10.650825 9.734006 10.347042 10.228565 9.879986 9.810675 9.874045 10.253446 10.910630 11.692237 12.354173 12.835599 13.691931 14.429790 14.138993 14.253140 13.897918 13.678337 13.719128 13.839648 15.408430 15.380936 15.861879 17.135382 18.840038 19.804476 20.432304 21.251711 22.195656 22.553589 23.102259 24.220381 24.655525 25.090139 25.558622 26.054543 26.606630 27.363962 27.829002 28.107344 28.192858 28.296787 28.007090 26.938934 25.054993 21.560734 19.264206 16.738367 14.074013 10.868586 9.268760 8.700994 7.323569 4.073146 3.540799 0.000000 0.000000 0.000000 0.000000 0.000000 0.000000 0.000000 0.000000 0.000000 0.000000 0.000000 0.000000 0.000000 0.000000 
0.000000 0.000000 0.000000 0.000000 0.000000 0.000000 0.000000 0.000000 0.000000 0.000000 0.000000 0.000000 0.000000 0.000000 0.000000 0.000000 0.000000 0.000000 0.000000 0.000000 0.000000 0.000000 0.000000 0.000000 0.000000 0.000000 0.000000 0.000000 0.000000 0.000000 0.000000 0.000000 0.000000 0.000000 0.000000 0.000000 0.000000 0.000000 0.000000 0.000000 0.000000 0.000000 0.000000 0.000000 0.000000 0.000000 0.000000 0.000000 0.000000 0.000000 0.000000 0.000000 0.000000 25.954256 26.155857 26.352352 26.306145 26.259407 25.523905 23.489340 20.729280 19.565012 18.122223 16.725710 15.089698 14.145271 13.385110 13.128156 12.468522 11.646226 12.708946 13.777822 10.623744 7.263399 7.124451 6.997478 6.852882 6.559879 6.304916 6.035784 5.873822 5.764154 5.770895 5.609710 5.232591 5.114943 4.801195 4.401268 4.091710 3.711509 3.470583 3.310378 3.289315 5.795384 4.716454 4.524945 0.996279 2.107864 5.137446 5.291266 5.652030 5.804704 5.726473 5.558631 5.220720 4.956079 5.045837 5.010442 5.072843 5.071427 5.116001 5.016372 4.959864 4.950151 4.880009 4.857454 4.718563 4.664338 4.652468 4.577368 4.495175 4.391097 4.335972 4.275335 4.354055 4.463486 4.447457 4.262372 4.329847 4.301075 4.192650 4.171527 4.640260 5.346330 6.108842 6.216519 6.079367 5.442403 4.880716 4.570261 4.098378 4.030611 4.001268 4.081572 4.097255 4.077215 4.034879 3.990278 3.918045 3.783628 3.726386 3.835005 4.672438 5.052600 4.041289 3.833852 4.003043 4.381259 4.932516 6.146177 7.962870 10.441177 11.776062 11.950472 11.565056 10.738968 10.323456 10.181133 10.401040 10.824986 11.169184 10.113792 10.441732 10.943521 10.595307 10.416551 10.428882 10.554189 10.837702 11.392424 12.133539 13.113987 14.128642 14.096025 14.241508 14.499975 13.888686 13.761437 13.824343 14.996212 17.373558 17.797722 16.941889 17.605772 18.498262 19.631273 20.607359 21.400286 22.027355 22.427704 23.792376 24.316797 24.798380 25.211044 25.769386 26.272003 26.622087 27.041275 27.508663 27.980326 28.152573 28.412115 28.693008 28.824930 28.622585 27.735815 25.945185 23.839277 20.791002 16.346565 11.003311 8.627325 0.000000 0.000000 0.000000 0.000000 0.000000 0.000000 0.000000 0.000000 0.000000 0.000000 0.000000 0.000000 0.000000 0.000000 0.000000 0.000000 0.000000 
0.000000 0.000000 0.000000 0.000000 0.000000 0.000000 0.000000 0.000000 0.000000 0.000000 0.000000 0.000000 0.000000 0.000000 0.000000 0.000000 0.000000 0.000000 0.000000 0.000000 0.000000 0.000000 0.000000 0.000000 0.000000 0.000000 0.000000 0.000000 0.000000 0.000000 0.000000 0.000000 0.000000 0.000000 0.000000 0.000000 0.000000 0.000000 0.000000 0.000000 0.000000 0.000000 0.000000 0.000000 0.000000 0.000000 0.000000 0.000000 0.000000 0.000000 0.000000 0.000000 0.000000 26.789951 26.599995 26.761028 26.590807 26.617121 26.453236 26.066597 24.988445 23.912706 22.600468 19.864521 17.125425 15.275635 14.305777 13.415931 13.147248 12.745681 13.822227 13.923801 11.150162 7.968201 7.425710 7.327525 7.018640 6.594854 6.371187 6.200629 6.063881 5.937983 5.786115 5.480152 5.285568 4.992636 4.608224 4.316784 3.990288 3.669145 3.463056 3.342420 3.435662 5.869577 4.851690 4.411539 -0.003299 5.496091 6.425226 5.712844 5.960427 6.147586 5.976353 5.541877 5.227625 5.035888 5.026043 5.024307 5.122206 5.269046 5.139666 4.951154 4.930661 4.960665 4.904658 4.936316 4.734061 4.829974 4.705519 4.614491 4.526013 4.450743 4.385704 4.332540 4.476320 4.505984 4.419277 4.353064 4.356673 4.325141 4.231331 4.126088 4.122964 4.059652 4.451065 5.227278 5.997104 6.186575 5.909997 5.159691 4.628202 4.231083 4.155025 4.195600 4.223208 4.163749 4.093451 4.205170 3.905237 3.874783 3.832162 4.124382 4.906259 4.789345 4.055307 3.953487 4.163097 5.280518 5.078697 6.613276 8.734461 10.571763 11.740707 11.923143 11.409695 10.748708 10.587314 10.581719 10.885510 11.315211 11.560743 10.500466 10.403877 11.374067 11.345773 11.200316 11.168159 11.187316 11.252721 11.468141 12.898069 13.777969 13.917840 13.653273 13.604953 13.948062 13.906136 13.897696 14.260916 16.785870 17.606161 17.937082 18.234779 19.249535 19.311666 19.849865 20.619612 21.369299 21.943470 22.924152 23.804169 24.356089 24.795719 25.352482 26.047745 26.455832 26.863045 27.058372 27.235638 27.708685 27.935413 28.221453 28.510897 28.819534 29.239258 29.276554 29.587313 28.950287 25.910271 0.000000 0.000000 0.000000 0.000000 0.000000 0.000000 0.000000 0.000000 0.000000 0.000000 0.000000 0.000000 0.000000 0.000000 0.000000 0.000000 0.000000 0.000000 0.000000 0.000000 
0.000000 0.000000 0.000000 0.000000 0.000000 0.000000 0.000000 0.000000 0.000000 0.000000 0.000000 0.000000 0.000000 0.000000 0.000000 0.000000 0.000000 0.000000 0.000000 0.000000 0.000000 0.000000 0.000000 0.000000 0.000000 0.000000 0.000000 0.000000 0.000000 0.000000 0.000000 0.000000 0.000000 0.000000 0.000000 0.000000 0.000000 0.000000 0.000000 0.000000 0.000000 0.000000 0.000000 0.000000 0.000000 0.000000 0.000000 0.000000 0.000000 0.000000 0.000000 0.000000 0.000000 27.308567 27.124271 27.046938 27.000063 26.846338 26.628443 26.490908 26.226368 25.681391 25.338863 24.445118 20.721514 18.190884 16.267006 14.411786 13.578801 13.186275 14.262893 14.168851 12.302555 9.010550 7.910469 7.651906 7.227672 6.753343 6.432460 6.302986 6.062413 5.980381 5.763092 5.622431 5.394565 5.091844 4.659043 4.298817 3.987612 3.710072 3.578804 3.500458 3.895691 5.794302 4.888135 2.760367 -0.381297 5.478333 6.005963 5.564065 5.643124 5.864530 6.073354 5.498480 5.313058 5.153292 5.085737 5.036675 5.118347 5.426124 5.156185 5.000817 4.999477 4.945394 4.909257 4.883379 4.820373 4.879029 4.813581 4.699994 4.584441 4.454446 4.407450 4.420869 4.497397 4.526471 4.471970 4.508527 4.411791 4.371354 4.244769 4.221066 4.174487 4.188168 4.194859 4.333198 4.961439 5.379468 5.817095 6.136653 6.164489 5.657473 4.631144 4.306337 4.310371 4.203980 4.191323 4.190257 3.954118 3.962114 3.907669 4.374348 4.972742 5.385913 5.029627 5.031277 5.011919 5.634109 5.254341 6.809891 9.279730 10.723348 11.757792 11.723109 11.343368 11.074715 11.016612 11.122987 11.316514 11.703048 11.976513 11.137899 10.770474 12.041888 12.061380 11.917722 11.904338 11.886867 11.846749 12.689154 13.818464 13.976343 13.602277 13.457129 13.706001 14.174294 14.049549 14.064368 15.009681 16.898361 17.645235 17.944201 18.877657 19.584093 20.282887 20.737011 20.960323 21.596186 22.133368 23.146564 23.780586 24.400249 24.859217 25.381660 25.876169 26.350208 26.902525 27.155535 27.378674 27.499586 27.667913 28.144672 28.453190 29.103041 29.258926 29.424456 0.000000 0.000000 0.000000 0.000000 0.000000 0.000000 0.000000 0.000000 0.000000 0.000000 0.000000 0.000000 0.000000 0.000000 0.000000 0.000000 0.000000 0.000000 0.000000 0.000000 0.000000 0.000000 0.000000 
0.000000 0.000000 0.000000 0.000000 0.000000 0.000000 0.000000 0.000000 0.000000 0.000000 0.000000 0.000000 0.000000 0.000000 0.000000 0.000000 0.000000 0.000000 0.000000 0.000000 0.000000 0.000000 0.000000 0.000000 0.000000 0.000000 0.000000 0.000000 0.000000 0.000000 0.000000 0.000000 0.000000 0.000000 0.000000 0.000000 0.000000 0.000000 0.000000 0.000000 0.000000 0.000000 0.000000 0.000000 0.000000 0.000000 0.000000 0.000000 0.000000 0.000000 0.000000 0.000000 0.000000 27.414787 27.378912 27.264576 27.026787 26.846418 26.516087 26.340582 26.133427 25.774864 25.406240 25.387831 24.666174 22.795351 20.424282 16.570797 14.411753 13.594508 14.546434 14.214176 13.683987 10.722803 8.240208 7.954273 7.281832 6.664112 6.450863 6.291677 6.057714 5.948039 5.833311 5.638861 5.351412 5.056394 4.691063 4.337150 4.053848 3.842084 3.744564 3.686724 3.999420 6.076279 5.230404 2.507575 -0.400166 3.995602 5.375742 5.563984 5.804711 6.037227 5.759995 5.454358 5.503979 5.345690 5.424416 5.339367 5.137717 5.188706 4.946541 4.925183 5.009210 4.955275 4.915863 4.868754 4.844827 4.912847 4.852421 4.683977 4.642002 4.548567 4.440862 4.501096 4.499269 4.512196 4.530333 4.547816 4.519940 4.407189 4.340516 4.276719 4.248237 4.310668 4.272142 4.147942 4.063259 4.164375 4.950058 4.898022 5.713051 6.323099 6.459933 6.033397 5.096586 4.405034 4.227761 4.087719 4.020066 3.972948 4.002107 4.114646 4.391140 4.807973 5.284868 5.277231 5.091786 5.099098 5.767621 7.588814 9.109557 10.978925 11.727321 11.839941 11.667021 11.476822 11.487249 11.554401 11.753486 11.992160 12.275187 11.708376 11.219079 12.989307 12.672372 12.516218 12.422324 12.395929 12.991305 13.939706 14.398020 14.025230 13.599729 13.931611 14.519914 14.480676 14.254424 14.216544 14.984169 16.611258 17.778528 18.164974 19.101789 19.753353 20.677448 20.986307 21.484867 21.721172 22.255142 23.307959 23.838682 24.399046 24.823986 25.287401 25.883839 26.375174 26.740961 27.218948 27.401230 27.602259 27.715517 27.828951 28.182333 0.000000 0.000000 0.000000 0.000000 0.000000 0.000000 0.000000 0.000000 0.000000 0.000000 0.000000 0.000000 0.000000 0.000000 0.000000 0.000000 0.000000 0.000000 0.000000 0.000000 0.000000 0.000000 0.000000 0.000000 0.000000 0.000000 
0.000000 0.000000 0.000000 0.000000 0.000000 0.000000 0.000000 0.000000 0.000000 0.000000 0.000000 0.000000 0.000000 0.000000 0.000000 0.000000 0.000000 0.000000 0.000000 0.000000 0.000000 0.000000 0.000000 0.000000 0.000000 0.000000 0.000000 0.000000 0.000000 0.000000 0.000000 0.000000 0.000000 0.000000 0.000000 0.000000 0.000000 0.000000 0.000000 0.000000 0.000000 0.000000 0.000000 0.000000 0.000000 0.000000 0.000000 0.000000 0.000000 0.000000 0.000000 0.000000 0.000000 0.000000 27.527132 27.362228 27.296450 27.099096 26.766434 26.262243 26.100496 25.860945 25.583776 25.273760 24.824860 23.378794 22.014690 19.112181 16.002859 14.255542 14.072790 14.192809 13.536572 11.669114 8.863553 8.149722 7.180984 6.707855 6.422718 6.173111 5.972205 5.909660 5.825740 5.697838 5.453509 5.106098 4.851185 4.495986 4.194822 4.054027 3.992579 3.913212 4.271821 6.157637 5.316884 2.934508 -0.109713 4.280437 5.428307 5.844234 5.777448 5.658062 5.652689 5.454627 5.363095 5.537768 5.579886 5.660410 5.608261 5.436480 5.001670 4.887277 4.861684 4.918171 4.885164 4.894101 4.864693 4.803109 4.708080 4.640400 4.601812 4.538465 4.537377 4.609748 4.521563 4.520900 4.577587 4.579143 4.525144 4.428466 4.388814 4.305076 4.311666 4.387643 4.262467 4.182148 4.092155 4.050944 4.030269 4.359697 4.408252 5.058354 5.882504 6.686159 7.010934 6.706446 6.031424 4.505476 4.176243 4.072573 4.144361 4.157894 4.087578 4.081071 4.343397 5.130814 5.188491 5.225663 6.736056 8.140667 9.666729 11.031165 11.913514 12.248485 12.102102 11.900531 11.858943 11.851543 12.024386 12.262259 12.701110 12.263460 11.429805 13.691730 13.327222 13.136588 13.120311 13.476499 14.163853 14.557392 14.615948 14.341686 14.449903 15.137130 15.132515 14.604084 14.536957 14.585023 14.802476 15.493374 17.249496 18.533548 19.109791 20.010536 20.792938 21.265585 21.972687 22.058483 22.142847 23.361923 24.195774 24.546387 24.819719 25.389805 25.786690 26.207254 26.640482 26.944321 27.266512 27.590536 0.000000 0.000000 0.000000 0.000000 0.000000 0.000000 0.000000 0.000000 0.000000 0.000000 0.000000 0.000000 0.000000 0.000000 0.000000 0.000000 0.000000 0.000000 0.000000 0.000000 0.000000 0.000000 0.000000 0.000000 0.000000 0.000000 0.000000 0.000000 0.000000 
0.000000 0.000000 0.000000 0.000000 0.000000 0.000000 0.000000 0.000000 0.000000 0.000000 0.000000 0.000000 0.000000 0.000000 0.000000 0.000000 0.000000 0.000000 0.000000 0.000000 0.000000 0.000000 0.000000 0.000000 0.000000 0.000000 0.000000 0.000000 0.000000 0.000000 0.000000 0.000000 0.000000 0.000000 0.000000 0.000000 0.000000 0.000000 0.000000 0.000000 0.000000 0.000000 0.000000 0.000000 0.000000 0.000000 0.000000 0.000000 0.000000 0.000000 0.000000 0.000000 0.000000 0.000000 27.714096 27.623974 27.408342 27.165670 26.926991 26.605762 26.068821 25.942621 25.715330 25.233643 24.512329 23.409407 22.605476 19.988121 17.160652 15.690928 14.481970 14.174328 13.494886 12.093208 9.624181 8.222644 7.298714 6.841006 6.455229 6.135558 5.954914 5.897142 5.794085 5.816401 5.646391 5.267694 5.059596 4.738467 4.400399 4.217566 4.105659 3.908267 4.588942 6.517304 4.568955 1.078012 0.803302 5.058380 5.551078 5.935545 5.931772 5.800565 5.702941 5.551648 5.488070 5.679947 5.578055 5.587542 5.703661 5.521106 4.999755 4.880393 4.822306 4.876074 4.892213 4.960582 4.853956 4.799958 4.691878 4.656311 4.704881 4.692744 4.657002 4.640275 4.576281 4.575888 4.647142 4.566615 4.523657 4.431083 4.390465 4.398887 4.389637 4.411709 4.315497 4.200592 4.123868 4.145644 4.090138 4.413416 4.734275 4.661138 4.742575 4.939012 5.989548 7.057456 7.645643 7.575492 6.497283 5.272220 4.636977 4.270432 4.214737 4.262609 4.272937 5.168064 5.412668 6.173466 8.099842 8.934853 10.354506 11.464591 12.279862 12.720509 12.665541 12.462462 12.463395 12.414460 12.498593 12.725340 13.197129 12.862359 11.786192 13.959320 13.874620 13.876801 14.287395 14.385250 14.655657 15.059902 14.984162 15.234152 15.807981 15.932942 15.052633 15.012247 15.257493 15.300174 15.012423 15.003597 15.513563 16.537930 18.260143 20.001970 20.978529 21.593863 22.143248 22.633589 22.411972 23.009333 24.257322 24.639105 25.130703 25.284603 25.735632 26.104204 26.470400 26.813002 0.000000 0.000000 0.000000 0.000000 0.000000 0.000000 0.000000 0.000000 0.000000 0.000000 0.000000 0.000000 0.000000 0.000000 0.000000 0.000000 0.000000 0.000000 0.000000 0.000000 0.000000 0.000000 0.000000 0.000000 0.000000 0.000000 0.000000 0.000000 0.000000 0.000000 0.000000 
0.000000 0.000000 0.000000 0.000000 0.000000 0.000000 0.000000 0.000000 0.000000 0.000000 0.000000 0.000000 0.000000 0.000000 0.000000 0.000000 0.000000 0.000000 0.000000 0.000000 0.000000 0.000000 0.000000 0.000000 0.000000 0.000000 0.000000 0.000000 0.000000 0.000000 0.000000 0.000000 0.000000 0.000000 0.000000 0.000000 0.000000 0.000000 0.000000 0.000000 0.000000 0.000000 0.000000 0.000000 0.000000 0.000000 0.000000 0.000000 0.000000 0.000000 0.000000 0.000000 0.000000 0.000000 27.872984 27.700033 27.543047 27.386751 27.017284 26.717735 26.070799 25.998926 25.760502 25.213898 24.304153 23.393333 22.527561 20.198732 17.567499 15.702655 14.708829 14.241057 13.931169 12.406720 10.343837 8.187119 7.401519 6.920407 6.453220 6.112676 6.079163 5.953176 5.896229 5.808256 5.625371 5.449217 5.233945 4.986328 4.552845 4.277096 4.082785 3.871649 4.591367 6.046652 4.442085 0.460013 2.907294 5.339814 5.541733 5.763254 5.908763 5.728501 5.640576 5.581645 5.579707 5.605717 5.694817 5.652017 5.634351 5.333719 5.071378 4.995988 4.927117 4.905074 4.862062 4.848443 4.788488 4.791086 4.729867 4.670407 4.902469 4.759663 4.643726 4.617551 4.570611 4.656406 4.573799 4.572154 4.455739 4.451956 4.412710 4.417389 4.415431 4.380050 4.315306 4.204843 4.195679 4.221750 4.293595 4.784956 5.050193 5.101691 5.175482 4.815134 4.948297 5.307874 6.190225 7.515662 8.504093 8.731384 8.235557 7.181223 5.739323 4.970245 4.836838 5.285828 6.003845 7.786723 8.607794 9.915278 11.155413 12.151758 12.783337 13.154910 13.196101 13.178362 13.203035 13.249459 13.457547 13.398911 13.591367 12.876323 12.059949 14.408686 15.143858 15.060329 14.430340 15.444437 15.580011 15.582811 15.803627 16.130474 16.767454 15.984834 15.325360 16.169880 17.295715 16.587429 15.849401 15.420006 15.480413 15.995148 16.515684 19.008440 21.174393 21.812565 22.726688 22.964979 23.010916 22.972881 23.706217 24.880363 25.088449 25.448616 25.845184 0.000000 0.000000 0.000000 0.000000 0.000000 0.000000 0.000000 0.000000 0.000000 0.000000 0.000000 0.000000 0.000000 0.000000 0.000000 0.000000 0.000000 0.000000 0.000000 0.000000 0.000000 0.000000 0.000000 0.000000 0.000000 0.000000 0.000000 0.000000 0.000000 0.000000 0.000000 0.000000 0.000000 0.000000 
0.000000 0.000000 0.000000 0.000000 0.000000 0.000000 0.000000 0.000000 0.000000 0.000000 0.000000 0.000000 0.000000 0.000000 0.000000 0.000000 0.000000 0.000000 0.000000 0.000000 0.000000 0.000000 0.000000 0.000000 0.000000 0.000000 0.000000 0.000000 0.000000 0.000000 0.000000 0.000000 0.000000 0.000000 0.000000 0.000000 0.000000 0.000000 0.000000 0.000000 0.000000 0.000000 0.000000 0.000000 0.000000 0.000000 0.000000 0.000000 0.000000 0.000000 0.000000 0.000000 0.000000 0.000000 0.000000 27.809896 27.603540 27.426849 27.190380 26.758118 26.235931 25.986549 25.664265 25.122562 24.378378 23.153797 21.426218 19.226519 16.837280 15.926098 14.913608 14.295459 14.138024 12.944179 11.125176 9.972281 7.658993 6.987415 6.536202 6.254782 6.176809 6.080687 6.103249 5.942903 5.838144 5.655946 5.491201 5.089972 4.596948 4.246174 4.058777 3.874237 4.451637 5.026306 4.172249 -0.270860 4.857665 5.388393 5.609632 5.933353 5.783101 5.667064 5.660524 5.493747 5.481224 5.660951 5.605052 5.622990 5.470932 5.318772 5.208819 5.093278 5.053822 4.945903 4.902532 4.855634 4.762502 4.712445 4.676578 4.629654 4.925590 4.631852 4.576130 4.553201 4.560693 4.682825 4.574250 4.541835 4.506561 4.524667 4.469891 4.463810 4.338232 4.332491 4.279840 4.260078 4.282360 4.316986 4.356197 5.159443 4.995098 4.871530 5.157955 5.204041 5.073937 5.068388 4.974890 5.515388 6.867373 8.478112 9.664073 10.137538 9.941957 8.651686 7.024880 6.137392 7.429434 8.650485 9.815419 10.980165 12.005000 12.726675 13.197865 13.484490 13.662781 13.632010 13.639661 13.550815 13.579789 13.706002 13.946146 13.179991 12.546541 15.673730 15.528129 14.558056 15.900963 16.322184 16.328373 16.487234 16.801569 17.133209 17.127914 15.801915 16.022099 17.674627 18.143242 17.974571 17.171482 16.413647 15.961471 15.932628 15.989142 18.342419 21.079365 21.982506 22.739664 23.180120 23.717644 23.534904 23.512280 24.528269 0.000000 0.000000 0.000000 0.000000 0.000000 0.000000 0.000000 0.000000 0.000000 0.000000 0.000000 0.000000 0.000000 0.000000 0.000000 0.000000 0.000000 0.000000 0.000000 0.000000 0.000000 0.000000 0.000000 0.000000 0.000000 0.000000 0.000000 0.000000 0.000000 0.000000 0.000000 0.000000 0.000000 0.000000 0.000000 0.000000 0.000000 
0.000000 0.000000 0.000000 0.000000 0.000000 0.000000 0.000000 0.000000 0.000000 0.000000 0.000000 0.000000 0.000000 0.000000 0.000000 0.000000 0.000000 0.000000 0.000000 0.000000 0.000000 0.000000 0.000000 0.000000 0.000000 0.000000 0.000000 0.000000 0.000000 0.000000 0.000000 0.000000 0.000000 0.000000 0.000000 0.000000 0.000000 0.000000 0.000000 0.000000 0.000000 0.000000 0.000000 0.000000 0.000000 0.000000 0.000000 0.000000 0.000000 0.000000 0.000000 0.000000 0.000000 0.000000 0.000000 28.022509 27.806507 27.526869 27.250814 26.873894 26.579817 26.034485 25.794813 25.112221 24.345846 23.584274 22.267612 19.015823 17.180292 16.479462 15.432824 14.499900 14.137552 14.077197 11.990128 11.476531 9.218677 7.857141 6.704822 6.499330 6.354924 6.316424 6.134079 6.125639 5.962688 5.807212 5.537269 5.181304 4.787861 4.394682 4.200253 3.952845 4.440722 4.483572 4.114631 0.120219 5.057694 5.674705 5.835778 5.862617 5.882833 5.768198 5.657093 5.397305 5.381104 5.578402 5.511569 5.680383 5.664077 5.386221 5.242848 5.185307 5.124639 5.115570 4.984650 4.959901 4.845569 4.735806 4.945479 4.651253 4.649330 4.595803 4.567310 4.550491 4.652771 4.598967 4.503674 4.500674 4.529866 4.500856 4.490343 4.489334 4.350216 4.309794 4.286630 4.261147 4.376950 4.591834 4.446358 5.338102 5.133302 5.137781 5.399644 5.350029 5.449067 5.366746 5.162245 5.292813 5.663389 5.932789 7.309659 9.357773 10.965847 11.552260 11.452154 10.636764 9.247123 9.885475 11.122877 12.053153 12.797676 13.259353 13.616977 14.052384 14.403211 14.401782 14.304320 14.183627 14.167225 14.324996 14.386240 13.788098 12.879017 15.060304 14.568238 15.613423 17.051157 16.913160 17.086216 17.263836 17.509031 17.660358 16.623159 16.302404 17.580275 18.443840 18.666197 18.712315 18.600769 17.579100 16.674761 16.453297 16.303501 17.874517 20.374184 22.087635 22.869974 23.687235 23.857979 24.189358 0.000000 0.000000 0.000000 0.000000 0.000000 0.000000 0.000000 0.000000 0.000000 0.000000 0.000000 0.000000 0.000000 0.000000 0.000000 0.000000 0.000000 0.000000 0.000000 0.000000 0.000000 0.000000 0.000000 0.000000 0.000000 0.000000 0.000000 0.000000 0.000000 0.000000 0.000000 0.000000 0.000000 0.000000 0.000000 0.000000 0.000000 0.000000 0.000000 
0.000000 0.000000 0.000000 0.000000 0.000000 0.000000 0.000000 0.000000 0.000000 0.000000 0.000000 0.000000 0.000000 0.000000 0.000000 0.000000 0.000000 0.000000 0.000000 0.000000 0.000000 0.000000 0.000000 0.000000 0.000000 0.000000 0.000000 0.000000 0.000000 0.000000 0.000000 0.000000 0.000000 0.000000 0.000000 0.000000 0.000000 0.000000 0.000000 0.000000 0.000000 0.000000 0.000000 0.000000 0.000000 0.000000 0.000000 0.000000 0.000000 0.000000 0.000000 0.000000 0.000000 0.000000 0.000000 28.051199 28.032822 27.670980 27.360819 26.990608 26.607464 26.156185 26.068262 25.527700 24.467012 24.415670 23.440733 20.741234 18.609905 17.033058 16.028994 15.032959 14.123739 13.934347 13.658811 13.095120 11.485229 9.993552 8.593459 6.813818 6.429965 6.393959 6.271036 6.262117 6.156240 5.787372 5.397840 5.097510 4.773705 4.513018 4.291591 4.147017 4.937580 4.172572 2.693621 2.044012 5.578988 6.063725 5.846132 5.757459 5.735326 5.733830 5.704085 5.273702 5.227079 5.326767 5.417460 5.613162 5.675461 5.455115 5.365311 5.305692 5.202860 5.129326 5.082602 5.083221 4.912333 4.886658 5.333715 4.761030 4.748238 4.737545 4.551580 4.523516 4.665720 4.549608 4.518376 4.495701 4.505322 4.454252 4.456270 4.417990 4.354418 4.326954 4.235395 4.130897 4.321414 4.666553 5.499996 5.393434 5.584337 5.613779 5.926666 5.801847 5.589541 5.811374 5.841745 5.896570 6.075293 6.018487 6.153275 7.030323 8.739188 10.544513 12.262559 13.074267 13.143802 12.898308 12.627250 12.854098 13.298620 13.794700 14.296762 14.860308 15.281865 15.178174 15.028543 14.900374 14.821534 14.794895 15.145134 13.746219 13.352499 14.588994 16.803389 17.529783 17.372194 17.539358 17.769321 17.788155 18.062981 17.847353 16.875629 17.469755 18.830921 19.155661 19.292778 19.338701 19.190664 18.703894 18.194086 17.043873 16.745777 17.513191 19.320122 22.165985 23.063889 0.000000 0.000000 0.000000 0.000000 0.000000 0.000000 0.000000 0.000000 0.000000 0.000000 0.000000 0.000000 0.000000 0.000000 0.000000 0.000000 0.000000 0.000000 0.000000 0.000000 0.000000 0.000000 0.000000 0.000000 0.000000 0.000000 0.000000 0.000000 0.000000 0.000000 0.000000 0.000000 0.000000 0.000000 0.000000 0.000000 0.000000 0.000000 0.000000 0.000000 0.000000 0.000000 
0.000000 0.000000 0.000000 0.000000 0.000000 0.000000 0.000000 0.000000 0.000000 0.000000 0.000000 0.000000 0.000000 0.000000 0.000000 0.000000 0.000000 0.000000 0.000000 0.000000 0.000000 0.000000 0.000000 0.000000 0.000000 0.000000 0.000000 0.000000 0.000000 0.000000 0.000000 0.000000 0.000000 0.000000 0.000000 0.000000 0.000000 0.000000 0.000000 0.000000 0.000000 0.000000 0.000000 0.000000 0.000000 0.000000 0.000000 0.000000 0.000000 0.000000 0.000000 0.000000 0.000000 0.000000 0.000000 28.106701 28.012020 27.766207 27.420931 26.868319 26.491837 26.315453 26.091047 25.679384 24.925762 24.366058 23.014730 21.587078 19.423010 18.342216 16.704876 16.032936 14.261189 14.076600 15.399065 15.569797 13.992970 12.116151 10.903839 7.832268 6.809106 6.633164 6.501640 6.411160 6.219066 5.826509 5.540184 5.196864 4.853892 4.601743 4.341520 4.684541 5.547097 3.350642 1.626730 3.559825 4.576126 5.482176 5.681954 5.695164 5.718914 5.757080 5.862319 5.291159 5.315113 5.389766 5.407428 5.498548 5.445443 5.423938 5.505524 5.429235 5.319890 5.202222 5.114028 5.075672 4.943924 5.081696 5.029314 4.983770 4.928206 4.771761 4.724883 4.840981 4.738518 4.563587 4.548946 4.551294 4.508571 4.514445 4.483725 4.448253 4.396455 4.332874 4.291355 4.307051 4.720184 5.456528 5.808941 5.950220 6.002433 6.216207 6.079955 6.090986 6.245914 6.635365 6.501243 6.562966 6.695933 6.775958 6.943809 7.090919 7.310390 7.902231 9.505051 11.745926 13.734895 14.551779 14.834136 14.621935 14.507662 14.602352 15.067793 15.622335 15.909908 16.017620 15.718781 15.527376 15.405067 15.418905 14.749027 13.398566 14.467133 17.639666 18.151587 17.902267 18.107191 18.325069 18.378611 18.644739 18.980280 17.632456 17.860518 19.100767 19.663643 19.883759 19.891903 19.955748 19.853916 19.567154 19.702478 19.414536 17.378332 17.160006 18.482424 0.000000 0.000000 0.000000 0.000000 0.000000 0.000000 0.000000 0.000000 0.000000 0.000000 0.000000 0.000000 0.000000 0.000000 0.000000 0.000000 0.000000 0.000000 0.000000 0.000000 0.000000 0.000000 0.000000 0.000000 0.000000 0.000000 0.000000 0.000000 0.000000 0.000000 0.000000 0.000000 0.000000 0.000000 0.000000 0.000000 0.000000 0.000000 0.000000 0.000000 0.000000 0.000000 0.000000 0.000000 
0.000000 0.000000 0.000000 0.000000 0.000000 0.000000 0.000000 0.000000 0.000000 0.000000 0.000000 0.000000 0.000000 0.000000 0.000000 0.000000 0.000000 0.000000 0.000000 0.000000 0.000000 0.000000 0.000000 0.000000 0.000000 0.000000 0.000000 0.000000 0.000000 0.000000 0.000000 0.000000 0.000000 0.000000 0.000000 0.000000 0.000000 0.000000 0.000000 0.000000 0.000000 0.000000 0.000000 0.000000 0.000000 0.000000 0.000000 0.000000 0.000000 0.000000 0.000000 0.000000 0.000000 0.000000 0.000000 0.000000 28.002565 27.491257 27.162819 26.879406 26.763453 26.571701 26.153669 25.729090 25.472031 24.694345 23.137880 22.218500 21.441725 19.890055 17.652159 16.554388 14.789304 13.868284 14.742831 15.351965 15.104071 13.356071 11.453803 8.534055 6.986292 6.766723 6.581026 6.381315 6.233297 5.928851 5.631021 5.257110 4.889122 4.590229 4.581598 6.303173 4.675444 2.129086 3.028700 4.110260 3.985789 4.215178 5.052895 5.616739 5.670743 5.787357 5.636570 5.387166 5.444534 5.524997 5.513639 5.529158 5.402759 5.384003 5.709371 5.462033 5.323988 5.356111 5.350483 5.255688 5.129135 5.256656 5.027505 4.944750 4.953358 5.007004 5.033455 4.952441 4.834923 4.805584 4.695294 4.636899 4.603411 4.546170 4.505204 4.441840 4.350368 4.292968 4.256301 4.413702 5.361786 5.568351 5.844650 6.117745 6.238360 6.152333 5.842402 6.040468 6.395380 6.772357 6.858367 7.137974 7.238664 7.443540 7.897107 8.258636 8.669294 9.376471 10.113235 10.859970 12.365294 13.832304 15.099556 15.798037 16.199686 16.440498 16.644871 16.508146 16.390709 16.599525 16.376080 16.112030 15.834463 15.424466 13.819057 14.376445 17.439552 18.204851 18.514431 18.634134 18.730505 18.835440 18.879454 19.205738 18.656569 18.125286 18.591352 19.759077 20.199507 20.351843 20.287741 20.213799 20.409286 20.003532 20.961834 21.067308 0.000000 0.000000 0.000000 0.000000 0.000000 0.000000 0.000000 0.000000 0.000000 0.000000 0.000000 0.000000 0.000000 0.000000 0.000000 0.000000 0.000000 0.000000 0.000000 0.000000 0.000000 0.000000 0.000000 0.000000 0.000000 0.000000 0.000000 0.000000 0.000000 0.000000 0.000000 0.000000 0.000000 0.000000 0.000000 0.000000 0.000000 0.000000 0.000000 0.000000 0.000000 0.000000 0.000000 0.000000 0.000000 0.000000 0.000000 
0.000000 0.000000 0.000000 0.000000 0.000000 0.000000 0.000000 0.000000 0.000000 0.000000 0.000000 0.000000 0.000000 0.000000 0.000000 0.000000 0.000000 0.000000 0.000000 0.000000 0.000000 0.000000 0.000000 0.000000 0.000000 0.000000 0.000000 0.000000 0.000000 0.000000 0.000000 0.000000 0.000000 0.000000 0.000000 0.000000 0.000000 0.000000 0.000000 0.000000 0.000000 0.000000 0.000000 0.000000 0.000000 0.000000 0.000000 0.000000 0.000000 0.000000 0.000000 0.000000 0.000000 0.000000 0.000000 0.000000 27.811134 27.539970 27.353542 27.322401 27.086899 26.673973 26.295557 25.641968 25.336790 24.938417 23.994410 23.022476 22.184198 20.387535 18.520348 17.147121 14.788007 13.965950 15.074683 14.879538 15.123368 13.182284 11.264606 8.225703 7.127344 6.901506 6.649367 6.444018 6.237182 5.888896 5.635309 5.341929 4.967079 4.653929 5.425558 5.863939 2.841110 2.614648 4.099521 4.296543 4.157758 4.065806 4.174370 5.022396 5.572483 5.872074 5.786584 5.601584 5.672142 5.699274 5.647616 5.636916 5.496672 5.599066 6.062544 5.449097 5.157786 5.160297 5.273642 5.323982 5.321512 5.298502 5.132816 4.977811 4.981850 5.008657 5.042821 5.083198 5.026729 4.920993 4.862872 4.819963 4.599621 4.551402 4.500102 4.440455 4.318420 4.294459 4.262707 4.571932 5.604171 5.392953 5.654276 6.091309 6.144061 6.109899 6.075122 6.262371 6.708893 7.301053 7.363201 7.704588 7.879611 8.058223 8.476089 8.865872 9.605427 10.569483 11.381598 12.302555 13.534732 14.793975 15.899826 16.198818 16.656134 16.945436 17.314386 17.552216 17.643200 17.457836 16.961300 16.707172 16.110699 14.064728 14.489985 17.028156 17.826656 18.499317 19.146353 19.246368 19.179966 19.337637 19.551880 19.585009 18.902605 19.106455 20.066387 20.443903 20.772755 20.919250 20.819613 20.757748 20.864250 0.000000 0.000000 0.000000 0.000000 0.000000 0.000000 0.000000 0.000000 0.000000 0.000000 0.000000 0.000000 0.000000 0.000000 0.000000 0.000000 0.000000 0.000000 0.000000 0.000000 0.000000 0.000000 0.000000 0.000000 0.000000 0.000000 0.000000 0.000000 0.000000 0.000000 0.000000 0.000000 0.000000 0.000000 0.000000 0.000000 0.000000 0.000000 0.000000 0.000000 0.000000 0.000000 0.000000 0.000000 0.000000 0.000000 0.000000 0.000000 0.000000 0.000000 
0.000000 0.000000 0.000000 0.000000 0.000000 0.000000 0.000000 0.000000 0.000000 0.000000 0.000000 0.000000 0.000000 0.000000 0.000000 0.000000 0.000000 0.000000 0.000000 0.000000 0.000000 0.000000 0.000000 0.000000 0.000000 0.000000 0.000000 0.000000 0.000000 0.000000 0.000000 0.000000 0.000000 0.000000 0.000000 0.000000 0.000000 0.000000 0.000000 0.000000 0.000000 0.000000 0.000000 0.000000 0.000000 0.000000 0.000000 0.000000 0.000000 0.000000 0.000000 0.000000 0.000000 0.000000 0.000000 0.000000 27.977732 27.972841 27.797239 27.510031 27.225988 26.842325 26.414644 25.894516 25.299406 24.781612 23.775660 22.974669 22.304544 20.407490 18.884268 17.525757 15.319130 14.087334 15.298520 14.601192 14.720737 13.305178 10.909432 7.967219 7.235058 7.091461 6.872601 6.568633 6.319770 5.970380 5.746106 5.527664 5.221343 5.298173 5.685323 4.654845 2.642960 3.402676 4.419818 4.352638 4.330308 4.243904 4.285680 4.867635 5.580203 5.904242 5.887536 5.760853 5.777602 5.858632 5.745691 5.677308 5.589931 6.002645 6.141229 5.391879 5.173680 5.083348 5.082087 5.276270 5.368600 5.294088 5.248128 5.134565 5.042125 5.016575 5.052258 5.012229 4.983105 5.126388 5.031952 4.790321 4.704175 4.642913 4.589942 4.406762 4.371206 4.367619 4.359432 5.585929 5.495250 5.375043 5.581825 5.846182 6.178476 6.418321 6.680187 6.844400 7.250910 7.880673 8.145370 8.299143 8.672124 9.140937 9.421094 10.000890 10.698594 11.478975 12.524326 13.627543 14.779184 16.062958 17.057829 17.643814 18.019846 18.129595 17.592676 17.900928 18.197971 18.401340 18.417824 16.955641 14.468053 14.054689 17.059439 17.830441 18.009275 18.909708 19.608776 19.720087 19.675920 19.854813 19.821058 19.687719 19.587276 20.381809 20.693720 20.837717 21.167816 21.286589 21.281790 0.000000 0.000000 0.000000 0.000000 0.000000 0.000000 0.000000 0.000000 0.000000 0.000000 0.000000 0.000000 0.000000 0.000000 0.000000 0.000000 0.000000 0.000000 0.000000 0.000000 0.000000 0.000000 0.000000 0.000000 0.000000 0.000000 0.000000 0.000000 0.000000 0.000000 0.000000 0.000000 0.000000 0.000000 0.000000 0.000000 0.000000 0.000000 0.000000 0.000000 0.000000 0.000000 0.000000 0.000000 0.000000 0.000000 0.000000 0.000000 0.000000 0.000000 0.000000 0.000000 
0.000000 0.000000 0.000000 0.000000 0.000000 0.000000 0.000000 0.000000 0.000000 0.000000 0.000000 0.000000 0.000000 0.000000 0.000000 0.000000 0.000000 0.000000 0.000000 0.000000 0.000000 0.000000 0.000000 0.000000 0.000000 0.000000 0.000000 0.000000 0.000000 0.000000 0.000000 0.000000 0.000000 0.000000 0.000000 0.000000 0.000000 0.000000 0.000000 0.000000 0.000000 0.000000 0.000000 0.000000 0.000000 0.000000 0.000000 0.000000 0.000000 0.000000 0.000000 0.000000 0.000000 0.000000 0.000000 0.000000 0.000000 27.957581 27.843981 27.615019 27.298811 26.970970 26.456528 25.867062 25.295597 24.662470 23.772682 22.545332 21.725592 21.032042 19.497169 18.047012 16.218525 14.156631 15.229601 14.323256 13.782619 12.977070 9.959597 7.597610 7.119226 6.852882 6.667095 6.553822 6.452792 6.187328 5.963831 5.737751 5.365174 5.388876 5.237164 3.685047 2.945113 4.154276 4.433608 4.483804 4.430115 4.367478 4.331815 4.726401 5.542668 5.918088 5.665718 5.730046 5.872539 6.016447 5.908504 5.756446 5.812949 6.171420 5.978232 5.407996 5.284205 5.209649 5.254208 5.509223 5.647418 5.056548 5.134554 5.077744 5.122861 5.186357 5.121872 5.041125 5.017537 5.003119 4.975090 4.784240 4.736526 4.684177 4.611201 4.542739 4.491485 4.452575 4.860850 5.702816 5.371207 5.543948 5.754770 5.906721 6.093098 6.310667 6.788474 7.067312 7.751143 8.591836 8.849362 9.163279 9.477164 9.967310 10.373919 11.009525 11.659112 12.648232 13.722739 14.870217 16.168955 17.154922 17.912868 18.258146 18.678965 18.844530 18.696512 18.437002 18.258801 18.611799 18.847698 17.808302 15.151935 17.268227 18.212612 18.169916 18.641623 19.359774 19.948601 20.135399 20.100092 20.176916 20.195787 20.193430 20.490532 20.922102 21.088991 21.343220 0.000000 0.000000 0.000000 0.000000 0.000000 0.000000 0.000000 0.000000 0.000000 0.000000 0.000000 0.000000 0.000000 0.000000 0.000000 0.000000 0.000000 0.000000 0.000000 0.000000 0.000000 0.000000 0.000000 0.000000 0.000000 0.000000 0.000000 0.000000 0.000000 0.000000 0.000000 0.000000 0.000000 0.000000 0.000000 0.000000 0.000000 0.000000 0.000000 0.000000 0.000000 0.000000 0.000000 0.000000 0.000000 0.000000 0.000000 0.000000 0.000000 0.000000 0.000000 0.000000 0.000000 0.000000 0.000000 
0.000000 0.000000 0.000000 0.000000 0.000000 0.000000 0.000000 0.000000 0.000000 0.000000 0.000000 0.000000 0.000000 0.000000 0.000000 0.000000 0.000000 0.000000 0.000000 0.000000 0.000000 0.000000 0.000000 0.000000 0.000000 0.000000 0.000000 0.000000 0.000000 0.000000 0.000000 0.000000 0.000000 0.000000 0.000000 0.000000 0.000000 0.000000 0.000000 0.000000 0.000000 0.000000 0.000000 0.000000 0.000000 0.000000 0.000000 0.000000 0.000000 0.000000 0.000000 0.000000 0.000000 0.000000 0.000000 0.000000 0.000000 28.049694 27.913527 27.634497 27.302919 26.997282 26.471294 25.777981 25.113722 24.649014 23.955681 22.685091 21.984758 21.320822 19.454531 18.375557 16.931746 14.402397 14.809004 13.988396 13.084706 11.977655 8.963212 7.432052 7.097156 6.890244 6.692052 6.583453 6.486314 6.273484 6.152205 5.916610 5.501634 4.799541 3.974236 3.415017 2.747692 4.447520 4.483453 4.502594 4.566772 4.297910 4.375908 4.937889 5.787771 5.807748 5.789715 5.798625 5.950359 5.943267 6.008057 6.078922 5.980529 6.215428 5.728406 5.522977 5.408325 5.374214 5.437504 5.654417 5.470425 5.219638 4.986588 4.932611 4.981312 5.087821 5.135906 5.131265 5.099477 5.004569 4.981344 4.842035 4.772585 4.726434 4.670939 4.583219 4.590786 4.573098 5.067139 5.507866 5.550810 5.643267 5.642505 5.978336 6.506895 6.561227 7.021645 7.587227 8.276248 8.978264 9.699048 10.041939 10.386382 10.744637 11.321630 12.090828 12.826618 13.646915 14.681282 16.037642 17.196341 18.023462 18.399448 18.675430 18.988119 19.118734 18.818844 18.787815 18.917868 18.103855 15.311712 17.822590 19.456297 19.593914 19.398460 19.049898 19.547234 20.003887 20.334396 20.462694 20.298630 20.570780 20.652582 20.651299 21.146662 21.371843 0.000000 0.000000 0.000000 0.000000 0.000000 0.000000 0.000000 0.000000 0.000000 0.000000 0.000000 0.000000 0.000000 0.000000 0.000000 0.000000 0.000000 0.000000 0.000000 0.000000 0.000000 0.000000 0.000000 0.000000 0.000000 0.000000 0.000000 0.000000 0.000000 0.000000 0.000000 0.000000 0.000000 0.000000 0.000000 0.000000 0.000000 0.000000 0.000000 0.000000 0.000000 0.000000 0.000000 0.000000 0.000000 0.000000 0.000000 0.000000 0.000000 0.000000 0.000000 0.000000 0.000000 0.000000 0.000000 0.000000 0.000000 
0.000000 0.000000 0.000000 0.000000 0.000000 0.000000 0.000000 0.000000 0.000000 0.000000 0.000000 0.000000 0.000000 0.000000 0.000000 0.000000 0.000000 0.000000 0.000000 0.000000 0.000000 0.000000 0.000000 0.000000 0.000000 0.000000 0.000000 0.000000 0.000000 0.000000 0.000000 0.000000 0.000000 0.000000 0.000000 0.000000 0.000000 0.000000 0.000000 0.000000 0.000000 0.000000 0.000000 0.000000 0.000000 0.000000 0.000000 0.000000 0.000000 0.000000 0.000000 0.000000 0.000000 0.000000 0.000000 0.000000 0.000000 28.295906 28.025414 27.653957 27.250416 26.924711 26.350740 25.658205 25.052887 24.496664 23.964428 22.892023 22.038612 21.313162 19.450087 18.734045 17.606091 14.819703 14.103715 14.062499 12.617577 11.076523 8.073895 7.467759 7.177288 6.984725 6.793651 6.695821 6.563247 6.439997 6.313779 6.017672 5.448296 4.283967 3.207541 2.544934 3.640711 4.596522 4.604594 4.514794 4.419513 4.310352 4.387761 5.322441 6.015185 5.915523 5.943095 5.906423 6.180922 6.011670 5.904728 5.944236 5.999787 5.943777 5.694781 5.606522 5.544218 5.461334 5.573335 5.555824 5.327293 5.221539 5.064781 5.000214 4.987060 4.951632 4.915063 4.945304 5.041644 5.080407 4.934598 4.878516 4.811878 4.759393 4.655612 4.614578 4.735450 4.992579 5.693931 5.410664 5.598154 5.788990 5.802688 6.246730 6.401034 6.804736 7.192918 7.830535 8.658872 9.276145 10.092422 10.877552 11.428840 11.793780 12.318250 13.174733 13.902485 14.913806 16.050671 17.116610 18.053514 18.710842 18.931955 19.204748 19.409962 19.416006 19.086842 19.138489 17.745144 14.757003 14.284209 17.038719 18.817019 19.767998 19.977348 20.155714 20.172859 20.357824 21.037455 20.743158 20.823250 20.835400 21.045189 0.000000 0.000000 0.000000 0.000000 0.000000 0.000000 0.000000 0.000000 0.000000 0.000000 0.000000 0.000000 0.000000 0.000000 0.000000 0.000000 0.000000 0.000000 0.000000 0.000000 0.000000 0.000000 0.000000 0.000000 0.000000 0.000000 0.000000 0.000000 0.000000 0.000000 0.000000 0.000000 0.000000 0.000000 0.000000 0.000000 0.000000 0.000000 0.000000 0.000000 0.000000 0.000000 0.000000 0.000000 0.000000 0.000000 0.000000 0.000000 0.000000 0.000000 0.000000 0.000000 0.000000 0.000000 0.000000 0.000000 0.000000 0.000000 0.000000 0.000000 
0.000000 0.000000 0.000000 0.000000 0.000000 0.000000 0.000000 0.000000 0.000000 0.000000 0.000000 0.000000 0.000000 0.000000 0.000000 0.000000 0.000000 0.000000 0.000000 0.000000 0.000000 0.000000 0.000000 0.000000 0.000000 0.000000 0.000000 0.000000 0.000000 0.000000 0.000000 0.000000 0.000000 0.000000 0.000000 0.000000 0.000000 0.000000 0.000000 0.000000 0.000000 0.000000 0.000000 0.000000 0.000000 0.000000 0.000000 0.000000 0.000000 0.000000 0.000000 0.000000 0.000000 0.000000 0.000000 0.000000 0.000000 28.445744 28.153875 28.062160 27.438799 26.927855 25.731396 24.753315 24.110088 23.709103 23.794437 22.581549 22.011971 21.068403 19.288595 19.255888 18.457863 15.488995 14.196921 14.577259 12.206120 10.226542 7.951930 7.651106 7.351516 7.084884 6.905281 6.777708 6.618762 6.516851 6.374491 5.955247 5.033237 4.204778 2.837698 2.499569 4.069487 4.660832 4.762951 4.658540 4.518315 5.111658 4.946094 5.755322 6.083784 5.931724 5.992881 5.994635 6.159850 6.021456 5.936259 5.821903 5.784867 5.769230 5.809013 5.835758 5.629110 5.664483 5.744989 5.446404 5.481807 5.251865 5.167405 5.113265 5.147789 5.048518 4.976119 4.862848 4.828159 4.924619 4.837370 4.834698 4.845875 4.809000 4.726928 4.771964 4.835481 5.786012 5.510738 5.276636 5.679509 5.795153 5.800132 6.171965 6.586240 7.061672 7.577241 8.095703 8.969077 9.769691 10.698663 11.499002 12.412328 12.889956 13.437223 14.180482 14.904366 15.978866 17.009796 17.808857 18.538315 19.032286 19.274446 19.610582 19.615524 19.573530 19.321009 17.653778 14.506719 13.916846 16.767698 19.495136 18.936155 20.236164 20.251129 20.269457 20.494591 20.738323 20.812822 20.916853 0.000000 0.000000 0.000000 0.000000 0.000000 0.000000 0.000000 0.000000 0.000000 0.000000 0.000000 0.000000 0.000000 0.000000 0.000000 0.000000 0.000000 0.000000 0.000000 0.000000 0.000000 0.000000 0.000000 0.000000 0.000000 0.000000 0.000000 0.000000 0.000000 0.000000 0.000000 0.000000 0.000000 0.000000 0.000000 0.000000 0.000000 0.000000 0.000000 0.000000 0.000000 0.000000 0.000000 0.000000 0.000000 0.000000 0.000000 0.000000 0.000000 0.000000 0.000000 0.000000 0.000000 0.000000 0.000000 0.000000 0.000000 0.000000 0.000000 0.000000 0.000000 0.000000 0.000000 
0.000000 0.000000 0.000000 0.000000 0.000000 0.000000 0.000000 0.000000 0.000000 0.000000 0.000000 0.000000 0.000000 0.000000 0.000000 0.000000 0.000000 0.000000 0.000000 0.000000 0.000000 0.000000 0.000000 0.000000 0.000000 0.000000 0.000000 0.000000 0.000000 0.000000 0.000000 0.000000 0.000000 0.000000 0.000000 0.000000 0.000000 0.000000 0.000000 0.000000 0.000000 0.000000 0.000000 0.000000 0.000000 0.000000 0.000000 0.000000 0.000000 0.000000 0.000000 0.000000 0.000000 0.000000 0.000000 0.000000 0.000000 0.000000 28.190353 28.201651 27.680052 26.702641 23.989447 22.940905 22.444361 22.739851 22.589535 21.784386 21.282209 20.359190 19.670336 19.634615 18.658312 16.168243 14.149581 14.609944 11.679024 9.789381 8.128693 7.754794 7.459292 7.291702 7.190755 7.009115 6.853954 6.767861 6.408729 5.375270 4.027686 3.331863 3.985132 4.336036 4.534418 4.779256 4.922925 4.817521 4.568511 4.712933 5.427007 6.101530 6.104724 5.923313 5.960588 6.139091 6.140767 6.005865 5.973736 5.850772 5.827097 5.801570 5.777386 5.803763 5.868560 5.945447 6.004053 5.489295 5.493408 5.365103 5.288056 5.279863 5.226920 5.123161 5.099422 4.990160 4.996487 4.890541 4.759146 4.630270 4.649391 4.638845 4.721966 4.851494 5.409259 5.809690 5.473210 5.657026 5.842916 6.025931 6.118974 6.279634 6.811428 7.315907 7.953463 8.612804 9.470284 10.300276 11.237236 12.061350 13.101499 13.881251 14.272145 14.889997 15.863895 16.922640 17.670034 18.609753 18.896946 19.509928 19.630680 19.791252 19.665436 18.541496 16.694515 14.347114 14.020210 16.064863 17.592630 20.146301 20.517387 20.722385 20.866737 20.954834 21.068857 20.896086 21.027163 0.000000 0.000000 0.000000 0.000000 0.000000 0.000000 0.000000 0.000000 0.000000 0.000000 0.000000 0.000000 0.000000 0.000000 0.000000 0.000000 0.000000 0.000000 0.000000 0.000000 0.000000 0.000000 0.000000 0.000000 0.000000 0.000000 0.000000 0.000000 0.000000 0.000000 0.000000 0.000000 0.000000 0.000000 0.000000 0.000000 0.000000 0.000000 0.000000 0.000000 0.000000 0.000000 0.000000 0.000000 0.000000 0.000000 0.000000 0.000000 0.000000 0.000000 0.000000 0.000000 0.000000 0.000000 0.000000 0.000000 0.000000 0.000000 0.000000 0.000000 0.000000 0.000000 0.000000 0.000000 
0.000000 0.000000 0.000000 0.000000 0.000000 0.000000 0.000000 0.000000 0.000000 0.000000 0.000000 0.000000 0.000000 0.000000 0.000000 0.000000 0.000000 0.000000 0.000000 0.000000 0.000000 0.000000 0.000000 0.000000 0.000000 0.000000 0.000000 0.000000 0.000000 0.000000 0.000000 0.000000 0.000000 0.000000 0.000000 0.000000 0.000000 0.000000 0.000000 0.000000 0.000000 0.000000 0.000000 0.000000 0.000000 0.000000 0.000000 0.000000 0.000000 0.000000 0.000000 0.000000 0.000000 0.000000 0.000000 0.000000 0.000000 0.000000 28.229134 27.906824 26.977812 25.870306 23.166759 22.097940 21.317013 21.280128 21.013948 20.776239 20.427341 19.574745 19.382412 19.775961 18.884315 16.550863 14.201530 14.548387 11.300210 9.067418 8.296965 7.881356 7.568271 7.392307 7.257132 7.100796 6.932266 6.629332 5.679267 3.896958 3.152168 2.609972 4.874115 5.057119 4.618991 4.533545 4.480700 4.635850 4.722996 4.709343 5.626043 6.182583 5.964697 6.008223 5.971442 6.220693 6.160867 6.055572 5.959388 5.905055 5.884828 5.881369 5.865908 5.900898 5.832591 5.867398 5.806517 5.661306 5.485090 5.438439 5.414865 5.419332 5.296114 5.177483 5.123434 5.074168 5.076750 4.964710 4.932499 4.793028 4.734988 4.699008 4.691284 4.854846 5.915180 5.496789 5.588580 5.816201 6.228434 6.373136 6.530829 6.736494 7.175976 7.749197 8.205847 9.454729 10.142992 11.003772 11.948031 12.633198 13.561714 14.417539 14.702383 15.468563 16.555330 17.408440 18.258184 18.763525 19.348518 19.635763 20.012398 19.704781 18.747845 15.410300 14.107329 14.497048 17.467693 19.645248 20.379866 21.056377 20.832150 20.673281 21.125072 21.293135 21.503323 0.000000 0.000000 0.000000 0.000000 0.000000 0.000000 0.000000 0.000000 0.000000 0.000000 0.000000 0.000000 0.000000 0.000000 0.000000 0.000000 0.000000 0.000000 0.000000 0.000000 0.000000 0.000000 0.000000 0.000000 0.000000 0.000000 0.000000 0.000000 0.000000 0.000000 0.000000 0.000000 0.000000 0.000000 0.000000 0.000000 0.000000 0.000000 0.000000 0.000000 0.000000 0.000000 0.000000 0.000000 0.000000 0.000000 0.000000 0.000000 0.000000 0.000000 0.000000 0.000000 0.000000 0.000000 0.000000 0.000000 0.000000 0.000000 0.000000 0.000000 0.000000 0.000000 0.000000 0.000000 0.000000 0.000000 
0.000000 0.000000 0.000000 0.000000 0.000000 0.000000 0.000000 0.000000 0.000000 0.000000 0.000000 0.000000 0.000000 0.000000 0.000000 0.000000 0.000000 0.000000 0.000000 0.000000 0.000000 0.000000 0.000000 0.000000 0.000000 0.000000 0.000000 0.000000 0.000000 0.000000 0.000000 0.000000 0.000000 0.000000 0.000000 0.000000 0.000000 0.000000 0.000000 0.000000 0.000000 0.000000 0.000000 0.000000 0.000000 0.000000 0.000000 0.000000 0.000000 0.000000 0.000000 0.000000 0.000000 0.000000 0.000000 0.000000 0.000000 0.000000 26.848942 26.168320 25.766186 24.280472 22.547068 22.145649 21.127413 20.415052 20.346357 20.158997 19.953051 19.377167 19.367111 19.605526 19.055822 17.828321 14.505721 14.729852 11.917229 9.077038 8.430260 7.991426 7.746781 7.512137 7.333435 7.056307 6.638626 5.880869 3.670266 2.480314 3.175736 4.398376 4.979435 4.665388 4.694658 4.677012 4.581923 4.724775 4.923961 4.980876 5.921834 6.212077 5.901299 6.085219 6.013293 6.224301 6.190338 6.060833 5.985889 5.908128 5.893254 5.831423 5.961124 5.892051 5.757137 5.905358 5.769965 5.657034 5.579652 5.971395 5.672886 5.449347 5.367352 5.236911 5.176527 5.140925 5.029932 5.044847 5.132376 4.981902 4.796203 4.635889 4.786499 5.540063 5.808394 5.724353 6.045008 5.883334 6.062235 6.441679 6.620043 6.611805 7.340429 7.869635 8.970970 9.688511 10.635383 11.516556 12.484235 13.251837 14.052300 14.626598 15.207759 15.854232 16.523935 17.382692 18.444914 18.962725 19.643740 19.803308 19.524790 17.393845 14.647327 14.012510 15.335083 16.829468 19.750542 21.137321 21.155884 21.042831 20.856508 20.858631 21.170860 21.540833 0.000000 0.000000 0.000000 0.000000 0.000000 0.000000 0.000000 0.000000 0.000000 0.000000 0.000000 0.000000 0.000000 0.000000 0.000000 0.000000 0.000000 0.000000 0.000000 0.000000 0.000000 0.000000 0.000000 0.000000 0.000000 0.000000 0.000000 0.000000 0.000000 0.000000 0.000000 0.000000 0.000000 0.000000 0.000000 0.000000 0.000000 0.000000 0.000000 0.000000 0.000000 0.000000 0.000000 0.000000 0.000000 0.000000 0.000000 0.000000 0.000000 0.000000 0.000000 0.000000 0.000000 0.000000 0.000000 0.000000 0.000000 0.000000 0.000000 0.000000 0.000000 0.000000 0.000000 0.000000 0.000000 0.000000 0.000000 
0.000000 0.000000 0.000000 0.000000 0.000000 0.000000 0.000000 0.000000 0.000000 0.000000 0.000000 0.000000 0.000000 0.000000 0.000000 0.000000 0.000000 0.000000 0.000000 0.000000 0.000000 0.000000 0.000000 0.000000 0.000000 0.000000 0.000000 0.000000 0.000000 0.000000 0.000000 0.000000 0.000000 0.000000 0.000000 0.000000 0.000000 0.000000 0.000000 0.000000 0.000000 0.000000 0.000000 0.000000 0.000000 0.000000 0.000000 0.000000 0.000000 0.000000 0.000000 0.000000 0.000000 0.000000 0.000000 0.000000 0.000000 0.000000 0.000000 24.728285 23.924829 23.210623 22.721039 22.134623 21.201628 20.192942 19.707193 19.936035 19.911491 19.314228 18.968090 19.424082 19.343481 18.555311 15.136611 14.036915 11.612231 9.185655 8.643812 8.319583 8.006621 7.573537 7.204024 6.618777 5.907999 4.359228 2.144083 2.121863 4.184580 5.279877 4.907137 4.737371 4.687875 4.740698 4.767256 4.831701 5.053158 5.617159 6.272814 6.079498 6.012359 6.098294 6.135018 6.216069 6.167298 6.083185 6.047705 5.957927 5.881449 5.785057 6.138013 5.838931 5.808466 5.641298 5.656077 5.682587 5.671472 5.515574 5.670988 5.592794 5.394083 5.247735 5.213613 5.231781 5.025636 4.990900 5.019239 4.978598 4.860117 4.803521 4.871962 5.912785 5.690484 5.783809 6.041399 6.054267 6.284973 6.478056 6.817206 6.962269 7.471817 8.437531 9.510545 10.316668 11.260254 11.961646 12.855569 13.671343 14.478673 15.017109 15.416810 16.061831 16.921032 17.770672 18.736155 19.155468 17.994827 17.494280 15.102557 13.977532 14.732366 16.735344 19.082468 20.231798 21.293747 21.551109 21.518730 21.783863 21.494265 21.238045 21.183971 21.629719 0.000000 0.000000 0.000000 0.000000 0.000000 0.000000 0.000000 0.000000 0.000000 0.000000 0.000000 0.000000 0.000000 0.000000 0.000000 0.000000 0.000000 0.000000 0.000000 0.000000 0.000000 0.000000 0.000000 0.000000 0.000000 0.000000 0.000000 0.000000 0.000000 0.000000 0.000000 0.000000 0.000000 0.000000 0.000000 0.000000 0.000000 0.000000 0.000000 0.000000 0.000000 0.000000 0.000000 0.000000 0.000000 0.000000 0.000000 0.000000 0.000000 0.000000 0.000000 0.000000 0.000000 0.000000 0.000000 0.000000 0.000000 0.000000 0.000000 0.000000 0.000000 0.000000 0.000000 0.000000 0.000000 0.000000 0.000000 
0.000000 0.000000 0.000000 0.000000 0.000000 0.000000 0.000000 0.000000 0.000000 0.000000 0.000000 0.000000 0.000000 0.000000 0.000000 0.000000 0.000000 0.000000 0.000000 0.000000 0.000000 0.000000 0.000000 0.000000 0.000000 0.000000 0.000000 0.000000 0.000000 0.000000 0.000000 0.000000 0.000000 0.000000 0.000000 0.000000 0.000000 0.000000 0.000000 0.000000 0.000000 0.000000 0.000000 0.000000 0.000000 0.000000 0.000000 0.000000 0.000000 0.000000 0.000000 0.000000 0.000000 0.000000 0.000000 0.000000 0.000000 0.000000 0.000000 23.682049 22.611362 22.065535 21.704998 20.954865 19.949675 19.386316 18.944761 18.770956 19.274532 19.286575 19.480314 19.802910 20.078897 19.163061 15.584982 14.030589 12.476602 9.442609 8.735204 8.256358 7.799400 7.189647 6.556417 5.803546 4.241814 3.150061 2.267312 3.490234 4.892398 4.909915 4.771053 4.759466 4.813829 4.874393 4.881227 4.869453 5.159373 6.159481 6.247344 6.004166 6.190534 6.161229 6.326676 6.256451 6.225290 6.117665 6.074230 6.003206 5.905505 5.858372 6.046721 5.772274 5.870605 5.682870 5.542018 5.519067 5.582429 5.395574 5.366163 5.429008 5.300031 5.347691 5.402928 5.235621 5.045604 4.990020 4.969348 5.145785 4.929507 4.855610 5.483460 5.700890 5.859317 5.979390 6.145891 6.572670 6.524500 6.665131 6.903296 7.304037 7.822903 9.167070 10.188446 11.046193 11.808015 12.485872 13.305751 14.153565 14.756476 15.147676 15.638581 16.323378 16.943365 17.913303 18.149319 16.677406 14.523065 14.233173 15.338410 16.567564 18.614563 19.942507 20.993439 21.641846 21.884190 22.036200 22.116255 22.264174 21.998859 21.861649 21.748789 0.000000 0.000000 0.000000 0.000000 0.000000 0.000000 0.000000 0.000000 0.000000 0.000000 0.000000 0.000000 0.000000 0.000000 0.000000 0.000000 0.000000 0.000000 0.000000 0.000000 0.000000 0.000000 0.000000 0.000000 0.000000 0.000000 0.000000 0.000000 0.000000 0.000000 0.000000 0.000000 0.000000 0.000000 0.000000 0.000000 0.000000 0.000000 0.000000 0.000000 0.000000 0.000000 0.000000 0.000000 0.000000 0.000000 0.000000 0.000000 0.000000 0.000000 0.000000 0.000000 0.000000 0.000000 0.000000 0.000000 0.000000 0.000000 0.000000 0.000000 0.000000 0.000000 0.000000 0.000000 0.000000 0.000000 0.000000 0.000000 
0.000000 0.000000 0.000000 0.000000 0.000000 0.000000 0.000000 0.000000 0.000000 0.000000 0.000000 0.000000 0.000000 0.000000 0.000000 0.000000 0.000000 0.000000 0.000000 0.000000 0.000000 0.000000 0.000000 0.000000 0.000000 0.000000 0.000000 0.000000 0.000000 0.000000 0.000000 0.000000 0.000000 0.000000 0.000000 0.000000 0.000000 0.000000 0.000000 0.000000 0.000000 0.000000 0.000000 0.000000 0.000000 0.000000 0.000000 0.000000 0.000000 0.000000 0.000000 0.000000 0.000000 0.000000 0.000000 0.000000 0.000000 0.000000 0.000000 24.507961 23.718607 21.963808 21.169191 20.141914 19.486105 18.959242 18.712444 18.643929 19.060879 19.804031 20.697771 20.528305 20.631016 20.092037 17.058140 13.981189 13.178528 9.865328 8.481058 7.997011 7.322520 6.563885 5.797456 4.639358 2.518695 2.629983 3.579270 4.231825 4.740929 5.043503 5.045365 5.017323 4.861506 4.802975 4.909438 5.200901 5.832688 6.374584 6.241417 6.121607 6.217596 6.240030 6.450125 6.312402 6.258808 6.161147 6.132336 6.060918 6.004638 6.009805 5.952815 5.848956 5.926302 5.738680 5.584340 5.481469 5.424896 5.408417 5.447037 5.437841 5.333765 5.069093 5.353926 5.393587 5.187694 5.071722 5.042148 5.127891 5.045500 4.987861 6.417838 5.893572 6.220357 6.358434 6.487713 6.623500 6.422007 6.753530 7.075741 7.705997 8.642366 10.003447 10.883544 11.748367 12.611335 13.046165 13.855646 14.565433 14.924431 15.800668 16.288153 16.738218 16.833389 15.213105 14.455578 14.549212 16.592472 18.572744 20.471403 20.496157 21.353807 21.689770 22.018681 22.165731 22.189501 22.493351 22.538315 22.635147 22.361063 22.513784 22.504768 0.000000 0.000000 0.000000 0.000000 0.000000 0.000000 0.000000 0.000000 0.000000 0.000000 0.000000 0.000000 0.000000 0.000000 0.000000 0.000000 0.000000 0.000000 0.000000 0.000000 0.000000 0.000000 0.000000 0.000000 0.000000 0.000000 0.000000 0.000000 0.000000 0.000000 0.000000 0.000000 0.000000 0.000000 0.000000 0.000000 0.000000 0.000000 0.000000 0.000000 0.000000 0.000000 0.000000 0.000000 0.000000 0.000000 0.000000 0.000000 0.000000 0.000000 0.000000 0.000000 0.000000 0.000000 0.000000 0.000000 0.000000 0.000000 0.000000 0.000000 0.000000 0.000000 0.000000 0.000000 0.000000 0.000000 0.000000 0.000000 
0.000000 0.000000 0.000000 0.000000 0.000000 0.000000 0.000000 0.000000 0.000000 0.000000 0.000000 0.000000 0.000000 0.000000 0.000000 0.000000 0.000000 0.000000 0.000000 0.000000 0.000000 0.000000 0.000000 0.000000 0.000000 0.000000 0.000000 0.000000 0.000000 0.000000 0.000000 0.000000 0.000000 0.000000 0.000000 0.000000 0.000000 0.000000 0.000000 0.000000 0.000000 0.000000 0.000000 0.000000 0.000000 0.000000 0.000000 0.000000 0.000000 0.000000 0.000000 0.000000 0.000000 0.000000 0.000000 0.000000 0.000000 0.000000 0.000000 26.959366 25.702719 23.250582 23.222816 21.950830 20.800200 19.670532 19.138443 19.280687 19.282221 20.413553 20.936920 20.806459 20.739952 20.381777 18.103598 14.189751 13.154759 10.546920 8.253580 7.553340 6.672067 5.807580 5.130087 4.107579 2.475486 3.836469 5.017541 4.918346 4.751454 5.210871 5.477127 5.520945 5.372755 5.296528 5.268791 5.398434 6.203435 6.482642 6.444355 6.328475 6.337308 6.346748 6.473808 6.416962 6.308070 6.272237 6.223481 6.155093 6.006144 6.117186 6.031857 5.959019 6.018590 5.754291 5.620831 5.466780 5.450841 5.496817 5.513873 5.470259 5.426170 5.393094 5.376362 5.344069 5.311800 5.233956 5.176698 5.064985 4.908535 5.641254 6.599417 6.551138 6.655766 6.512333 6.852329 6.493014 6.327632 6.728129 7.158219 8.058532 9.702557 10.787056 11.694852 12.397449 13.189122 13.892532 14.456936 14.957622 15.296425 15.639575 15.200760 14.725153 14.058084 15.125291 17.961634 19.786377 20.934401 22.040190 22.396763 22.045008 22.549698 22.508127 22.387609 22.379383 22.619720 23.013126 22.848616 23.150421 23.177444 22.997759 0.000000 0.000000 0.000000 0.000000 0.000000 0.000000 0.000000 0.000000 0.000000 0.000000 0.000000 0.000000 0.000000 0.000000 0.000000 0.000000 0.000000 0.000000 0.000000 0.000000 0.000000 0.000000 0.000000 0.000000 0.000000 0.000000 0.000000 0.000000 0.000000 0.000000 0.000000 0.000000 0.000000 0.000000 0.000000 0.000000 0.000000 0.000000 0.000000 0.000000 0.000000 0.000000 0.000000 0.000000 0.000000 0.000000 0.000000 0.000000 0.000000 0.000000 0.000000 0.000000 0.000000 0.000000 0.000000 0.000000 0.000000 0.000000 0.000000 0.000000 0.000000 0.000000 0.000000 0.000000 0.000000 0.000000 0.000000 0.000000 0.000000 
0.000000 0.000000 0.000000 0.000000 0.000000 0.000000 0.000000 0.000000 0.000000 0.000000 0.000000 0.000000 0.000000 0.000000 0.000000 0.000000 0.000000 0.000000 0.000000 0.000000 0.000000 0.000000 0.000000 0.000000 0.000000 0.000000 0.000000 0.000000 0.000000 0.000000 0.000000 0.000000 0.000000 0.000000 0.000000 0.000000 0.000000 0.000000 0.000000 0.000000 0.000000 0.000000 0.000000 0.000000 0.000000 0.000000 0.000000 0.000000 0.000000 0.000000 0.000000 0.000000 0.000000 0.000000 0.000000 0.000000 0.000000 0.000000 0.000000 0.000000 27.328794 25.815155 25.244690 23.289530 21.841860 20.988953 20.616220 20.283739 20.409796 21.394278 21.169073 20.862761 20.463453 20.164831 18.368969 14.675418 13.628722 11.737611 8.123405 6.976824 5.964026 5.204856 4.868144 4.013777 2.608323 4.679534 5.389667 5.212333 4.781513 5.296606 5.648391 5.620272 5.677338 5.621194 5.689754 6.015993 6.377830 6.486947 6.464865 6.428331 6.512987 6.480185 6.464480 6.442394 6.301579 6.305532 6.268268 6.272104 6.106427 6.260892 6.077358 6.112578 6.042463 5.754802 5.653932 5.549166 5.521393 5.606291 5.621204 5.538646 5.382551 5.416996 5.418686 5.352254 5.295860 5.227662 5.202218 5.230950 4.919949 6.130249 6.617942 6.777598 6.927079 6.869375 6.600788 6.170308 6.540083 6.861866 7.226423 8.173076 9.962366 10.923187 12.181931 13.038466 13.738729 14.253706 14.631635 14.821363 14.686332 14.095448 13.856912 14.614419 17.086357 20.211782 21.574068 22.223583 22.609228 22.836716 23.081652 23.068100 22.668091 22.781916 23.166599 23.134014 23.180174 23.277271 23.345501 23.631153 23.699694 23.396349 0.000000 0.000000 0.000000 0.000000 0.000000 0.000000 0.000000 0.000000 0.000000 0.000000 0.000000 0.000000 0.000000 0.000000 0.000000 0.000000 0.000000 0.000000 0.000000 0.000000 0.000000 0.000000 0.000000 0.000000 0.000000 0.000000 0.000000 0.000000 0.000000 0.000000 0.000000 0.000000 0.000000 0.000000 0.000000 0.000000 0.000000 0.000000 0.000000 0.000000 0.000000 0.000000 0.000000 0.000000 0.000000 0.000000 0.000000 0.000000 0.000000 0.000000 0.000000 0.000000 0.000000 0.000000 0.000000 0.000000 0.000000 0.000000 0.000000 0.000000 0.000000 0.000000 0.000000 0.000000 0.000000 0.000000 0.000000 0.000000 0.000000 
0.000000 0.000000 0.000000 0.000000 0.000000 0.000000 0.000000 0.000000 0.000000 0.000000 0.000000 0.000000 0.000000 0.000000 0.000000 0.000000 0.000000 0.000000 0.000000 0.000000 0.000000 0.000000 0.000000 0.000000 0.000000 0.000000 0.000000 0.000000 0.000000 0.000000 0.000000 0.000000 0.000000 0.000000 0.000000 0.000000 0.000000 0.000000 0.000000 0.000000 0.000000 0.000000 0.000000 0.000000 0.000000 0.000000 0.000000 0.000000 0.000000 0.000000 0.000000 0.000000 0.000000 0.000000 0.000000 0.000000 0.000000 0.000000 0.000000 0.000000 27.103832 25.988146 24.900839 23.380890 22.131449 22.484667 21.930367 21.824854 22.172310 21.816961 21.470936 20.908485 20.460279 20.058170 17.557335 14.916333 13.741932 12.896553 8.731440 6.412111 5.429372 4.882393 4.668811 3.371329 3.137949 4.908048 5.428613 5.383359 4.912324 5.267065 5.568161 5.736237 5.861845 6.249117 6.114575 6.263621 6.495893 6.531954 6.421496 6.384939 6.437523 6.770449 6.947494 6.709185 6.378366 6.336937 6.324807 6.333925 6.274894 6.264363 6.153650 6.229785 6.170121 5.868105 5.630935 5.637474 5.605804 5.653071 5.616691 5.627248 5.356555 5.437471 5.346728 5.357502 5.297682 5.263491 5.210317 5.140361 5.209139 6.058009 6.470397 6.767045 6.671273 6.697546 6.740405 6.640739 6.660505 6.876367 7.524418 8.631200 10.423506 11.312877 12.398264 13.497070 14.158759 14.559928 14.655831 14.196456 13.823195 15.040874 16.832241 17.628521 19.374559 20.624369 22.176735 22.829388 23.098797 22.949568 23.372458 23.482517 23.707935 23.062614 23.792990 23.835745 23.937754 23.965689 24.059822 24.034998 23.985220 0.000000 0.000000 0.000000 0.000000 0.000000 0.000000 0.000000 0.000000 0.000000 0.000000 0.000000 0.000000 0.000000 0.000000 0.000000 0.000000 0.000000 0.000000 0.000000 0.000000 0.000000 0.000000 0.000000 0.000000 0.000000 0.000000 0.000000 0.000000 0.000000 0.000000 0.000000 0.000000 0.000000 0.000000 0.000000 0.000000 0.000000 0.000000 0.000000 0.000000 0.000000 0.000000 0.000000 0.000000 0.000000 0.000000 0.000000 0.000000 0.000000 0.000000 0.000000 0.000000 0.000000 0.000000 0.000000 0.000000 0.000000 0.000000 0.000000 0.000000 0.000000 0.000000 0.000000 0.000000 0.000000 0.000000 0.000000 0.000000 0.000000 0.000000 
0.000000 0.000000 0.000000 0.000000 0.000000 0.000000 0.000000 0.000000 0.000000 0.000000 0.000000 0.000000 0.000000 0.000000 0.000000 0.000000 0.000000 0.000000 0.000000 0.000000 0.000000 0.000000 0.000000 0.000000 0.000000 0.000000 0.000000 0.000000 0.000000 0.000000 0.000000 0.000000 0.000000 0.000000 0.000000 0.000000 0.000000 0.000000 0.000000 0.000000 0.000000 0.000000 0.000000 0.000000 0.000000 0.000000 0.000000 0.000000 0.000000 0.000000 0.000000 0.000000 0.000000 0.000000 0.000000 0.000000 0.000000 0.000000 0.000000 0.000000 26.008148 25.107250 23.861782 23.013556 23.041174 24.681210 23.305794 23.472023 23.332289 22.140118 21.649683 21.059870 20.623793 20.724331 19.512665 14.871334 13.733511 13.541520 10.192524 6.586971 6.039439 5.278157 4.632873 3.811140 3.286092 4.905398 5.679507 5.545987 5.228566 5.150447 5.537897 5.855045 6.119967 6.328495 6.339092 6.430465 6.483181 6.341501 6.350994 6.297369 6.381175 7.012912 7.408947 7.265584 6.374492 6.299805 6.353339 6.381214 6.451159 6.329216 6.312548 6.303732 6.068899 5.910999 5.715327 5.702406 5.661336 5.695146 5.636367 5.651707 5.374505 5.460641 5.423962 5.355564 5.313158 5.335392 5.278147 5.190561 5.814461 6.347053 6.249811 6.710210 6.765318 6.596023 6.706150 6.828574 7.012326 7.165878 7.811588 8.999279 10.596406 11.618127 12.546318 13.514276 14.128273 14.376639 13.721674 14.245391 15.911179 17.491213 19.220476 20.150362 21.132650 22.029423 23.212667 23.721476 23.935410 23.646456 23.868170 23.890381 24.330990 24.360537 23.628637 24.252470 24.636354 24.732290 24.733500 24.397154 24.046440 0.000000 0.000000 0.000000 0.000000 0.000000 0.000000 0.000000 0.000000 0.000000 0.000000 0.000000 0.000000 0.000000 0.000000 0.000000 0.000000 0.000000 0.000000 0.000000 0.000000 0.000000 0.000000 0.000000 0.000000 0.000000 0.000000 0.000000 0.000000 0.000000 0.000000 0.000000 0.000000 0.000000 0.000000 0.000000 0.000000 0.000000 0.000000 0.000000 0.000000 0.000000 0.000000 0.000000 0.000000 0.000000 0.000000 0.000000 0.000000 0.000000 0.000000 0.000000 0.000000 0.000000 0.000000 0.000000 0.000000 0.000000 0.000000 0.000000 0.000000 0.000000 0.000000 0.000000 0.000000 0.000000 0.000000 0.000000 0.000000 0.000000 0.000000 
0.000000 0.000000 0.000000 0.000000 0.000000 0.000000 0.000000 0.000000 0.000000 0.000000 0.000000 0.000000 0.000000 0.000000 0.000000 0.000000 0.000000 0.000000 0.000000 0.000000 0.000000 0.000000 0.000000 0.000000 0.000000 0.000000 0.000000 0.000000 0.000000 0.000000 0.000000 0.000000 0.000000 0.000000 0.000000 0.000000 0.000000 0.000000 0.000000 0.000000 0.000000 0.000000 0.000000 0.000000 0.000000 0.000000 0.000000 0.000000 0.000000 0.000000 0.000000 0.000000 0.000000 0.000000 0.000000 0.000000 0.000000 0.000000 0.000000 0.000000 0.000000 28.234882 27.206306 26.325184 25.699879 26.546574 26.039209 25.050388 23.449785 22.489733 21.671045 21.152279 20.673674 20.685049 20.463301 15.927837 14.043516 14.122572 11.709493 7.225042 6.014215 5.181523 4.601693 4.249143 2.861998 4.991355 5.889041 5.685520 5.501968 5.150592 5.492865 6.000325 6.356508 6.529624 6.416866 6.502098 6.596179 6.287721 6.348589 6.289902 6.360264 6.957767 7.177310 6.917180 6.253672 6.222081 6.314204 6.302850 6.303247 6.308949 6.315542 6.295195 6.095578 5.871780 5.744122 5.765250 5.739029 5.791006 5.862444 5.629791 5.468354 5.493191 5.436495 5.357880 5.307680 5.305581 5.311712 5.217298 5.888609 6.241765 6.181276 6.730064 6.431410 6.655419 6.476906 6.523271 6.940915 7.573135 8.438873 9.792038 11.073903 11.938727 12.972721 13.944692 13.931721 13.737347 14.919129 16.795019 17.966135 19.013380 20.031054 21.014980 22.027781 22.491726 23.210398 23.997229 24.336401 24.530151 24.557722 24.711769 24.977018 24.847033 24.832863 24.271074 24.676519 25.014656 25.226324 25.104937 0.000000 0.000000 0.000000 0.000000 0.000000 0.000000 0.000000 0.000000 0.000000 0.000000 0.000000 0.000000 0.000000 0.000000 0.000000 0.000000 0.000000 0.000000 0.000000 0.000000 0.000000 0.000000 0.000000 0.000000 0.000000 0.000000 0.000000 0.000000 0.000000 0.000000 0.000000 0.000000 0.000000 0.000000 0.000000 0.000000 0.000000 0.000000 0.000000 0.000000 0.000000 0.000000 0.000000 0.000000 0.000000 0.000000 0.000000 0.000000 0.000000 0.000000 0.000000 0.000000 0.000000 0.000000 0.000000 0.000000 0.000000 0.000000 0.000000 0.000000 0.000000 0.000000 0.000000 0.000000 0.000000 0.000000 0.000000 0.000000 0.000000 0.000000 0.000000 
0.000000 0.000000 0.000000 0.000000 0.000000 0.000000 0.000000 0.000000 0.000000 0.000000 0.000000 0.000000 0.000000 0.000000 0.000000 0.000000 0.000000 0.000000 0.000000 0.000000 0.000000 0.000000 0.000000 0.000000 0.000000 0.000000 0.000000 0.000000 0.000000 0.000000 0.000000 0.000000 0.000000 0.000000 0.000000 0.000000 0.000000 0.000000 0.000000 0.000000 0.000000 0.000000 0.000000 0.000000 0.000000 0.000000 0.000000 0.000000 0.000000 0.000000 0.000000 0.000000 0.000000 0.000000 0.000000 0.000000 0.000000 0.000000 0.000000 0.000000 0.000000 29.613886 29.345366 29.140211 28.368017 27.653915 26.936071 25.262009 23.479851 22.749903 21.957554 21.528894 21.074179 21.003378 20.208111 17.957106 15.901576 13.749567 13.079130 7.747631 5.289022 4.836115 4.748518 4.446789 3.115338 3.827909 5.459764 5.476990 5.571604 5.440268 5.621405 6.020141 6.256703 6.365167 6.405780 6.543442 6.402762 6.183394 6.265563 6.309735 6.395118 6.622715 7.032967 6.833033 6.305804 6.298732 6.285678 6.212491 6.167188 6.120683 6.177023 6.154704 6.197614 5.961021 5.856862 5.811889 5.844972 5.845066 5.770731 5.579765 5.548008 5.544561 5.454068 5.363104 5.283652 5.238200 5.255752 5.305275 6.178302 6.302212 6.146071 6.522552 6.694802 6.602263 6.604761 6.808257 7.245939 7.807431 8.876926 10.148310 11.487831 12.520068 13.187603 14.319811 13.689326 15.159670 16.768827 17.562679 18.437206 19.312992 20.498093 21.373367 22.266417 22.779484 22.960848 23.797335 24.721203 25.132698 25.342770 25.193291 25.716255 25.648478 25.482567 25.408510 24.740509 25.126850 25.242140 25.473080 0.000000 0.000000 0.000000 0.000000 0.000000 0.000000 0.000000 0.000000 0.000000 0.000000 0.000000 0.000000 0.000000 0.000000 0.000000 0.000000 0.000000 0.000000 0.000000 0.000000 0.000000 0.000000 0.000000 0.000000 0.000000 0.000000 0.000000 0.000000 0.000000 0.000000 0.000000 0.000000 0.000000 0.000000 0.000000 0.000000 0.000000 0.000000 0.000000 0.000000 0.000000 0.000000 0.000000 0.000000 0.000000 0.000000 0.000000 0.000000 0.000000 0.000000 0.000000 0.000000 0.000000 0.000000 0.000000 0.000000 0.000000 0.000000 0.000000 0.000000 0.000000 0.000000 0.000000 0.000000 0.000000 0.000000 0.000000 0.000000 0.000000 0.000000 0.000000 
0.000000 0.000000 0.000000 0.000000 0.000000 0.000000 0.000000 0.000000 0.000000 0.000000 0.000000 0.000000 0.000000 0.000000 0.000000 0.000000 0.000000 0.000000 0.000000 0.000000 0.000000 0.000000 0.000000 0.000000 0.000000 0.000000 0.000000 0.000000 0.000000 0.000000 0.000000 0.000000 0.000000 0.000000 0.000000 0.000000 0.000000 0.000000 0.000000 0.000000 0.000000 0.000000 0.000000 0.000000 0.000000 0.000000 0.000000 0.000000 0.000000 0.000000 0.000000 0.000000 0.000000 0.000000 0.000000 0.000000 0.000000 0.000000 0.000000 0.000000 0.000000 29.929842 29.007292 28.583122 28.355923 27.744278 26.684389 24.721537 23.686207 22.996058 22.255123 22.250856 22.176384 22.226707 20.979168 18.072878 16.815382 14.392980 13.610834 9.348849 5.701033 5.023900 4.740467 4.571623 4.225833 3.011013 2.987308 4.611041 5.428756 5.362405 5.818239 6.233810 6.461278 6.465831 6.421447 6.553029 6.544877 6.228641 6.356274 6.354224 6.381265 6.483028 6.498513 6.477635 6.391332 6.354857 6.353066 6.173645 6.057421 6.054539 5.968509 5.999091 6.167593 6.018692 5.972262 5.926592 5.958318 5.926146 5.863483 5.536974 5.488761 5.429901 5.453976 5.382931 5.329588 5.279484 5.301561 5.546954 6.199773 6.190607 6.467864 6.614488 6.886943 6.830341 6.835263 7.326248 7.575381 8.147741 9.375909 10.468081 11.398698 12.409758 13.511367 13.893524 15.036655 16.247419 17.351809 18.220043 18.748297 19.209000 20.690462 21.772413 22.625721 23.112360 23.557930 23.995058 24.535543 25.323568 25.780956 25.940048 26.169823 25.924482 25.679594 25.492945 25.260151 24.771360 25.603104 0.000000 0.000000 0.000000 0.000000 0.000000 0.000000 0.000000 0.000000 0.000000 0.000000 0.000000 0.000000 0.000000 0.000000 0.000000 0.000000 0.000000 0.000000 0.000000 0.000000 0.000000 0.000000 0.000000 0.000000 0.000000 0.000000 0.000000 0.000000 0.000000 0.000000 0.000000 0.000000 0.000000 0.000000 0.000000 0.000000 0.000000 0.000000 0.000000 0.000000 0.000000 0.000000 0.000000 0.000000 0.000000 0.000000 0.000000 0.000000 0.000000 0.000000 0.000000 0.000000 0.000000 0.000000 0.000000 0.000000 0.000000 0.000000 0.000000 0.000000 0.000000 0.000000 0.000000 0.000000 0.000000 0.000000 0.000000 0.000000 0.000000 0.000000 0.000000 0.000000 
0.000000 0.000000 0.000000 0.000000 0.000000 0.000000 0.000000 0.000000 0.000000 0.000000 0.000000 0.000000 0.000000 0.000000 0.000000 0.000000 0.000000 0.000000 0.000000 0.000000 0.000000 0.000000 0.000000 0.000000 0.000000 0.000000 0.000000 0.000000 0.000000 0.000000 0.000000 0.000000 0.000000 0.000000 0.000000 0.000000 0.000000 0.000000 0.000000 0.000000 0.000000 0.000000 0.000000 0.000000 0.000000 0.000000 0.000000 0.000000 0.000000 0.000000 0.000000 0.000000 0.000000 0.000000 0.000000 0.000000 0.000000 0.000000 0.000000 0.000000 0.000000 30.211468 28.944780 28.378601 27.843567 28.614382 26.169468 24.157490 23.540524 23.109272 22.755001 23.176826 23.066904 23.170601 22.923515 19.358908 16.273582 14.867619 13.557050 11.129478 7.307387 5.649076 5.188134 4.936733 4.687806 3.627681 2.387561 3.329760 4.885110 5.366136 5.804505 6.305819 6.511133 6.477775 6.578847 6.699934 6.668865 6.335170 6.512411 6.546085 6.585847 6.672029 6.693483 6.784038 6.585387 6.556961 6.512943 6.322348 6.206397 6.069337 6.006763 5.955720 6.063616 6.046797 6.021959 6.051980 6.120976 5.987117 5.798537 5.580775 5.531313 5.458492 5.422348 5.369221 5.402418 5.417482 5.338102 6.001101 6.364051 6.408878 6.397091 6.572107 6.600642 6.844203 6.754825 7.091568 7.671868 8.379576 9.786349 10.553362 11.111841 12.433291 13.650710 15.052762 16.360226 16.805048 17.652485 18.586720 19.609211 20.203083 21.202869 22.314800 22.705770 23.380707 24.181976 24.412882 24.896835 25.373579 25.921238 26.280802 26.564922 26.100641 25.844627 25.784990 25.352480 25.460443 25.384958 0.000000 0.000000 0.000000 0.000000 0.000000 0.000000 0.000000 0.000000 0.000000 0.000000 0.000000 0.000000 0.000000 0.000000 0.000000 0.000000 0.000000 0.000000 0.000000 0.000000 0.000000 0.000000 0.000000 0.000000 0.000000 0.000000 0.000000 0.000000 0.000000 0.000000 0.000000 0.000000 0.000000 0.000000 0.000000 0.000000 0.000000 0.000000 0.000000 0.000000 0.000000 0.000000 0.000000 0.000000 0.000000 0.000000 0.000000 0.000000 0.000000 0.000000 0.000000 0.000000 0.000000 0.000000 0.000000 0.000000 0.000000 0.000000 0.000000 0.000000 0.000000 0.000000 0.000000 0.000000 0.000000 0.000000 0.000000 0.000000 0.000000 0.000000 0.000000 0.000000 
0.000000 0.000000 0.000000 0.000000 0.000000 0.000000 0.000000 0.000000 0.000000 0.000000 0.000000 0.000000 0.000000 0.000000 0.000000 0.000000 0.000000 0.000000 0.000000 0.000000 0.000000 0.000000 0.000000 0.000000 0.000000 0.000000 0.000000 0.000000 0.000000 0.000000 0.000000 0.000000 0.000000 0.000000 0.000000 0.000000 0.000000 0.000000 0.000000 0.000000 0.000000 0.000000 0.000000 0.000000 0.000000 0.000000 0.000000 0.000000 0.000000 0.000000 0.000000 0.000000 0.000000 0.000000 0.000000 0.000000 0.000000 0.000000 0.000000 0.000000 0.000000 0.000000 28.904398 28.281752 29.152901 27.976332 25.500740 24.435062 23.558487 23.378656 23.466755 23.912598 23.917437 23.834723 24.022835 21.658447 16.851160 15.039430 13.815032 13.082720 8.912363 6.492596 5.636631 5.272531 5.187357 4.615579 2.994187 3.503373 5.413995 6.161812 6.603673 6.445213 6.467879 6.510058 6.674212 6.875870 6.689465 6.429679 6.621966 6.702216 6.697440 6.777668 6.830838 6.961417 6.821122 6.702221 6.654527 6.472216 6.352839 6.255220 6.141594 6.041566 6.066769 5.927900 5.909475 6.012094 6.082251 6.062289 5.910933 5.774367 5.707580 5.635122 5.556189 5.524338 5.484012 5.453411 5.371275 6.349615 6.435479 6.542981 6.448995 6.212899 6.543560 6.727215 6.953695 7.329920 7.897974 8.974643 9.954289 10.587875 11.161452 13.052113 14.275796 15.996542 16.343786 17.424881 18.233627 19.075062 20.001633 21.286118 22.198469 22.584892 23.386417 24.113428 24.374559 24.617311 25.345892 25.793699 25.876776 26.219490 26.757208 26.492306 26.356157 25.426960 24.962704 25.336945 0.000000 0.000000 0.000000 0.000000 0.000000 0.000000 0.000000 0.000000 0.000000 0.000000 0.000000 0.000000 0.000000 0.000000 0.000000 0.000000 0.000000 0.000000 0.000000 0.000000 0.000000 0.000000 0.000000 0.000000 0.000000 0.000000 0.000000 0.000000 0.000000 0.000000 0.000000 0.000000 0.000000 0.000000 0.000000 0.000000 0.000000 0.000000 0.000000 0.000000 0.000000 0.000000 0.000000 0.000000 0.000000 0.000000 0.000000 0.000000 0.000000 0.000000 0.000000 0.000000 0.000000 0.000000 0.000000 0.000000 0.000000 0.000000 0.000000 0.000000 0.000000 0.000000 0.000000 0.000000 0.000000 0.000000 0.000000 0.000000 0.000000 0.000000 0.000000 0.000000 0.000000 
0.000000 0.000000 0.000000 0.000000 0.000000 0.000000 0.000000 0.000000 0.000000 0.000000 0.000000 0.000000 0.000000 0.000000 0.000000 0.000000 0.000000 0.000000 0.000000 0.000000 0.000000 0.000000 0.000000 0.000000 0.000000 0.000000 0.000000 0.000000 0.000000 0.000000 0.000000 0.000000 0.000000 0.000000 0.000000 0.000000 0.000000 0.000000 0.000000 0.000000 0.000000 0.000000 0.000000 0.000000 0.000000 0.000000 0.000000 0.000000 0.000000 0.000000 0.000000 0.000000 0.000000 0.000000 0.000000 0.000000 0.000000 0.000000 0.000000 0.000000 0.000000 0.000000 28.741526 28.492123 28.287336 26.945797 25.948805 24.693424 23.721315 23.623127 24.143629 24.183355 24.148376 23.750223 24.375813 23.634380 19.284689 15.203514 13.786853 13.491710 10.702402 7.384723 5.531807 5.548301 5.265949 5.086435 4.614414 3.840593 5.122781 6.465425 7.722607 6.082965 6.447149 6.523579 6.680883 6.883203 6.773973 6.596384 6.694474 6.794816 6.817011 6.884796 6.899770 6.919859 6.860698 6.806198 6.715093 6.568632 6.446536 6.347682 6.266376 6.130270 6.118317 5.959296 5.899799 5.855906 5.925744 5.960581 5.830373 5.797003 5.731717 5.676096 5.665658 5.631185 5.577785 5.470414 5.389308 6.361408 6.690646 6.317499 6.041671 6.313660 6.413567 6.768677 7.039321 7.288027 7.379297 8.737779 9.778029 10.477498 12.307202 13.600056 14.858177 15.854535 16.722948 17.930599 18.938807 19.808577 21.124895 21.864361 22.577642 23.323370 23.754232 24.373266 24.861538 25.378233 25.476509 25.925093 25.844168 26.292244 26.860565 26.889185 26.348270 25.322187 25.143200 25.289083 0.000000 0.000000 0.000000 0.000000 0.000000 0.000000 0.000000 0.000000 0.000000 0.000000 0.000000 0.000000 0.000000 0.000000 0.000000 0.000000 0.000000 0.000000 0.000000 0.000000 0.000000 0.000000 0.000000 0.000000 0.000000 0.000000 0.000000 0.000000 0.000000 0.000000 0.000000 0.000000 0.000000 0.000000 0.000000 0.000000 0.000000 0.000000 0.000000 0.000000 0.000000 0.000000 0.000000 0.000000 0.000000 0.000000 0.000000 0.000000 0.000000 0.000000 0.000000 0.000000 0.000000 0.000000 0.000000 0.000000 0.000000 0.000000 0.000000 0.000000 0.000000 0.000000 0.000000 0.000000 0.000000 0.000000 0.000000 0.000000 0.000000 0.000000 0.000000 0.000000 0.000000 
0.000000 0.000000 0.000000 0.000000 0.000000 0.000000 0.000000 0.000000 0.000000 0.000000 0.000000 0.000000 0.000000 0.000000 0.000000 0.000000 0.000000 0.000000 0.000000 0.000000 0.000000 0.000000 0.000000 0.000000 0.000000 0.000000 0.000000 0.000000 0.000000 0.000000 0.000000 0.000000 0.000000 0.000000 0.000000 0.000000 0.000000 0.000000 0.000000 0.000000 0.000000 0.000000 0.000000 0.000000 0.000000 0.000000 0.000000 0.000000 0.000000 0.000000 0.000000 0.000000 0.000000 0.000000 0.000000 0.000000 0.000000 0.000000 0.000000 0.000000 0.000000 0.000000 28.969614 28.581104 27.743973 26.734949 25.677401 24.860115 24.274748 24.107986 24.491432 24.529816 24.288076 24.014048 24.217936 24.858358 22.152622 16.989061 13.999104 13.480337 13.102302 9.049611 5.903845 5.415651 5.198755 5.278638 5.252972 4.567498 4.031648 5.303510 6.810496 6.236193 6.452236 6.503956 6.843037 6.878080 6.814415 6.831713 6.712687 6.742590 6.971200 6.990593 6.855055 6.848884 6.928624 6.914635 6.761710 6.647136 6.567577 6.486151 6.394885 6.255579 6.181285 6.109964 6.009254 5.918917 5.854237 5.885630 5.929045 5.822477 5.725361 5.717277 5.675518 5.703866 5.649611 5.468445 5.646359 6.519092 7.000743 6.824011 6.391878 6.199890 6.436678 6.826506 6.931790 6.872883 7.040122 8.190095 8.923814 10.686790 12.996466 13.996889 15.551931 16.072325 16.929451 18.199747 19.306681 20.350235 21.735113 22.660940 23.316748 23.745823 24.455069 24.992537 25.297169 25.625847 26.118656 26.181784 25.940519 26.116331 26.583954 26.937614 26.217308 25.535664 25.412975 0.000000 0.000000 0.000000 0.000000 0.000000 0.000000 0.000000 0.000000 0.000000 0.000000 0.000000 0.000000 0.000000 0.000000 0.000000 0.000000 0.000000 0.000000 0.000000 0.000000 0.000000 0.000000 0.000000 0.000000 0.000000 0.000000 0.000000 0.000000 0.000000 0.000000 0.000000 0.000000 0.000000 0.000000 0.000000 0.000000 0.000000 0.000000 0.000000 0.000000 0.000000 0.000000 0.000000 0.000000 0.000000 0.000000 0.000000 0.000000 0.000000 0.000000 0.000000 0.000000 0.000000 0.000000 0.000000 0.000000 0.000000 0.000000 0.000000 0.000000 0.000000 0.000000 0.000000 0.000000 0.000000 0.000000 0.000000 0.000000 0.000000 0.000000 0.000000 0.000000 0.000000 0.000000 
0.000000 0.000000 0.000000 0.000000 0.000000 0.000000 0.000000 0.000000 0.000000 0.000000 0.000000 0.000000 0.000000 0.000000 0.000000 0.000000 0.000000 0.000000 0.000000 0.000000 0.000000 0.000000 0.000000 0.000000 0.000000 0.000000 0.000000 0.000000 0.000000 0.000000 0.000000 0.000000 0.000000 0.000000 0.000000 0.000000 0.000000 0.000000 0.000000 0.000000 0.000000 0.000000 0.000000 0.000000 0.000000 0.000000 0.000000 0.000000 0.000000 0.000000 0.000000 0.000000 0.000000 0.000000 0.000000 0.000000 0.000000 0.000000 0.000000 0.000000 0.000000 0.000000 0.000000 28.421141 27.659330 26.748644 25.845411 25.498310 24.778002 24.829590 24.827499 24.733049 24.595440 24.431906 24.439241 24.961512 22.077335 16.120325 13.873280 13.467700 13.650752 10.991397 7.969462 5.450058 5.352929 5.282915 5.115611 5.104478 4.255803 5.014735 6.240061 6.617280 6.863239 6.369771 6.651614 6.741355 6.817866 7.017787 6.897207 6.810212 6.810091 6.831165 6.988494 6.981892 6.936672 6.913129 6.818271 6.709174 6.615484 6.504486 6.412128 6.329946 6.244287 6.226551 6.092736 6.107504 6.120906 5.976882 5.894226 5.828012 5.805492 5.686232 5.637299 5.660463 5.673765 5.391541 6.329160 7.378532 6.850691 6.970163 6.577055 6.623328 6.671985 6.550290 6.631989 6.943513 7.108387 7.742508 9.063591 11.934509 13.605187 14.794694 15.651242 16.364067 17.322269 18.559278 19.837030 20.939720 22.316196 23.024191 23.907116 24.419142 24.759737 25.190943 26.008553 26.357227 26.370365 26.522482 26.048223 25.993435 26.188183 26.729790 26.878197 26.781460 25.936953 0.000000 0.000000 0.000000 0.000000 0.000000 0.000000 0.000000 0.000000 0.000000 0.000000 0.000000 0.000000 0.000000 0.000000 0.000000 0.000000 0.000000 0.000000 0.000000 0.000000 0.000000 0.000000 0.000000 0.000000 0.000000 0.000000 0.000000 0.000000 0.000000 0.000000 0.000000 0.000000 0.000000 0.000000 0.000000 0.000000 0.000000 0.000000 0.000000 0.000000 0.000000 0.000000 0.000000 0.000000 0.000000 0.000000 0.000000 0.000000 0.000000 0.000000 0.000000 0.000000 0.000000 0.000000 0.000000 0.000000 0.000000 0.000000 0.000000 0.000000 0.000000 0.000000 0.000000 0.000000 0.000000 0.000000 0.000000 0.000000 0.000000 0.000000 0.000000 0.000000 0.000000 0.000000 
0.000000 0.000000 0.000000 0.000000 0.000000 0.000000 0.000000 0.000000 0.000000 0.000000 0.000000 0.000000 0.000000 0.000000 0.000000 0.000000 0.000000 0.000000 0.000000 0.000000 0.000000 0.000000 0.000000 0.000000 0.000000 0.000000 0.000000 0.000000 0.000000 0.000000 0.000000 0.000000 0.000000 0.000000 0.000000 0.000000 0.000000 0.000000 0.000000 0.000000 0.000000 0.000000 0.000000 0.000000 0.000000 0.000000 0.000000 0.000000 0.000000 0.000000 0.000000 0.000000 0.000000 0.000000 0.000000 0.000000 0.000000 0.000000 0.000000 0.000000 0.000000 0.000000 0.000000 28.170580 27.615147 26.482800 26.062231 25.565393 25.072720 25.235781 25.375187 25.081121 24.960697 24.762001 25.091537 24.888327 20.111956 14.684502 14.896297 14.601959 13.202522 13.286463 9.844097 6.451956 5.508692 5.403986 5.270338 5.238257 5.073711 4.461604 5.294473 6.362981 6.652364 6.116532 6.323255 6.664229 6.867094 6.884218 6.957428 7.047426 7.031670 6.919816 7.069343 7.016713 7.058142 6.985007 6.982552 6.852983 6.754320 6.626841 6.515924 6.488703 6.365441 6.283308 6.235629 6.208001 6.115946 6.050935 5.991664 5.821080 5.726421 5.720356 5.785121 5.642982 5.585855 5.342298 6.782198 7.100828 6.655177 6.770655 6.518194 6.644524 6.895846 6.821849 7.152892 7.278176 7.284833 7.904019 10.581852 13.334715 13.846841 14.850943 15.871096 16.726795 17.984850 19.395777 20.552948 21.683550 22.809330 23.708508 24.293581 24.954393 25.300135 25.264198 26.103075 26.806208 26.486389 26.153257 25.990116 26.162889 26.192780 26.339962 27.198151 27.220175 0.000000 0.000000 0.000000 0.000000 0.000000 0.000000 0.000000 0.000000 0.000000 0.000000 0.000000 0.000000 0.000000 0.000000 0.000000 0.000000 0.000000 0.000000 0.000000 0.000000 0.000000 0.000000 0.000000 0.000000 0.000000 0.000000 0.000000 0.000000 0.000000 0.000000 0.000000 0.000000 0.000000 0.000000 0.000000 0.000000 0.000000 0.000000 0.000000 0.000000 0.000000 0.000000 0.000000 0.000000 0.000000 0.000000 0.000000 0.000000 0.000000 0.000000 0.000000 0.000000 0.000000 0.000000 0.000000 0.000000 0.000000 0.000000 0.000000 0.000000 0.000000 0.000000 0.000000 0.000000 0.000000 0.000000 0.000000 0.000000 0.000000 0.000000 0.000000 0.000000 0.000000 0.000000 0.000000 
0.000000 0.000000 0.000000 0.000000 0.000000 0.000000 0.000000 0.000000 0.000000 0.000000 0.000000 0.000000 0.000000 0.000000 0.000000 0.000000 0.000000 0.000000 0.000000 0.000000 0.000000 0.000000 0.000000 0.000000 0.000000 0.000000 0.000000 0.000000 0.000000 0.000000 0.000000 0.000000 0.000000 0.000000 0.000000 0.000000 0.000000 0.000000 0.000000 0.000000 0.000000 0.000000 0.000000 0.000000 0.000000 0.000000 0.000000 0.000000 0.000000 0.000000 0.000000 0.000000 0.000000 0.000000 0.000000 0.000000 0.000000 0.000000 0.000000 0.000000 0.000000 0.000000 0.000000 28.197788 27.251675 27.063402 26.311678 25.677814 25.473053 25.879177 25.693405 25.661465 25.458580 25.344345 25.707285 23.760515 17.816191 14.813113 16.176975 15.587049 13.491597 13.062766 10.834628 7.508029 5.748329 5.511806 5.402403 5.278073 5.292608 4.941788 4.730859 5.129433 6.374951 5.879541 6.177345 6.441333 6.892688 7.017320 6.919518 7.140022 7.123022 7.070788 7.022506 7.124805 7.170069 7.077185 6.960769 6.891004 6.805231 6.723500 6.655529 6.558517 6.446329 6.357313 6.257632 6.283571 6.284511 6.048911 6.167880 5.864216 5.765396 5.743183 5.691695 5.691300 5.602450 5.705116 6.723148 6.723093 6.790393 6.940330 7.009038 6.792811 6.948868 6.996618 7.117512 7.440533 7.418153 9.397181 13.037578 13.679369 14.121361 14.807962 15.997955 17.066668 18.561901 20.079487 21.406918 22.640411 23.814640 24.575062 25.245346 25.687010 25.717705 26.162306 26.751688 27.021770 27.171627 26.533056 26.289518 26.431147 26.339546 26.839209 27.327602 27.353146 0.000000 0.000000 0.000000 0.000000 0.000000 0.000000 0.000000 0.000000 0.000000 0.000000 0.000000 0.000000 0.000000 0.000000 0.000000 0.000000 0.000000 0.000000 0.000000 0.000000 0.000000 0.000000 0.000000 0.000000 0.000000 0.000000 0.000000 0.000000 0.000000 0.000000 0.000000 0.000000 0.000000 0.000000 0.000000 0.000000 0.000000 0.000000 0.000000 0.000000 0.000000 0.000000 0.000000 0.000000 0.000000 0.000000 0.000000 0.000000 0.000000 0.000000 0.000000 0.000000 0.000000 0.000000 0.000000 0.000000 0.000000 0.000000 0.000000 0.000000 0.000000 0.000000 0.000000 0.000000 0.000000 0.000000 0.000000 0.000000 0.000000 0.000000 0.000000 0.000000 0.000000 0.000000 0.000000 
0.000000 0.000000 0.000000 0.000000 0.000000 0.000000 0.000000 0.000000 0.000000 0.000000 0.000000 0.000000 0.000000 0.000000 0.000000 0.000000 0.000000 0.000000 0.000000 0.000000 0.000000 0.000000 0.000000 0.000000 0.000000 0.000000 0.000000 0.000000 0.000000 0.000000 0.000000 0.000000 0.000000 0.000000 0.000000 0.000000 0.000000 0.000000 0.000000 0.000000 0.000000 0.000000 0.000000 0.000000 0.000000 0.000000 0.000000 0.000000 0.000000 0.000000 0.000000 0.000000 0.000000 0.000000 0.000000 0.000000 0.000000 0.000000 0.000000 0.000000 0.000000 0.000000 0.000000 0.000000 27.630243 27.573072 26.940765 26.305748 26.048355 26.159454 26.328520 26.300186 26.017887 25.918825 25.779909 21.843817 16.014847 16.068539 17.855459 17.076872 14.949828 12.691704 11.626738 9.001469 6.249607 5.738620 5.541945 5.465947 5.581194 5.491304 4.793454 4.734437 4.578475 5.266999 6.314172 6.290526 6.849474 7.176134 7.041340 7.021779 7.209199 7.124564 7.143645 7.231479 7.198611 7.143673 7.046991 6.993444 6.900486 6.802408 6.732285 6.602561 6.550896 6.425438 6.321228 6.294746 6.222878 6.197814 6.080064 5.913319 5.870595 5.829049 5.793097 5.783267 5.674967 6.214356 6.891828 6.860696 7.233718 6.900475 7.017578 7.092650 7.377522 7.477335 7.733175 7.976770 8.540122 11.610478 13.429444 14.128480 14.232121 14.918695 16.160362 17.725754 19.430204 20.720793 22.505005 23.915342 25.024824 25.648470 25.923508 26.248884 26.623960 26.670166 26.662230 27.129782 27.160141 26.670628 26.804029 26.949251 26.610134 26.770203 27.086912 0.000000 0.000000 0.000000 0.000000 0.000000 0.000000 0.000000 0.000000 0.000000 0.000000 0.000000 0.000000 0.000000 0.000000 0.000000 0.000000 0.000000 0.000000 0.000000 0.000000 0.000000 0.000000 0.000000 0.000000 0.000000 0.000000 0.000000 0.000000 0.000000 0.000000 0.000000 0.000000 0.000000 0.000000 0.000000 0.000000 0.000000 0.000000 0.000000 0.000000 0.000000 0.000000 0.000000 0.000000 0.000000 0.000000 0.000000 0.000000 0.000000 0.000000 0.000000 0.000000 0.000000 0.000000 0.000000 0.000000 0.000000 0.000000 0.000000 0.000000 0.000000 0.000000 0.000000 0.000000 0.000000 0.000000 0.000000 0.000000 0.000000 0.000000 0.000000 0.000000 0.000000 0.000000 0.000000 0.000000 
0.000000 0.000000 0.000000 0.000000 0.000000 0.000000 0.000000 0.000000 0.000000 0.000000 0.000000 0.000000 0.000000 0.000000 0.000000 0.000000 0.000000 0.000000 0.000000 0.000000 0.000000 0.000000 0.000000 0.000000 0.000000 0.000000 0.000000 0.000000 0.000000 0.000000 0.000000 0.000000 0.000000 0.000000 0.000000 0.000000 0.000000 0.000000 0.000000 0.000000 0.000000 0.000000 0.000000 0.000000 0.000000 0.000000 0.000000 0.000000 0.000000 0.000000 0.000000 0.000000 0.000000 0.000000 0.000000 0.000000 0.000000 0.000000 0.000000 0.000000 0.000000 0.000000 0.000000 0.000000 28.426611 27.897459 27.373903 26.958296 26.748440 26.954639 27.073063 26.879122 26.564093 26.296654 25.075232 19.646603 15.755751 18.509533 21.972754 21.016211 18.301390 13.500175 12.376851 10.542781 7.601358 6.172390 5.829427 5.744646 5.838152 5.884883 5.467385 5.003989 4.070721 4.126243 5.912245 6.157957 6.776392 7.024746 7.114430 7.105074 7.235113 7.241211 7.147846 7.243702 7.260213 7.171596 7.163173 7.028571 7.016555 6.914177 6.827324 6.645952 6.636013 6.515296 6.462377 6.367056 6.196747 6.245026 6.125891 6.013595 5.963528 5.919577 5.965743 5.929769 5.719445 6.451156 7.138494 7.276120 7.098772 6.847887 7.210412 7.543541 7.820511 8.315256 8.575494 9.367358 10.785753 13.013900 13.890845 14.111133 14.307455 14.916764 16.456764 18.248169 20.121502 22.051655 23.640450 24.819765 25.731390 26.392357 26.745344 27.083355 27.330656 27.251644 26.976450 27.007721 26.621881 26.675945 26.729719 27.551506 26.814913 27.869814 27.223764 0.000000 0.000000 0.000000 0.000000 0.000000 0.000000 0.000000 0.000000 0.000000 0.000000 0.000000 0.000000 0.000000 0.000000 0.000000 0.000000 0.000000 0.000000 0.000000 0.000000 0.000000 0.000000 0.000000 0.000000 0.000000 0.000000 0.000000 0.000000 0.000000 0.000000 0.000000 0.000000 0.000000 0.000000 0.000000 0.000000 0.000000 0.000000 0.000000 0.000000 0.000000 0.000000 0.000000 0.000000 0.000000 0.000000 0.000000 0.000000 0.000000 0.000000 0.000000 0.000000 0.000000 0.000000 0.000000 0.000000 0.000000 0.000000 0.000000 0.000000 0.000000 0.000000 0.000000 0.000000 0.000000 0.000000 0.000000 0.000000 0.000000 0.000000 0.000000 0.000000 0.000000 0.000000 0.000000 0.000000 
0.000000 0.000000 0.000000 0.000000 0.000000 0.000000 0.000000 0.000000 0.000000 0.000000 0.000000 0.000000 0.000000 0.000000 0.000000 0.000000 0.000000 0.000000 0.000000 0.000000 0.000000 0.000000 0.000000 0.000000 0.000000 0.000000 0.000000 0.000000 0.000000 0.000000 0.000000 0.000000 0.000000 0.000000 0.000000 0.000000 0.000000 0.000000 0.000000 0.000000 0.000000 0.000000 0.000000 0.000000 0.000000 0.000000 0.000000 0.000000 0.000000 0.000000 0.000000 0.000000 0.000000 0.000000 0.000000 0.000000 0.000000 0.000000 0.000000 0.000000 0.000000 0.000000 0.000000 0.000000 29.372948 29.137539 28.550158 28.159811 27.675533 27.684816 28.144440 28.183376 27.149614 26.188019 23.234581 17.313414 17.985245 23.097626 25.105379 24.404922 22.011679 15.850092 12.288720 10.838769 8.911744 6.920879 6.345359 6.068843 6.143239 6.335118 6.150168 5.674552 4.663582 3.987839 4.030615 4.774779 5.930915 6.612165 7.019487 7.130897 7.133181 7.279617 7.233103 7.321504 7.280134 7.290112 7.275852 7.167713 7.178037 7.046038 6.877078 6.712878 6.702053 6.629434 6.549689 6.408919 6.276943 6.325114 6.218458 6.189946 6.078159 6.041659 5.982697 5.904846 5.749924 6.685309 7.089148 7.050247 7.088905 6.992269 7.623672 7.631055 8.206951 8.995218 9.485071 10.763174 12.520853 13.506003 14.013747 13.977179 14.355387 15.087958 16.825289 18.791399 20.962206 22.840258 24.485109 25.527370 26.436584 26.895622 27.267406 27.016108 27.095619 27.352636 27.349901 27.461277 26.798250 27.051620 27.075373 27.547224 27.547943 28.073727 0.000000 0.000000 0.000000 0.000000 0.000000 0.000000 0.000000 0.000000 0.000000 0.000000 0.000000 0.000000 0.000000 0.000000 0.000000 0.000000 0.000000 0.000000 0.000000 0.000000 0.000000 0.000000 0.000000 0.000000 0.000000 0.000000 0.000000 0.000000 0.000000 0.000000 0.000000 0.000000 0.000000 0.000000 0.000000 0.000000 0.000000 0.000000 0.000000 0.000000 0.000000 0.000000 0.000000 0.000000 0.000000 0.000000 0.000000 0.000000 0.000000 0.000000 0.000000 0.000000 0.000000 0.000000 0.000000 0.000000 0.000000 0.000000 0.000000 0.000000 0.000000 0.000000 0.000000 0.000000 0.000000 0.000000 0.000000 0.000000 0.000000 0.000000 0.000000 0.000000 0.000000 0.000000 0.000000 0.000000 0.000000 
0.000000 0.000000 0.000000 0.000000 0.000000 0.000000 0.000000 0.000000 0.000000 0.000000 0.000000 0.000000 0.000000 0.000000 0.000000 0.000000 0.000000 0.000000 0.000000 0.000000 0.000000 0.000000 0.000000 0.000000 0.000000 0.000000 0.000000 0.000000 0.000000 0.000000 0.000000 0.000000 0.000000 0.000000 0.000000 0.000000 0.000000 0.000000 0.000000 0.000000 0.000000 0.000000 0.000000 0.000000 0.000000 0.000000 0.000000 0.000000 0.000000 0.000000 0.000000 0.000000 0.000000 0.000000 0.000000 0.000000 0.000000 0.000000 0.000000 0.000000 0.000000 0.000000 0.000000 0.000000 29.695353 29.543400 29.020588 28.755457 28.517757 28.418293 28.989826 29.069693 27.965626 25.534294 19.986019 17.343342 21.728142 25.651890 26.238394 25.788988 24.273476 18.820301 14.146942 11.469671 10.694278 8.780144 7.227985 6.690981 6.604284 6.754056 6.541895 6.097388 5.617963 4.210044 3.280249 3.866982 5.152847 6.314318 6.933131 7.307313 7.475481 7.444922 7.482537 7.423913 7.510901 7.510691 7.424839 7.328445 7.290226 7.220195 7.142794 6.910098 6.789259 6.704903 6.618253 6.484522 6.390566 6.405262 6.369576 6.254910 6.235429 6.136300 6.010814 5.968036 5.934258 6.629793 6.819072 6.880345 6.865493 7.208101 7.931438 8.242156 9.132969 10.201437 10.846743 12.114825 13.013250 13.416663 13.941718 13.955952 14.577688 15.475782 17.554996 19.249380 21.408751 23.627110 24.736000 26.129303 27.107155 27.453344 27.548841 27.445267 27.271935 27.284250 27.865740 27.650602 27.036879 26.997850 27.112886 27.079996 27.080503 27.213209 0.000000 0.000000 0.000000 0.000000 0.000000 0.000000 0.000000 0.000000 0.000000 0.000000 0.000000 0.000000 0.000000 0.000000 0.000000 0.000000 0.000000 0.000000 0.000000 0.000000 0.000000 0.000000 0.000000 0.000000 0.000000 0.000000 0.000000 0.000000 0.000000 0.000000 0.000000 0.000000 0.000000 0.000000 0.000000 0.000000 0.000000 0.000000 0.000000 0.000000 0.000000 0.000000 0.000000 0.000000 0.000000 0.000000 0.000000 0.000000 0.000000 0.000000 0.000000 0.000000 0.000000 0.000000 0.000000 0.000000 0.000000 0.000000 0.000000 0.000000 0.000000 0.000000 0.000000 0.000000 0.000000 0.000000 0.000000 0.000000 0.000000 0.000000 0.000000 0.000000 0.000000 0.000000 0.000000 0.000000 0.000000 
0.000000 0.000000 0.000000 0.000000 0.000000 0.000000 0.000000 0.000000 0.000000 0.000000 0.000000 0.000000 0.000000 0.000000 0.000000 0.000000 0.000000 0.000000 0.000000 0.000000 0.000000 0.000000 0.000000 0.000000 0.000000 0.000000 0.000000 0.000000 0.000000 0.000000 0.000000 0.000000 0.000000 0.000000 0.000000 0.000000 0.000000 0.000000 0.000000 0.000000 0.000000 0.000000 0.000000 0.000000 0.000000 0.000000 0.000000 0.000000 0.000000 0.000000 0.000000 0.000000 0.000000 0.000000 0.000000 0.000000 0.000000 0.000000 0.000000 0.000000 0.000000 0.000000 0.000000 0.000000 0.000000 30.115763 30.098049 29.686617 29.375767 29.152069 29.211248 29.254652 28.315746 23.633827 18.525494 19.676849 24.620079 25.674719 25.998203 25.997213 25.635654 21.797487 15.899596 12.063967 11.043974 10.389174 9.272635 7.451295 7.148559 6.928863 6.729556 6.416138 6.137313 5.322120 3.363207 3.706831 3.790874 4.938770 7.015467 7.279878 8.071343 8.327004 7.612727 7.584948 7.720000 7.793917 7.688534 7.562854 7.464499 7.394733 7.179207 7.076286 6.932281 6.803519 6.717641 6.551308 6.537002 6.523146 6.455971 6.267042 6.236457 6.211046 6.097162 6.065602 5.998477 6.380893 6.616050 6.699149 6.854515 7.336836 8.131186 9.431821 10.542500 11.360991 12.236574 12.614182 13.017523 13.656215 13.987235 14.276340 14.985697 16.241564 18.182920 19.720984 21.928713 23.700270 25.343298 26.355549 26.973005 27.332277 27.357550 27.701633 27.636370 27.304096 27.338776 27.293232 27.117613 27.283073 27.275082 27.226757 27.277725 26.917322 0.000000 0.000000 0.000000 0.000000 0.000000 0.000000 0.000000 0.000000 0.000000 0.000000 0.000000 0.000000 0.000000 0.000000 0.000000 0.000000 0.000000 0.000000 0.000000 0.000000 0.000000 0.000000 0.000000 0.000000 0.000000 0.000000 0.000000 0.000000 0.000000 0.000000 0.000000 0.000000 0.000000 0.000000 0.000000 0.000000 0.000000 0.000000 0.000000 0.000000 0.000000 0.000000 0.000000 0.000000 0.000000 0.000000 0.000000 0.000000 0.000000 0.000000 0.000000 0.000000 0.000000 0.000000 0.000000 0.000000 0.000000 0.000000 0.000000 0.000000 0.000000 0.000000 0.000000 0.000000 0.000000 0.000000 0.000000 0.000000 0.000000 0.000000 0.000000 0.000000 0.000000 0.000000 0.000000 0.000000 0.000000 
0.000000 0.000000 0.000000 0.000000 0.000000 0.000000 0.000000 0.000000 0.000000 0.000000 0.000000 0.000000 0.000000 0.000000 0.000000 0.000000 0.000000 0.000000 0.000000 0.000000 0.000000 0.000000 0.000000 0.000000 0.000000 0.000000 0.000000 0.000000 0.000000 0.000000 0.000000 0.000000 0.000000 0.000000 0.000000 0.000000 0.000000 0.000000 0.000000 0.000000 0.000000 0.000000 0.000000 0.000000 0.000000 0.000000 0.000000 0.000000 0.000000 0.000000 0.000000 0.000000 0.000000 0.000000 0.000000 0.000000 0.000000 0.000000 0.000000 0.000000 0.000000 0.000000 0.000000 0.000000 0.000000 30.847916 30.499281 30.328873 29.764744 29.806955 29.372728 29.521521 27.581377 22.655228 19.053469 22.142532 25.160837 25.680912 25.973289 26.243013 25.872072 23.342213 17.574564 13.353816 11.119908 10.556168 10.522270 8.836230 7.430391 7.077509 6.817850 6.562762 6.388069 6.207652 4.956508 3.761934 3.366597 3.805006 6.430131 6.762112 6.902390 7.096255 7.272272 7.436230 7.508870 7.565784 7.616821 7.643836 7.620646 7.573238 7.427157 7.443481 7.171515 7.101895 7.021250 7.098433 7.299055 6.727944 6.555658 6.521289 6.419624 6.313617 6.181130 6.139040 6.178358 6.747374 6.724716 6.491492 6.733343 7.798024 8.688756 10.108309 11.654103 12.217528 12.658463 13.138740 13.615713 13.989570 14.532707 14.824717 15.659999 16.846037 18.715620 20.137432 22.120832 23.928392 25.328463 26.144754 26.977144 27.279226 26.954536 27.124599 27.292761 27.437901 27.168304 27.276745 27.271982 27.363859 27.313778 27.559460 27.284882 0.000000 0.000000 0.000000 0.000000 0.000000 0.000000 0.000000 0.000000 0.000000 0.000000 0.000000 0.000000 0.000000 0.000000 0.000000 0.000000 0.000000 0.000000 0.000000 0.000000 0.000000 0.000000 0.000000 0.000000 0.000000 0.000000 0.000000 0.000000 0.000000 0.000000 0.000000 0.000000 0.000000 0.000000 0.000000 0.000000 0.000000 0.000000 0.000000 0.000000 0.000000 0.000000 0.000000 0.000000 0.000000 0.000000 0.000000 0.000000 0.000000 0.000000 0.000000 0.000000 0.000000 0.000000 0.000000 0.000000 0.000000 0.000000 0.000000 0.000000 0.000000 0.000000 0.000000 0.000000 0.000000 0.000000 0.000000 0.000000 0.000000 0.000000 0.000000 0.000000 0.000000 0.000000 0.000000 0.000000 0.000000 0.000000 
0.000000 0.000000 0.000000 0.000000 0.000000 0.000000 0.000000 0.000000 0.000000 0.000000 0.000000 0.000000 0.000000 0.000000 0.000000 0.000000 0.000000 0.000000 0.000000 0.000000 0.000000 0.000000 0.000000 0.000000 0.000000 0.000000 0.000000 0.000000 0.000000 0.000000 0.000000 0.000000 0.000000 0.000000 0.000000 0.000000 0.000000 0.000000 0.000000 0.000000 0.000000 0.000000 0.000000 0.000000 0.000000 0.000000 0.000000 0.000000 0.000000 0.000000 0.000000 0.000000 0.000000 0.000000 0.000000 0.000000 0.000000 0.000000 0.000000 0.000000 0.000000 0.000000 0.000000 0.000000 0.000000 31.283279 31.143480 31.058844 30.567209 30.270014 29.820711 29.768368 27.223301 22.479340 20.027731 22.747869 25.130922 25.491074 25.902395 25.946856 25.889610 24.625380 18.063631 14.115813 11.415765 10.662389 9.984717 9.498176 8.965867 8.606776 8.191289 8.798019 7.358222 6.977618 6.875560 6.608206 5.773611 5.308778 5.095827 5.702440 6.212860 6.783693 7.455660 7.632670 7.991817 8.038106 8.009023 8.009107 7.920817 7.617282 7.559170 7.504100 7.461393 7.397520 7.368177 7.789711 7.738426 7.153643 6.967995 6.936122 6.795054 6.665579 6.521415 6.318829 6.257318 6.752422 6.724877 6.529168 7.276594 8.427311 9.820556 11.217873 12.142649 12.288433 12.845742 13.530534 13.659852 14.042269 14.660243 15.385597 16.225601 17.601326 19.096312 20.932386 22.797714 24.288712 25.268824 26.013550 26.719137 27.327839 27.308798 27.252050 27.172935 27.360338 27.409512 27.522322 27.435987 27.732855 27.406439 27.477257 27.143848 0.000000 0.000000 0.000000 0.000000 0.000000 0.000000 0.000000 0.000000 0.000000 0.000000 0.000000 0.000000 0.000000 0.000000 0.000000 0.000000 0.000000 0.000000 0.000000 0.000000 0.000000 0.000000 0.000000 0.000000 0.000000 0.000000 0.000000 0.000000 0.000000 0.000000 0.000000 0.000000 0.000000 0.000000 0.000000 0.000000 0.000000 0.000000 0.000000 0.000000 0.000000 0.000000 0.000000 0.000000 0.000000 0.000000 0.000000 0.000000 0.000000 0.000000 0.000000 0.000000 0.000000 0.000000 0.000000 0.000000 0.000000 0.000000 0.000000 0.000000 0.000000 0.000000 0.000000 0.000000 0.000000 0.000000 0.000000 0.000000 0.000000 0.000000 0.000000 0.000000 0.000000 0.000000 0.000000 0.000000 0.000000 0.000000 
0.000000 0.000000 0.000000 0.000000 0.000000 0.000000 0.000000 0.000000 0.000000 0.000000 0.000000 0.000000 0.000000 0.000000 0.000000 0.000000 0.000000 0.000000 0.000000 0.000000 0.000000 0.000000 0.000000 0.000000 0.000000 0.000000 0.000000 0.000000 0.000000 0.000000 0.000000 0.000000 0.000000 0.000000 0.000000 0.000000 0.000000 0.000000 0.000000 0.000000 0.000000 0.000000 0.000000 0.000000 0.000000 0.000000 0.000000 0.000000 0.000000 0.000000 0.000000 0.000000 0.000000 0.000000 0.000000 0.000000 0.000000 0.000000 0.000000 0.000000 0.000000 0.000000 0.000000 0.000000 0.000000 0.000000 31.483179 31.360756 30.970985 30.657293 30.496733 30.112728 28.222639 23.841553 21.189270 22.332222 24.625109 25.484877 25.942165 25.918612 26.589775 25.414610 18.316181 14.661702 12.053737 11.469402 9.406834 9.392695 9.243663 8.846807 8.519036 8.310424 7.834717 7.504333 7.172707 6.850947 6.676541 5.570310 5.192945 4.589922 4.566482 6.570623 8.703259 7.501606 7.746055 7.647119 7.677692 7.738235 7.845093 7.732244 7.840011 8.016266 7.791233 7.268363 7.381772 7.348399 7.236301 7.213922 7.194480 7.244455 7.158465 7.062726 6.996427 6.875979 6.732534 7.060881 6.738582 6.909146 7.502611 8.990096 10.332290 11.329884 12.043323 12.516780 13.497086 13.460915 13.493680 13.987835 14.678783 15.712217 17.266493 18.453079 19.896759 21.951136 23.497892 24.856022 25.676273 26.082653 26.639349 27.354301 27.729372 27.708645 27.518211 27.565891 27.609579 27.607655 27.728233 27.726227 27.606960 27.295332 0.000000 0.000000 0.000000 0.000000 0.000000 0.000000 0.000000 0.000000 0.000000 0.000000 0.000000 0.000000 0.000000 0.000000 0.000000 0.000000 0.000000 0.000000 0.000000 0.000000 0.000000 0.000000 0.000000 0.000000 0.000000 0.000000 0.000000 0.000000 0.000000 0.000000 0.000000 0.000000 0.000000 0.000000 0.000000 0.000000 0.000000 0.000000 0.000000 0.000000 0.000000 0.000000 0.000000 0.000000 0.000000 0.000000 0.000000 0.000000 0.000000 0.000000 0.000000 0.000000 0.000000 0.000000 0.000000 0.000000 0.000000 0.000000 0.000000 0.000000 0.000000 0.000000 0.000000 0.000000 0.000000 0.000000 0.000000 0.000000 0.000000 0.000000 0.000000 0.000000 0.000000 0.000000 0.000000 0.000000 0.000000 0.000000 0.000000 
0.000000 0.000000 0.000000 0.000000 0.000000 0.000000 0.000000 0.000000 0.000000 0.000000 0.000000 0.000000 0.000000 0.000000 0.000000 0.000000 0.000000 0.000000 0.000000 0.000000 0.000000 0.000000 0.000000 0.000000 0.000000 0.000000 0.000000 0.000000 0.000000 0.000000 0.000000 0.000000 0.000000 0.000000 0.000000 0.000000 0.000000 0.000000 0.000000 0.000000 0.000000 0.000000 0.000000 0.000000 0.000000 0.000000 0.000000 0.000000 0.000000 0.000000 0.000000 0.000000 0.000000 0.000000 0.000000 0.000000 0.000000 0.000000 0.000000 0.000000 0.000000 0.000000 0.000000 0.000000 0.000000 0.000000 31.191711 31.269899 31.077911 30.887957 30.896833 30.539747 29.865381 26.890093 23.534670 21.783546 24.321724 25.175234 26.005165 26.292730 26.836010 25.564245 18.660557 15.422256 13.075595 12.315897 10.325428 8.659385 8.611667 8.467911 8.210847 8.135570 8.623825 8.485494 7.817679 7.081980 7.612955 9.006704 7.742854 7.263631 5.379404 5.304249 8.713116 8.013682 7.486020 7.617807 7.608697 7.555263 7.547072 7.449616 7.340059 7.257907 7.200522 7.009251 7.492586 7.790206 7.329447 7.608995 7.383007 7.304228 7.170209 7.196259 7.271206 7.398810 7.182314 7.580753 7.613743 7.613096 8.289267 9.410129 10.711646 11.466598 12.094398 13.264833 13.737065 13.634407 13.924762 14.534808 15.264719 16.838100 18.258101 19.612236 21.044823 22.738466 24.371290 25.652233 26.220221 26.366640 26.755701 27.101259 27.472870 27.632153 27.802362 27.931202 27.865530 27.861092 27.854843 27.750435 27.741236 27.280878 0.000000 0.000000 0.000000 0.000000 0.000000 0.000000 0.000000 0.000000 0.000000 0.000000 0.000000 0.000000 0.000000 0.000000 0.000000 0.000000 0.000000 0.000000 0.000000 0.000000 0.000000 0.000000 0.000000 0.000000 0.000000 0.000000 0.000000 0.000000 0.000000 0.000000 0.000000 0.000000 0.000000 0.000000 0.000000 0.000000 0.000000 0.000000 0.000000 0.000000 0.000000 0.000000 0.000000 0.000000 0.000000 0.000000 0.000000 0.000000 0.000000 0.000000 0.000000 0.000000 0.000000 0.000000 0.000000 0.000000 0.000000 0.000000 0.000000 0.000000 0.000000 0.000000 0.000000 0.000000 0.000000 0.000000 0.000000 0.000000 0.000000 0.000000 0.000000 0.000000 0.000000 0.000000 0.000000 0.000000 0.000000 0.000000 0.000000 
0.000000 0.000000 0.000000 0.000000 0.000000 0.000000 0.000000 0.000000 0.000000 0.000000 0.000000 0.000000 0.000000 0.000000 0.000000 0.000000 0.000000 0.000000 0.000000 0.000000 0.000000 0.000000 0.000000 0.000000 0.000000 0.000000 0.000000 0.000000 0.000000 0.000000 0.000000 0.000000 0.000000 0.000000 0.000000 0.000000 0.000000 0.000000 0.000000 0.000000 0.000000 0.000000 0.000000 0.000000 0.000000 0.000000 0.000000 0.000000 0.000000 0.000000 0.000000 0.000000 0.000000 0.000000 0.000000 0.000000 0.000000 0.000000 0.000000 0.000000 0.000000 0.000000 0.000000 0.000000 0.000000 0.000000 31.103582 30.970678 30.932377 30.930271 30.761486 30.730888 30.675728 30.825680 27.732241 23.180965 23.967987 25.770679 26.884480 27.147776 27.145697 25.870150 19.560656 15.842915 13.845427 12.297987 11.343608 8.516532 8.175844 7.974307 7.875396 7.997553 8.398086 8.279895 7.916985 7.155960 7.130843 8.638205 8.941252 7.956518 8.108691 5.387586 6.357853 7.216774 7.174965 7.595243 7.431856 7.508958 7.499341 7.484765 7.420835 7.205004 7.022902 6.849168 6.740327 6.682114 6.669654 6.953862 7.055686 7.318310 6.925437 6.917841 7.508988 7.431705 7.557571 8.032268 8.338774 8.813979 9.445065 10.235851 11.047176 11.734735 12.353861 13.498806 14.075643 14.160601 14.516976 15.156773 16.527409 17.633602 18.999546 20.614096 21.977974 23.570786 24.706388 25.881105 26.487007 26.553347 26.781298 26.929705 27.301933 27.552608 27.675615 27.731836 27.940617 27.877865 27.893085 27.848911 27.552389 0.000000 0.000000 0.000000 0.000000 0.000000 0.000000 0.000000 0.000000 0.000000 0.000000 0.000000 0.000000 0.000000 0.000000 0.000000 0.000000 0.000000 0.000000 0.000000 0.000000 0.000000 0.000000 0.000000 0.000000 0.000000 0.000000 0.000000 0.000000 0.000000 0.000000 0.000000 0.000000 0.000000 0.000000 0.000000 0.000000 0.000000 0.000000 0.000000 0.000000 0.000000 0.000000 0.000000 0.000000 0.000000 0.000000 0.000000 0.000000 0.000000 0.000000 0.000000 0.000000 0.000000 0.000000 0.000000 0.000000 0.000000 0.000000 0.000000 0.000000 0.000000 0.000000 0.000000 0.000000 0.000000 0.000000 0.000000 0.000000 0.000000 0.000000 0.000000 0.000000 0.000000 0.000000 0.000000 0.000000 0.000000 0.000000 0.000000 0.000000 
0.000000 0.000000 0.000000 0.000000 0.000000 0.000000 0.000000 0.000000 0.000000 0.000000 0.000000 0.000000 0.000000 0.000000 0.000000 0.000000 0.000000 0.000000 0.000000 0.000000 0.000000 0.000000 0.000000 0.000000 0.000000 0.000000 0.000000 0.000000 0.000000 0.000000 0.000000 0.000000 0.000000 0.000000 0.000000 0.000000 0.000000 0.000000 0.000000 0.000000 0.000000 0.000000 0.000000 0.000000 0.000000 0.000000 0.000000 0.000000 0.000000 0.000000 0.000000 0.000000 0.000000 0.000000 0.000000 0.000000 0.000000 0.000000 0.000000 0.000000 0.000000 0.000000 0.000000 0.000000 0.000000 0.000000 30.686743 30.934032 30.653160 30.650187 30.956419 30.826178 30.710571 30.890862 30.738701 25.959373 23.576523 26.343433 27.132027 28.069054 28.195045 26.570484 20.557768 16.282457 14.396438 12.566461 11.850546 8.914630 8.272337 7.463243 7.840760 7.799542 7.853939 7.786071 7.592433 7.007062 6.831351 7.594490 8.894903 8.434879 8.175001 7.022615 5.560320 7.388197 7.287894 7.370276 7.276409 7.404392 7.495957 7.490023 7.422473 7.294797 7.118075 6.906499 6.811945 6.767672 6.696038 6.668536 6.624233 6.565138 6.511364 6.502683 6.511805 6.536678 6.603716 7.218862 7.947618 8.751481 9.647463 10.486815 11.578035 12.055992 12.727443 13.377564 14.112294 15.002373 15.560803 16.428822 17.583267 18.603458 20.026772 21.252642 22.707724 24.376488 25.231028 25.995930 26.460398 26.745197 27.141514 27.162048 27.288698 27.611191 27.742243 27.727297 27.719875 27.669378 27.812321 27.789145 27.621157 0.000000 0.000000 0.000000 0.000000 0.000000 0.000000 0.000000 0.000000 0.000000 0.000000 0.000000 0.000000 0.000000 0.000000 0.000000 0.000000 0.000000 0.000000 0.000000 0.000000 0.000000 0.000000 0.000000 0.000000 0.000000 0.000000 0.000000 0.000000 0.000000 0.000000 0.000000 0.000000 0.000000 0.000000 0.000000 0.000000 0.000000 0.000000 0.000000 0.000000 0.000000 0.000000 0.000000 0.000000 0.000000 0.000000 0.000000 0.000000 0.000000 0.000000 0.000000 0.000000 0.000000 0.000000 0.000000 0.000000 0.000000 0.000000 0.000000 0.000000 0.000000 0.000000 0.000000 0.000000 0.000000 0.000000 0.000000 0.000000 0.000000 0.000000 0.000000 0.000000 0.000000 0.000000 0.000000 0.000000 0.000000 0.000000 0.000000 0.000000 
0.000000 0.000000 0.000000 0.000000 0.000000 0.000000 0.000000 0.000000 0.000000 0.000000 0.000000 0.000000 0.000000 0.000000 0.000000 0.000000 0.000000 0.000000 0.000000 0.000000 0.000000 0.000000 0.000000 0.000000 0.000000 0.000000 0.000000 0.000000 0.000000 0.000000 0.000000 0.000000 0.000000 0.000000 0.000000 0.000000 0.000000 0.000000 0.000000 0.000000 0.000000 0.000000 0.000000 0.000000 0.000000 0.000000 0.000000 0.000000 0.000000 0.000000 0.000000 0.000000 0.000000 0.000000 0.000000 0.000000 0.000000 0.000000 0.000000 0.000000 0.000000 0.000000 0.000000 0.000000 0.000000 0.000000 0.000000 30.512905 30.375748 30.755886 30.675495 30.585266 30.660994 30.629078 30.873528 29.274929 24.824530 26.090330 27.565536 28.151409 28.177706 26.952251 20.731340 16.497372 15.271633 13.264452 13.004113 9.847788 8.397818 7.983058 7.849391 7.927128 7.695237 7.384020 7.180278 6.926199 6.831187 6.854598 7.990202 8.904828 8.071537 6.920130 7.360029 8.455952 7.521415 7.204145 7.226569 7.470147 7.629965 7.590135 7.495124 7.333171 7.197607 6.994820 6.861811 6.823041 6.733917 6.709102 6.682789 6.666566 6.605941 6.592334 6.597285 6.560983 6.531972 6.678752 6.844573 7.236010 9.049379 10.448725 12.516343 14.139282 14.964102 14.476748 14.699112 14.680664 15.141085 16.012739 16.918129 18.361448 20.227205 21.858175 22.862345 24.453878 25.249294 26.065031 26.608974 27.117010 27.389690 27.441240 27.732330 27.839493 27.973063 28.015076 27.963419 27.804266 27.828075 27.691111 0.000000 0.000000 0.000000 0.000000 0.000000 0.000000 0.000000 0.000000 0.000000 0.000000 0.000000 0.000000 0.000000 0.000000 0.000000 0.000000 0.000000 0.000000 0.000000 0.000000 0.000000 0.000000 0.000000 0.000000 0.000000 0.000000 0.000000 0.000000 0.000000 0.000000 0.000000 0.000000 0.000000 0.000000 0.000000 0.000000 0.000000 0.000000 0.000000 0.000000 0.000000 0.000000 0.000000 0.000000 0.000000 0.000000 0.000000 0.000000 0.000000 0.000000 0.000000 0.000000 0.000000 0.000000 0.000000 0.000000 0.000000 0.000000 0.000000 0.000000 0.000000 0.000000 0.000000 0.000000 0.000000 0.000000 0.000000 0.000000 0.000000 0.000000 0.000000 0.000000 0.000000 0.000000 0.000000 0.000000 0.000000 0.000000 0.000000 0.000000 0.000000 
0.000000 0.000000 0.000000 0.000000 0.000000 0.000000 0.000000 0.000000 0.000000 0.000000 0.000000 0.000000 0.000000 0.000000 0.000000 0.000000 0.000000 0.000000 0.000000 0.000000 0.000000 0.000000 0.000000 0.000000 0.000000 0.000000 0.000000 0.000000 0.000000 0.000000 0.000000 0.000000 0.000000 0.000000 0.000000 0.000000 0.000000 0.000000 0.000000 0.000000 0.000000 0.000000 0.000000 0.000000 0.000000 0.000000 0.000000 0.000000 0.000000 0.000000 0.000000 0.000000 0.000000 0.000000 0.000000 0.000000 0.000000 0.000000 0.000000 0.000000 0.000000 0.000000 0.000000 0.000000 0.000000 0.000000 0.000000 30.010895 30.378979 30.281826 30.281872 30.477596 30.376862 30.365499 30.343248 29.906572 26.899750 26.046795 27.621780 27.965666 28.132524 26.431137 20.683649 16.491907 15.403706 14.040082 13.583333 11.739141 9.067856 7.984383 7.980557 8.777138 7.981720 7.322608 7.154115 7.148730 7.090728 6.927964 7.142140 8.485699 8.929694 6.615255 6.833309 8.726107 8.018828 7.435287 7.290761 7.391187 7.567485 7.514026 7.429850 7.305430 7.223038 7.045080 6.908360 6.868904 6.872734 6.815285 6.754729 6.694758 6.742542 6.783635 6.515623 6.589292 6.538564 6.717837 6.832015 7.486569 9.176707 11.598063 14.597056 16.239149 16.599834 15.802558 15.390471 15.030240 15.253291 15.752136 16.667368 17.841454 18.455164 19.484955 20.685658 22.459547 23.897791 24.988632 26.449217 27.407448 27.684261 27.779722 27.959265 28.004555 28.240189 28.219921 28.247398 28.282339 27.887123 27.892889 0.000000 0.000000 0.000000 0.000000 0.000000 0.000000 0.000000 0.000000 0.000000 0.000000 0.000000 0.000000 0.000000 0.000000 0.000000 0.000000 0.000000 0.000000 0.000000 0.000000 0.000000 0.000000 0.000000 0.000000 0.000000 0.000000 0.000000 0.000000 0.000000 0.000000 0.000000 0.000000 0.000000 0.000000 0.000000 0.000000 0.000000 0.000000 0.000000 0.000000 0.000000 0.000000 0.000000 0.000000 0.000000 0.000000 0.000000 0.000000 0.000000 0.000000 0.000000 0.000000 0.000000 0.000000 0.000000 0.000000 0.000000 0.000000 0.000000 0.000000 0.000000 0.000000 0.000000 0.000000 0.000000 0.000000 0.000000 0.000000 0.000000 0.000000 0.000000 0.000000 0.000000 0.000000 0.000000 0.000000 0.000000 0.000000 0.000000 0.000000 0.000000 
0.000000 0.000000 0.000000 0.000000 0.000000 0.000000 0.000000 0.000000 0.000000 0.000000 0.000000 0.000000 0.000000 0.000000 0.000000 0.000000 0.000000 0.000000 0.000000 0.000000 0.000000 0.000000 0.000000 0.000000 0.000000 0.000000 0.000000 0.000000 0.000000 0.000000 0.000000 0.000000 0.000000 0.000000 0.000000 0.000000 0.000000 0.000000 0.000000 0.000000 0.000000 0.000000 0.000000 0.000000 0.000000 0.000000 0.000000 0.000000 0.000000 0.000000 0.000000 0.000000 0.000000 0.000000 0.000000 0.000000 0.000000 0.000000 0.000000 0.000000 0.000000 0.000000 0.000000 0.000000 0.000000 0.000000 0.000000 30.157578 30.063250 30.168417 30.366398 30.549934 30.608326 30.486589 30.550526 30.031506 27.985247 26.702732 28.000132 28.164301 28.087963 25.925938 19.995886 17.006769 16.350033 14.912201 13.654602 13.848703 10.730759 8.813999 8.378963 8.755973 7.878016 7.408473 7.345197 7.202546 7.191531 7.120819 6.954584 7.261335 8.960934 7.748174 6.073964 8.724399 8.486521 7.416840 7.417026 7.492240 7.604999 7.530389 7.415671 7.343724 7.237027 7.097004 6.966548 6.890801 6.921402 6.822433 6.797635 6.796817 6.912857 6.929827 6.855306 6.788658 6.727699 6.859415 7.058019 7.936047 9.619449 12.898307 15.863509 16.879549 17.489405 17.343309 16.723917 15.524305 15.320475 15.640310 16.188896 16.858393 18.392185 19.159567 20.449703 21.334997 21.817360 22.594913 23.732048 25.748085 27.221310 27.881643 27.992655 28.320278 28.367941 28.422785 28.466305 28.109678 27.861488 0.000000 0.000000 0.000000 0.000000 0.000000 0.000000 0.000000 0.000000 0.000000 0.000000 0.000000 0.000000 0.000000 0.000000 0.000000 0.000000 0.000000 0.000000 0.000000 0.000000 0.000000 0.000000 0.000000 0.000000 0.000000 0.000000 0.000000 0.000000 0.000000 0.000000 0.000000 0.000000 0.000000 0.000000 0.000000 0.000000 0.000000 0.000000 0.000000 0.000000 0.000000 0.000000 0.000000 0.000000 0.000000 0.000000 0.000000 0.000000 0.000000 0.000000 0.000000 0.000000 0.000000 0.000000 0.000000 0.000000 0.000000 0.000000 0.000000 0.000000 0.000000 0.000000 0.000000 0.000000 0.000000 0.000000 0.000000 0.000000 0.000000 0.000000 0.000000 0.000000 0.000000 0.000000 0.000000 0.000000 0.000000 0.000000 0.000000 0.000000 0.000000 0.000000 
0.000000 0.000000 0.000000 0.000000 0.000000 0.000000 0.000000 0.000000 0.000000 0.000000 0.000000 0.000000 0.000000 0.000000 0.000000 0.000000 0.000000 0.000000 0.000000 0.000000 0.000000 0.000000 0.000000 0.000000 0.000000 0.000000 0.000000 0.000000 0.000000 0.000000 0.000000 0.000000 0.000000 0.000000 0.000000 0.000000 0.000000 0.000000 0.000000 0.000000 0.000000 0.000000 0.000000 0.000000 0.000000 0.000000 0.000000 0.000000 0.000000 0.000000 0.000000 0.000000 0.000000 0.000000 0.000000 0.000000 0.000000 0.000000 0.000000 0.000000 0.000000 0.000000 0.000000 0.000000 0.000000 0.000000 0.000000 0.000000 30.433525 30.295998 30.267641 30.767460 31.156969 31.186182 30.965715 30.970221 28.775587 27.578762 28.695906 28.614853 28.138908 25.184446 19.878063 17.839514 17.286911 15.492344 13.739625 14.437149 12.132900 9.525826 8.893158 8.520010 7.625464 7.628109 7.460062 7.365330 7.260427 7.231285 7.074812 6.874884 8.429496 7.984247 5.343431 7.057024 8.257965 7.167961 7.519866 7.550160 7.650868 7.536922 7.452514 7.393932 7.307684 7.169697 7.071076 7.043643 6.983201 6.917852 6.831101 6.889660 6.663721 6.722092 6.807075 7.079428 7.087574 7.233541 7.456758 8.747471 10.727457 14.751381 17.005272 17.788046 18.525461 17.920053 17.298756 16.685743 15.569372 15.815437 16.481815 17.081602 18.183201 19.136944 20.926792 22.908794 23.347437 23.581177 23.712049 23.910191 24.427059 25.509310 27.582888 28.505587 28.354534 28.331966 28.391609 28.194475 28.072594 0.000000 0.000000 0.000000 0.000000 0.000000 0.000000 0.000000 0.000000 0.000000 0.000000 0.000000 0.000000 0.000000 0.000000 0.000000 0.000000 0.000000 0.000000 0.000000 0.000000 0.000000 0.000000 0.000000 0.000000 0.000000 0.000000 0.000000 0.000000 0.000000 0.000000 0.000000 0.000000 0.000000 0.000000 0.000000 0.000000 0.000000 0.000000 0.000000 0.000000 0.000000 0.000000 0.000000 0.000000 0.000000 0.000000 0.000000 0.000000 0.000000 0.000000 0.000000 0.000000 0.000000 0.000000 0.000000 0.000000 0.000000 0.000000 0.000000 0.000000 0.000000 0.000000 0.000000 0.000000 0.000000 0.000000 0.000000 0.000000 0.000000 0.000000 0.000000 0.000000 0.000000 0.000000 0.000000 0.000000 0.000000 0.000000 0.000000 0.000000 0.000000 0.000000 
0.000000 0.000000 0.000000 0.000000 0.000000 0.000000 0.000000 0.000000 0.000000 0.000000 0.000000 0.000000 0.000000 0.000000 0.000000 0.000000 0.000000 0.000000 0.000000 0.000000 0.000000 0.000000 0.000000 0.000000 0.000000 0.000000 0.000000 0.000000 0.000000 0.000000 0.000000 0.000000 0.000000 0.000000 0.000000 0.000000 0.000000 0.000000 0.000000 0.000000 0.000000 0.000000 0.000000 0.000000 0.000000 0.000000 0.000000 0.000000 0.000000 0.000000 0.000000 0.000000 0.000000 0.000000 0.000000 0.000000 0.000000 0.000000 0.000000 0.000000 0.000000 0.000000 0.000000 0.000000 0.000000 0.000000 0.000000 0.000000 30.894831 30.724815 30.587683 30.615145 31.160488 31.446009 31.259029 31.229746 29.556763 28.843136 29.752001 28.964893 27.252621 24.664442 20.418802 19.147467 17.867756 15.475984 13.764531 14.618688 13.261720 9.655764 8.582302 7.785222 7.763892 7.729352 7.666538 7.526793 7.393763 7.247482 7.038695 6.858606 7.141298 7.528330 5.128997 5.544484 6.535419 7.254577 7.427523 7.497387 7.610475 7.538955 7.531170 7.459604 7.378202 7.252483 7.157673 7.097537 7.025737 6.966992 6.887902 6.843672 6.741113 6.727262 6.771398 6.915019 7.062050 7.375617 7.607031 9.532774 12.442756 15.900636 18.210056 18.778524 19.288475 18.791674 17.734097 17.612349 16.708525 16.335049 16.658466 17.194292 18.278761 19.742863 21.353783 22.780745 23.747360 24.946690 25.720007 26.262733 26.416862 25.911041 25.886879 26.733313 28.672344 28.750515 28.245260 28.167131 0.000000 0.000000 0.000000 0.000000 0.000000 0.000000 0.000000 0.000000 0.000000 0.000000 0.000000 0.000000 0.000000 0.000000 0.000000 0.000000 0.000000 0.000000 0.000000 0.000000 0.000000 0.000000 0.000000 0.000000 0.000000 0.000000 0.000000 0.000000 0.000000 0.000000 0.000000 0.000000 0.000000 0.000000 0.000000 0.000000 0.000000 0.000000 0.000000 0.000000 0.000000 0.000000 0.000000 0.000000 0.000000 0.000000 0.000000 0.000000 0.000000 0.000000 0.000000 0.000000 0.000000 0.000000 0.000000 0.000000 0.000000 0.000000 0.000000 0.000000 0.000000 0.000000 0.000000 0.000000 0.000000 0.000000 0.000000 0.000000 0.000000 0.000000 0.000000 0.000000 0.000000 0.000000 0.000000 0.000000 0.000000 0.000000 0.000000 0.000000 0.000000 0.000000 0.000000 
0.000000 0.000000 0.000000 0.000000 0.000000 0.000000 0.000000 0.000000 0.000000 0.000000 0.000000 0.000000 0.000000 0.000000 0.000000 0.000000 0.000000 0.000000 0.000000 0.000000 0.000000 0.000000 0.000000 0.000000 0.000000 0.000000 0.000000 0.000000 0.000000 0.000000 0.000000 0.000000 0.000000 0.000000 0.000000 0.000000 0.000000 0.000000 0.000000 0.000000 0.000000 0.000000 0.000000 0.000000 0.000000 0.000000 0.000000 0.000000 0.000000 0.000000 0.000000 0.000000 0.000000 0.000000 0.000000 0.000000 0.000000 0.000000 0.000000 0.000000 0.000000 0.000000 0.000000 0.000000 0.000000 0.000000 0.000000 0.000000 31.397640 31.163326 31.014004 30.923826 30.884836 31.414597 31.732861 31.098618 29.420015 30.117109 30.119818 28.942654 27.633295 24.586084 21.524693 20.077511 18.727303 16.508581 13.790264 15.087404 13.712567 9.848407 8.044083 8.013838 7.802692 7.847300 7.905158 7.656958 7.467362 7.216094 7.025873 6.929399 6.782278 6.095312 5.455732 5.853324 6.513193 7.228540 7.398625 7.518588 7.649001 7.617182 7.619270 7.538378 7.466991 7.324210 7.264303 7.201369 7.159522 7.054543 6.972501 6.862466 6.835199 6.878824 6.961885 7.000912 7.100659 7.287816 7.992338 10.711591 14.279084 17.308372 18.936049 19.644901 19.969316 19.595837 18.688025 17.954720 17.792295 16.954933 16.978300 17.465811 18.347988 19.578499 21.369400 22.843958 23.882212 24.900059 26.201300 27.033735 27.631941 27.620441 27.834961 27.532347 27.313908 27.816027 28.159620 28.342358 0.000000 0.000000 0.000000 0.000000 0.000000 0.000000 0.000000 0.000000 0.000000 0.000000 0.000000 0.000000 0.000000 0.000000 0.000000 0.000000 0.000000 0.000000 0.000000 0.000000 0.000000 0.000000 0.000000 0.000000 0.000000 0.000000 0.000000 0.000000 0.000000 0.000000 0.000000 0.000000 0.000000 0.000000 0.000000 0.000000 0.000000 0.000000 0.000000 0.000000 0.000000 0.000000 0.000000 0.000000 0.000000 0.000000 0.000000 0.000000 0.000000 0.000000 0.000000 0.000000 0.000000 0.000000 0.000000 0.000000 0.000000 0.000000 0.000000 0.000000 0.000000 0.000000 0.000000 0.000000 0.000000 0.000000 0.000000 0.000000 0.000000 0.000000 0.000000 0.000000 0.000000 0.000000 0.000000 0.000000 0.000000 0.000000 0.000000 0.000000 0.000000 0.000000 0.000000 
0.000000 0.000000 0.000000 0.000000 0.000000 0.000000 0.000000 0.000000 0.000000 0.000000 0.000000 0.000000 0.000000 0.000000 0.000000 0.000000 0.000000 0.000000 0.000000 0.000000 0.000000 0.000000 0.000000 0.000000 0.000000 0.000000 0.000000 0.000000 0.000000 0.000000 0.000000 0.000000 0.000000 0.000000 0.000000 0.000000 0.000000 0.000000 0.000000 0.000000 0.000000 0.000000 0.000000 0.000000 0.000000 0.000000 0.000000 0.000000 0.000000 0.000000 0.000000 0.000000 0.000000 0.000000 0.000000 0.000000 0.000000 0.000000 0.000000 0.000000 0.000000 0.000000 0.000000 0.000000 0.000000 0.000000 0.000000 0.000000 31.864477 31.647846 31.445482 31.385315 31.183659 31.443668 32.001667 31.684254 30.225924 31.494038 30.474121 29.062099 27.408094 25.669739 24.210064 22.351173 19.489052 16.780451 13.824406 14.921274 12.935749 8.624525 8.204646 8.127318 8.064486 7.939691 7.842587 7.747996 7.456259 7.254612 7.110190 7.213923 8.052858 5.923346 5.818388 6.205591 6.650767 7.277112 7.407843 7.581925 7.814944 7.699464 7.711642 7.699635 7.534641 7.403543 7.303312 7.178705 7.170246 7.079223 6.994905 6.897387 6.885994 6.961233 7.065331 7.192195 7.354308 7.585668 8.684264 12.572072 14.808814 19.101976 20.737528 20.623369 20.625187 19.448004 18.861303 18.418484 18.137266 17.797428 17.365738 17.505941 18.264236 19.305153 20.947340 22.748173 23.913931 25.034920 26.019773 26.584064 27.357534 27.967302 28.299356 28.261110 28.185751 27.897215 28.345243 0.000000 0.000000 0.000000 0.000000 0.000000 0.000000 0.000000 0.000000 0.000000 0.000000 0.000000 0.000000 0.000000 0.000000 0.000000 0.000000 0.000000 0.000000 0.000000 0.000000 0.000000 0.000000 0.000000 0.000000 0.000000 0.000000 0.000000 0.000000 0.000000 0.000000 0.000000 0.000000 0.000000 0.000000 0.000000 0.000000 0.000000 0.000000 0.000000 0.000000 0.000000 0.000000 0.000000 0.000000 0.000000 0.000000 0.000000 0.000000 0.000000 0.000000 0.000000 0.000000 0.000000 0.000000 0.000000 0.000000 0.000000 0.000000 0.000000 0.000000 0.000000 0.000000 0.000000 0.000000 0.000000 0.000000 0.000000 0.000000 0.000000 0.000000 0.000000 0.000000 0.000000 0.000000 0.000000 0.000000 0.000000 0.000000 0.000000 0.000000 0.000000 0.000000 0.000000 0.000000 
0.000000 0.000000 0.000000 0.000000 0.000000 0.000000 0.000000 0.000000 0.000000 0.000000 0.000000 0.000000 0.000000 0.000000 0.000000 0.000000 0.000000 0.000000 0.000000 0.000000 0.000000 0.000000 0.000000 0.000000 0.000000 0.000000 0.000000 0.000000 0.000000 0.000000 0.000000 0.000000 0.000000 0.000000 0.000000 0.000000 0.000000 0.000000 0.000000 0.000000 0.000000 0.000000 0.000000 0.000000 0.000000 0.000000 0.000000 0.000000 0.000000 0.000000 0.000000 0.000000 0.000000 0.000000 0.000000 0.000000 0.000000 0.000000 0.000000 0.000000 0.000000 0.000000 0.000000 0.000000 0.000000 0.000000 0.000000 0.000000 0.000000 32.147041 32.036617 31.954838 31.789793 31.668348 31.822041 31.566912 31.533844 32.088890 31.152483 29.201864 28.237293 26.453873 25.174801 22.413198 18.837702 15.972157 13.856230 14.465627 11.698967 8.252399 8.096097 8.012967 8.002110 8.069843 7.774125 7.724303 7.541821 7.253485 7.424118 9.187243 8.746442 5.814918 6.072127 6.456290 6.736222 7.296931 7.539921 7.755260 7.891355 7.768213 7.781490 7.738992 7.628076 7.519827 7.396779 7.252551 7.232390 7.164309 7.033494 6.890584 6.873300 6.883456 7.066658 7.267246 7.430644 7.608921 10.089497 13.888165 15.925545 20.555033 21.107119 21.282970 21.182447 20.012007 19.365585 19.229364 18.593456 18.228985 17.999174 17.661377 18.286354 19.335506 20.730663 22.274630 23.395782 24.545404 25.519001 26.401869 26.814138 27.273226 28.008377 28.284615 27.416689 27.519173 28.415016 0.000000 0.000000 0.000000 0.000000 0.000000 0.000000 0.000000 0.000000 0.000000 0.000000 0.000000 0.000000 0.000000 0.000000 0.000000 0.000000 0.000000 0.000000 0.000000 0.000000 0.000000 0.000000 0.000000 0.000000 0.000000 0.000000 0.000000 0.000000 0.000000 0.000000 0.000000 0.000000 0.000000 0.000000 0.000000 0.000000 0.000000 0.000000 0.000000 0.000000 0.000000 0.000000 0.000000 0.000000 0.000000 0.000000 0.000000 0.000000 0.000000 0.000000 0.000000 0.000000 0.000000 0.000000 0.000000 0.000000 0.000000 0.000000 0.000000 0.000000 0.000000 0.000000 0.000000 0.000000 0.000000 0.000000 0.000000 0.000000 0.000000 0.000000 0.000000 0.000000 0.000000 0.000000 0.000000 0.000000 0.000000 0.000000 0.000000 0.000000 0.000000 0.000000 0.000000 0.000000 
0.000000 0.000000 0.000000 0.000000 0.000000 0.000000 0.000000 0.000000 0.000000 0.000000 0.000000 0.000000 0.000000 0.000000 0.000000 0.000000 0.000000 0.000000 0.000000 0.000000 0.000000 0.000000 0.000000 0.000000 0.000000 0.000000 0.000000 0.000000 0.000000 0.000000 0.000000 0.000000 0.000000 0.000000 0.000000 0.000000 0.000000 0.000000 0.000000 0.000000 0.000000 0.000000 0.000000 0.000000 0.000000 0.000000 0.000000 0.000000 0.000000 0.000000 0.000000 0.000000 0.000000 0.000000 0.000000 0.000000 0.000000 0.000000 0.000000 0.000000 0.000000 0.000000 0.000000 0.000000 0.000000 0.000000 0.000000 0.000000 0.000000 32.690712 32.642544 32.511398 32.451164 32.292778 32.434635 33.104698 33.844536 33.148830 31.967747 28.885006 27.634041 25.731390 23.010233 19.627348 17.196365 15.134581 13.764168 13.622027 10.083553 8.054374 7.914126 7.833912 7.819066 7.897593 8.026799 7.631732 7.640298 7.420045 7.328776 8.124794 7.124612 6.072701 6.258665 6.600642 6.853171 7.391301 7.651572 7.888453 7.938086 7.891238 7.884722 7.878523 7.688209 7.543354 7.436329 7.308790 7.296350 7.261643 7.198861 7.082478 7.010592 7.005878 7.098853 7.222785 7.458707 7.867773 10.871275 14.108196 16.732958 20.071449 20.759863 21.724140 21.801514 20.662231 20.294142 19.979450 19.053955 18.737654 18.609003 17.920647 18.287474 19.148153 20.329065 21.668833 23.001421 23.903629 24.939102 25.887300 26.274529 26.774483 27.476088 27.309111 26.691689 27.328959 0.000000 0.000000 0.000000 0.000000 0.000000 0.000000 0.000000 0.000000 0.000000 0.000000 0.000000 0.000000 0.000000 0.000000 0.000000 0.000000 0.000000 0.000000 0.000000 0.000000 0.000000 0.000000 0.000000 0.000000 0.000000 0.000000 0.000000 0.000000 0.000000 0.000000 0.000000 0.000000 0.000000 0.000000 0.000000 0.000000 0.000000 0.000000 0.000000 0.000000 0.000000 0.000000 0.000000 0.000000 0.000000 0.000000 0.000000 0.000000 0.000000 0.000000 0.000000 0.000000 0.000000 0.000000 0.000000 0.000000 0.000000 0.000000 0.000000 0.000000 0.000000 0.000000 0.000000 0.000000 0.000000 0.000000 0.000000 0.000000 0.000000 0.000000 0.000000 0.000000 0.000000 0.000000 0.000000 0.000000 0.000000 0.000000 0.000000 0.000000 0.000000 0.000000 0.000000 0.000000 0.000000 
0.000000 0.000000 0.000000 0.000000 0.000000 0.000000 0.000000 0.000000 0.000000 0.000000 0.000000 0.000000 0.000000 0.000000 0.000000 0.000000 0.000000 0.000000 0.000000 0.000000 0.000000 0.000000 0.000000 0.000000 0.000000 0.000000 0.000000 0.000000 0.000000 0.000000 0.000000 0.000000 0.000000 0.000000 0.000000 0.000000 0.000000 0.000000 0.000000 0.000000 0.000000 0.000000 0.000000 0.000000 0.000000 0.000000 0.000000 0.000000 0.000000 0.000000 0.000000 0.000000 0.000000 0.000000 0.000000 0.000000 0.000000 0.000000 0.000000 0.000000 0.000000 0.000000 0.000000 0.000000 0.000000 0.000000 0.000000 0.000000 0.000000 33.131248 33.137886 33.065693 32.966953 33.057323 32.984737 32.509300 34.362236 34.219833 32.737183 28.265835 26.270479 23.786863 20.244843 17.545290 15.599934 14.404477 13.403568 11.872710 9.053885 8.211143 8.043272 7.873199 7.726896 7.730083 7.681455 7.707313 7.579078 6.895722 7.170109 8.122175 6.510564 6.243576 6.359066 6.619075 6.933054 7.447743 7.774793 7.961161 8.005037 8.185089 8.092066 8.147158 7.883316 7.648890 7.539850 7.397655 7.297359 7.289863 7.183887 7.089522 7.025980 7.127181 7.169011 7.300556 7.509739 8.730827 11.552231 14.563540 18.837904 20.371632 21.500870 22.044619 22.096046 21.426641 20.976776 20.483835 20.167532 19.870071 19.034964 18.352249 18.240143 19.049334 19.905298 21.144085 22.263910 23.062979 24.316950 25.260441 25.525835 26.137634 26.760361 26.423803 26.163212 27.036608 0.000000 0.000000 0.000000 0.000000 0.000000 0.000000 0.000000 0.000000 0.000000 0.000000 0.000000 0.000000 0.000000 0.000000 0.000000 0.000000 0.000000 0.000000 0.000000 0.000000 0.000000 0.000000 0.000000 0.000000 0.000000 0.000000 0.000000 0.000000 0.000000 0.000000 0.000000 0.000000 0.000000 0.000000 0.000000 0.000000 0.000000 0.000000 0.000000 0.000000 0.000000 0.000000 0.000000 0.000000 0.000000 0.000000 0.000000 0.000000 0.000000 0.000000 0.000000 0.000000 0.000000 0.000000 0.000000 0.000000 0.000000 0.000000 0.000000 0.000000 0.000000 0.000000 0.000000 0.000000 0.000000 0.000000 0.000000 0.000000 0.000000 0.000000 0.000000 0.000000 0.000000 0.000000 0.000000 0.000000 0.000000 0.000000 0.000000 0.000000 0.000000 0.000000 0.000000 0.000000 0.000000 
0.000000 0.000000 0.000000 0.000000 0.000000 0.000000 0.000000 0.000000 0.000000 0.000000 0.000000 0.000000 0.000000 0.000000 0.000000 0.000000 0.000000 0.000000 0.000000 0.000000 0.000000 0.000000 0.000000 0.000000 0.000000 0.000000 0.000000 0.000000 0.000000 0.000000 0.000000 0.000000 0.000000 0.000000 0.000000 0.000000 0.000000 0.000000 0.000000 0.000000 0.000000 0.000000 0.000000 0.000000 0.000000 0.000000 0.000000 0.000000 0.000000 0.000000 0.000000 0.000000 0.000000 0.000000 0.000000 0.000000 0.000000 0.000000 0.000000 0.000000 0.000000 0.000000 0.000000 0.000000 0.000000 0.000000 0.000000 0.000000 0.000000 0.000000 33.471897 33.496880 33.477116 33.772640 33.493336 34.224815 35.028099 33.982574 31.669983 27.559910 25.592043 22.325052 19.028692 16.526882 14.972050 14.127752 12.987848 10.463682 8.588436 8.570218 8.308104 8.299966 8.264597 7.995048 7.948589 7.976706 7.994667 8.801839 8.699562 7.724709 6.403399 6.225335 6.327433 6.537447 7.050758 7.831477 8.126772 8.138369 8.093541 8.120048 8.132039 8.161690 7.993636 7.922275 7.851088 7.558140 7.366558 7.356685 7.298759 7.217338 7.114729 7.153605 7.273342 7.482712 7.681423 9.547968 12.377751 15.255261 19.893536 20.703829 21.347906 21.992117 22.209551 21.762686 21.307055 21.331570 21.147301 20.305563 19.339890 18.883818 18.503571 18.833969 19.707701 20.912210 21.753374 22.348499 23.478054 24.586586 25.355940 25.935738 25.572506 25.467489 26.152918 0.000000 0.000000 0.000000 0.000000 0.000000 0.000000 0.000000 0.000000 0.000000 0.000000 0.000000 0.000000 0.000000 0.000000 0.000000 0.000000 0.000000 0.000000 0.000000 0.000000 0.000000 0.000000 0.000000 0.000000 0.000000 0.000000 0.000000 0.000000 0.000000 0.000000 0.000000 0.000000 0.000000 0.000000 0.000000 0.000000 0.000000 0.000000 0.000000 0.000000 0.000000 0.000000 0.000000 0.000000 0.000000 0.000000 0.000000 0.000000 0.000000 0.000000 0.000000 0.000000 0.000000 0.000000 0.000000 0.000000 0.000000 0.000000 0.000000 0.000000 0.000000 0.000000 0.000000 0.000000 0.000000 0.000000 0.000000 0.000000 0.000000 0.000000 0.000000 0.000000 0.000000 0.000000 0.000000 0.000000 0.000000 0.000000 0.000000 0.000000 0.000000 0.000000 0.000000 0.000000 0.000000 0.000000 
0.000000 0.000000 0.000000 0.000000 0.000000 0.000000 0.000000 0.000000 0.000000 0.000000 0.000000 0.000000 0.000000 0.000000 0.000000 0.000000 0.000000 0.000000 0.000000 0.000000 0.000000 0.000000 0.000000 0.000000 0.000000 0.000000 0.000000 0.000000 0.000000 0.000000 0.000000 0.000000 0.000000 0.000000 0.000000 0.000000 0.000000 0.000000 0.000000 0.000000 0.000000 0.000000 0.000000 0.000000 0.000000 0.000000 0.000000 0.000000 0.000000 0.000000 0.000000 0.000000 0.000000 0.000000 0.000000 0.000000 0.000000 0.000000 0.000000 0.000000 0.000000 0.000000 0.000000 0.000000 0.000000 0.000000 0.000000 0.000000 0.000000 0.000000 33.842297 33.905396 33.953365 34.789898 34.713032 34.754120 34.693199 33.671188 30.484529 27.677057 25.416216 21.650993 18.216162 15.604311 14.555058 14.179390 13.056912 10.283460 8.632750 8.716619 8.772942 8.389049 8.279922 8.195095 8.092563 7.740501 8.140790 9.162643 9.080674 7.520594 6.344140 6.153116 5.956194 6.163700 7.181493 7.707136 7.930914 8.152717 8.116964 8.037870 8.152700 7.904774 7.754420 7.734732 7.649083 7.596303 7.558578 7.493081 7.338616 7.191284 7.170445 7.236840 7.291506 7.483110 7.842397 9.936996 13.424277 16.510941 20.455420 21.107941 21.458755 21.871340 22.300909 22.109083 21.801437 22.219360 21.668961 20.539270 19.784079 19.357841 19.039673 18.984665 19.448896 20.438208 21.269043 21.991919 22.871870 23.748159 24.557302 25.213749 24.998915 25.287420 26.442284 0.000000 0.000000 0.000000 0.000000 0.000000 0.000000 0.000000 0.000000 0.000000 0.000000 0.000000 0.000000 0.000000 0.000000 0.000000 0.000000 0.000000 0.000000 0.000000 0.000000 0.000000 0.000000 0.000000 0.000000 0.000000 0.000000 0.000000 0.000000 0.000000 0.000000 0.000000 0.000000 0.000000 0.000000 0.000000 0.000000 0.000000 0.000000 0.000000 0.000000 0.000000 0.000000 0.000000 0.000000 0.000000 0.000000 0.000000 0.000000 0.000000 0.000000 0.000000 0.000000 0.000000 0.000000 0.000000 0.000000 0.000000 0.000000 0.000000 0.000000 0.000000 0.000000 0.000000 0.000000 0.000000 0.000000 0.000000 0.000000 0.000000 0.000000 0.000000 0.000000 0.000000 0.000000 0.000000 0.000000 0.000000 0.000000 0.000000 0.000000 0.000000 0.000000 0.000000 0.000000 0.000000 0.000000 
0.000000 0.000000 0.000000 0.000000 0.000000 0.000000 0.000000 0.000000 0.000000 0.000000 0.000000 0.000000 0.000000 0.000000 0.000000 0.000000 0.000000 0.000000 0.000000 0.000000 0.000000 0.000000 0.000000 0.000000 0.000000 0.000000 0.000000 0.000000 0.000000 0.000000 0.000000 0.000000 0.000000 0.000000 0.000000 0.000000 0.000000 0.000000 0.000000 0.000000 0.000000 0.000000 0.000000 0.000000 0.000000 0.000000 0.000000 0.000000 0.000000 0.000000 0.000000 0.000000 0.000000 0.000000 0.000000 0.000000 0.000000 0.000000 0.000000 0.000000 0.000000 0.000000 0.000000 0.000000 0.000000 0.000000 0.000000 0.000000 0.000000 0.000000 34.343861 34.328266 34.291195 33.956474 33.713627 34.384956 34.544598 33.501270 30.647909 28.325043 24.984119 20.668592 17.191891 14.968380 14.461713 14.094228 13.418927 10.160666 8.862568 8.735735 8.581052 8.438352 8.318635 8.119223 7.945877 7.665200 8.170973 8.719474 8.895543 7.509984 5.820541 5.831218 5.388087 5.745559 7.161392 7.815652 7.854798 8.124303 8.138984 7.986784 7.985048 7.751967 7.735126 7.679331 7.572946 7.563600 7.514612 7.467997 7.433324 7.428276 7.380142 7.360835 7.430520 7.633540 8.162364 10.677876 13.877353 17.940456 20.635958 21.101456 21.358011 22.093756 22.526913 22.586439 22.431683 22.591805 22.180937 20.947332 20.433666 20.008125 19.768633 19.718357 19.779724 20.412403 20.886005 21.722067 22.268599 23.123611 24.055248 24.388176 24.761051 25.318127 26.456917 0.000000 0.000000 0.000000 0.000000 0.000000 0.000000 0.000000 0.000000 0.000000 0.000000 0.000000 0.000000 0.000000 0.000000 0.000000 0.000000 0.000000 0.000000 0.000000 0.000000 0.000000 0.000000 0.000000 0.000000 0.000000 0.000000 0.000000 0.000000 0.000000 0.000000 0.000000 0.000000 0.000000 0.000000 0.000000 0.000000 0.000000 0.000000 0.000000 0.000000 0.000000 0.000000 0.000000 0.000000 0.000000 0.000000 0.000000 0.000000 0.000000 0.000000 0.000000 0.000000 0.000000 0.000000 0.000000 0.000000 0.000000 0.000000 0.000000 0.000000 0.000000 0.000000 0.000000 0.000000 0.000000 0.000000 0.000000 0.000000 0.000000 0.000000 0.000000 0.000000 0.000000 0.000000 0.000000 0.000000 0.000000 0.000000 0.000000 0.000000 0.000000 0.000000 0.000000 0.000000 0.000000 0.000000 
0.000000 0.000000 0.000000 0.000000 0.000000 0.000000 0.000000 0.000000 0.000000 0.000000 0.000000 0.000000 0.000000 0.000000 0.000000 0.000000 0.000000 0.000000 0.000000 0.000000 0.000000 0.000000 0.000000 0.000000 0.000000 0.000000 0.000000 0.000000 0.000000 0.000000 0.000000 0.000000 0.000000 0.000000 0.000000 0.000000 0.000000 0.000000 0.000000 0.000000 0.000000 0.000000 0.000000 0.000000 0.000000 0.000000 0.000000 0.000000 0.000000 0.000000 0.000000 0.000000 0.000000 0.000000 0.000000 0.000000 0.000000 0.000000 0.000000 0.000000 0.000000 0.000000 0.000000 0.000000 0.000000 0.000000 0.000000 0.000000 0.000000 0.000000 34.745064 34.606117 34.369816 34.100555 33.875916 33.781216 34.019306 33.837086 30.738060 28.276915 24.574686 20.236664 16.531752 14.823088 14.355712 13.930328 13.365151 9.855484 9.074028 8.799249 8.623365 8.556860 8.208770 7.940367 7.634322 7.622756 7.976465 8.157391 8.391557 7.161981 6.047486 5.784583 5.261397 5.788475 7.387175 7.740262 8.053380 8.234130 8.263198 8.094090 8.098690 7.861757 7.763505 7.681199 7.582806 7.508599 7.402692 7.362318 7.348856 7.406217 7.484017 7.544084 7.730621 7.937622 8.200047 10.705076 14.535574 19.476414 20.814846 21.314177 21.585579 22.177835 22.581644 22.864586 22.724880 22.961641 22.650913 21.834332 21.279947 20.929724 20.367125 20.333950 20.372105 20.403698 20.745541 21.160271 21.520456 22.872288 23.685621 24.379467 24.750916 25.145945 0.000000 0.000000 0.000000 0.000000 0.000000 0.000000 0.000000 0.000000 0.000000 0.000000 0.000000 0.000000 0.000000 0.000000 0.000000 0.000000 0.000000 0.000000 0.000000 0.000000 0.000000 0.000000 0.000000 0.000000 0.000000 0.000000 0.000000 0.000000 0.000000 0.000000 0.000000 0.000000 0.000000 0.000000 0.000000 0.000000 0.000000 0.000000 0.000000 0.000000 0.000000 0.000000 0.000000 0.000000 0.000000 0.000000 0.000000 0.000000 0.000000 0.000000 0.000000 0.000000 0.000000 0.000000 0.000000 0.000000 0.000000 0.000000 0.000000 0.000000 0.000000 0.000000 0.000000 0.000000 0.000000 0.000000 0.000000 0.000000 0.000000 0.000000 0.000000 0.000000 0.000000 0.000000 0.000000 0.000000 0.000000 0.000000 0.000000 0.000000 0.000000 0.000000 0.000000 0.000000 0.000000 0.000000 0.000000 
0.000000 0.000000 0.000000 0.000000 0.000000 0.000000 0.000000 0.000000 0.000000 0.000000 0.000000 0.000000 0.000000 0.000000 0.000000 0.000000 0.000000 0.000000 0.000000 0.000000 0.000000 0.000000 0.000000 0.000000 0.000000 0.000000 0.000000 0.000000 0.000000 0.000000 0.000000 0.000000 0.000000 0.000000 0.000000 0.000000 0.000000 0.000000 0.000000 0.000000 0.000000 0.000000 0.000000 0.000000 0.000000 0.000000 0.000000 0.000000 0.000000 0.000000 0.000000 0.000000 0.000000 0.000000 0.000000 0.000000 0.000000 0.000000 0.000000 0.000000 0.000000 0.000000 0.000000 0.000000 0.000000 0.000000 0.000000 0.000000 0.000000 0.000000 0.000000 34.672264 34.465427 34.326702 34.139149 33.872128 33.879604 33.252213 30.267960 27.452183 23.376936 19.942196 16.699650 15.039704 14.619852 14.041046 13.326872 9.933743 9.232598 8.803258 8.670533 8.192363 7.846647 7.764149 7.699662 7.628871 8.102797 8.202855 8.339818 7.254232 6.003998 5.493662 5.564815 6.456956 7.372031 7.738276 8.071129 8.305732 8.390961 8.330802 8.194891 8.107610 8.000800 7.820425 7.661998 7.592773 7.463055 7.362696 7.303625 7.334567 7.430190 7.572959 7.694402 8.084489 8.431951 11.489342 15.256215 19.931747 21.143660 21.903271 21.848711 22.311769 22.652578 23.131353 23.264730 23.468361 23.223436 22.668144 22.072271 22.006802 21.460024 21.478363 21.726002 21.794529 21.558338 21.591675 21.411034 22.444674 23.565708 24.539579 24.561575 24.799957 0.000000 0.000000 0.000000 0.000000 0.000000 0.000000 0.000000 0.000000 0.000000 0.000000 0.000000 0.000000 0.000000 0.000000 0.000000 0.000000 0.000000 0.000000 0.000000 0.000000 0.000000 0.000000 0.000000 0.000000 0.000000 0.000000 0.000000 0.000000 0.000000 0.000000 0.000000 0.000000 0.000000 0.000000 0.000000 0.000000 0.000000 0.000000 0.000000 0.000000 0.000000 0.000000 0.000000 0.000000 0.000000 0.000000 0.000000 0.000000 0.000000 0.000000 0.000000 0.000000 0.000000 0.000000 0.000000 0.000000 0.000000 0.000000 0.000000 0.000000 0.000000 0.000000 0.000000 0.000000 0.000000 0.000000 0.000000 0.000000 0.000000 0.000000 0.000000 0.000000 0.000000 0.000000 0.000000 0.000000 0.000000 0.000000 0.000000 0.000000 0.000000 0.000000 0.000000 0.000000 0.000000 0.000000 0.000000 
0.000000 0.000000 0.000000 0.000000 0.000000 0.000000 0.000000 0.000000 0.000000 0.000000 0.000000 0.000000 0.000000 0.000000 0.000000 0.000000 0.000000 0.000000 0.000000 0.000000 0.000000 0.000000 0.000000 0.000000 0.000000 0.000000 0.000000 0.000000 0.000000 0.000000 0.000000 0.000000 0.000000 0.000000 0.000000 0.000000 0.000000 0.000000 0.000000 0.000000 0.000000 0.000000 0.000000 0.000000 0.000000 0.000000 0.000000 0.000000 0.000000 0.000000 0.000000 0.000000 0.000000 0.000000 0.000000 0.000000 0.000000 0.000000 0.000000 0.000000 0.000000 0.000000 0.000000 0.000000 0.000000 0.000000 0.000000 0.000000 0.000000 0.000000 0.000000 34.930122 34.667969 34.508751 34.231861 33.907894 34.005177 32.593025 30.203375 27.184944 23.140257 19.953814 16.659372 15.258838 14.619633 13.911121 12.998101 9.719290 9.271074 9.009250 8.624525 8.124640 7.756182 7.778149 7.587581 7.783052 7.969418 8.147242 8.209276 7.259697 5.959525 5.036348 5.808125 6.947412 7.394059 7.632074 8.059585 8.309179 8.415239 8.374874 8.257709 8.161595 8.110737 8.022230 7.783825 7.754381 7.599486 7.471679 7.479421 7.476526 7.531668 7.675441 7.848915 8.138763 8.797116 12.491457 16.943628 20.605278 21.473911 21.942379 22.054125 22.738625 22.378540 23.421938 23.906301 24.068140 23.973183 23.399170 23.209599 22.993052 23.246721 23.264368 23.735682 23.289154 22.805222 22.392479 22.409300 22.713810 24.349377 24.296265 23.998573 0.000000 0.000000 0.000000 0.000000 0.000000 0.000000 0.000000 0.000000 0.000000 0.000000 0.000000 0.000000 0.000000 0.000000 0.000000 0.000000 0.000000 0.000000 0.000000 0.000000 0.000000 0.000000 0.000000 0.000000 0.000000 0.000000 0.000000 0.000000 0.000000 0.000000 0.000000 0.000000 0.000000 0.000000 0.000000 0.000000 0.000000 0.000000 0.000000 0.000000 0.000000 0.000000 0.000000 0.000000 0.000000 0.000000 0.000000 0.000000 0.000000 0.000000 0.000000 0.000000 0.000000 0.000000 0.000000 0.000000 0.000000 0.000000 0.000000 0.000000 0.000000 0.000000 0.000000 0.000000 0.000000 0.000000 0.000000 0.000000 0.000000 0.000000 0.000000 0.000000 0.000000 0.000000 0.000000 0.000000 0.000000 0.000000 0.000000 0.000000 0.000000 0.000000 0.000000 0.000000 0.000000 0.000000 0.000000 0.000000 
0.000000 0.000000 0.000000 0.000000 0.000000 0.000000 0.000000 0.000000 0.000000 0.000000 0.000000 0.000000 0.000000 0.000000 0.000000 0.000000 0.000000 0.000000 0.000000 0.000000 0.000000 0.000000 0.000000 0.000000 0.000000 0.000000 0.000000 0.000000 0.000000 0.000000 0.000000 0.000000 0.000000 0.000000 0.000000 0.000000 0.000000 0.000000 0.000000 0.000000 0.000000 0.000000 0.000000 0.000000 0.000000 0.000000 0.000000 0.000000 0.000000 0.000000 0.000000 0.000000 0.000000 0.000000 0.000000 0.000000 0.000000 0.000000 0.000000 0.000000 0.000000 0.000000 0.000000 0.000000 0.000000 0.000000 0.000000 0.000000 0.000000 0.000000 0.000000 35.206730 35.013649 34.715908 34.392559 33.967422 33.065044 31.011789 29.600641 27.588249 23.546272 19.792566 16.580906 15.426504 14.848469 13.948938 12.707828 9.751348 9.260242 8.864657 8.357963 8.020739 7.645563 7.471361 7.690796 8.178797 8.158973 8.110537 8.094131 6.797131 6.045708 5.823390 6.990893 7.708214 7.389190 7.753967 8.178386 8.308414 8.558776 8.392007 8.289490 8.218396 8.156421 7.999561 7.845706 7.808208 7.654005 7.632943 7.597604 7.621000 7.714846 7.850244 8.089884 8.424014 9.909440 14.010834 18.725451 20.580145 21.565487 22.264807 22.660030 23.173504 22.916643 23.709738 24.353949 24.573139 24.890842 24.632351 24.625540 24.491417 24.689449 25.136007 25.679834 24.796583 23.822042 23.060949 23.069513 23.257364 24.575302 23.927462 24.047909 0.000000 0.000000 0.000000 0.000000 0.000000 0.000000 0.000000 0.000000 0.000000 0.000000 0.000000 0.000000 0.000000 0.000000 0.000000 0.000000 0.000000 0.000000 0.000000 0.000000 0.000000 0.000000 0.000000 0.000000 0.000000 0.000000 0.000000 0.000000 0.000000 0.000000 0.000000 0.000000 0.000000 0.000000 0.000000 0.000000 0.000000 0.000000 0.000000 0.000000 0.000000 0.000000 0.000000 0.000000 0.000000 0.000000 0.000000 0.000000 0.000000 0.000000 0.000000 0.000000 0.000000 0.000000 0.000000 0.000000 0.000000 0.000000 0.000000 0.000000 0.000000 0.000000 0.000000 0.000000 0.000000 0.000000 0.000000 0.000000 0.000000 0.000000 0.000000 0.000000 0.000000 0.000000 0.000000 0.000000 0.000000 0.000000 0.000000 0.000000 0.000000 0.000000 0.000000 0.000000 0.000000 0.000000 0.000000 0.000000 
0.000000 0.000000 0.000000 0.000000 0.000000 0.000000 0.000000 0.000000 0.000000 0.000000 0.000000 0.000000 0.000000 0.000000 0.000000 0.000000 0.000000 0.000000 0.000000 0.000000 0.000000 0.000000 0.000000 0.000000 0.000000 0.000000 0.000000 0.000000 0.000000 0.000000 0.000000 0.000000 0.000000 0.000000 0.000000 0.000000 0.000000 0.000000 0.000000 0.000000 0.000000 0.000000 0.000000 0.000000 0.000000 0.000000 0.000000 0.000000 0.000000 0.000000 0.000000 0.000000 0.000000 0.000000 0.000000 0.000000 0.000000 0.000000 0.000000 0.000000 0.000000 0.000000 0.000000 0.000000 0.000000 0.000000 0.000000 0.000000 0.000000 0.000000 0.000000 35.395077 35.077553 34.803429 34.449085 34.222397 32.119499 27.292156 25.614500 25.391649 22.718294 19.566547 17.149504 16.079826 15.253637 13.832614 11.821191 9.955726 9.892259 9.126545 8.711086 8.221658 7.777919 7.549627 7.839533 8.481449 8.203500 8.109797 8.028708 7.021538 6.736787 7.389104 8.187252 7.759432 7.445578 7.810771 8.137632 8.382766 8.545649 8.418077 8.373102 8.185302 8.217387 8.087886 7.983286 7.937869 7.740050 7.655766 7.680711 7.769583 7.930117 8.093242 8.296721 9.000246 11.962461 15.010489 19.523321 20.696369 21.800932 22.322191 22.822165 23.825596 24.201675 24.468466 24.877605 25.188438 25.666794 25.835340 26.156267 25.860485 25.911491 26.854109 27.083256 26.135080 24.870188 24.024683 23.932484 24.656557 24.061659 23.531263 0.000000 0.000000 0.000000 0.000000 0.000000 0.000000 0.000000 0.000000 0.000000 0.000000 0.000000 0.000000 0.000000 0.000000 0.000000 0.000000 0.000000 0.000000 0.000000 0.000000 0.000000 0.000000 0.000000 0.000000 0.000000 0.000000 0.000000 0.000000 0.000000 0.000000 0.000000 0.000000 0.000000 0.000000 0.000000 0.000000 0.000000 0.000000 0.000000 0.000000 0.000000 0.000000 0.000000 0.000000 0.000000 0.000000 0.000000 0.000000 0.000000 0.000000 0.000000 0.000000 0.000000 0.000000 0.000000 0.000000 0.000000 0.000000 0.000000 0.000000 0.000000 0.000000 0.000000 0.000000 0.000000 0.000000 0.000000 0.000000 0.000000 0.000000 0.000000 0.000000 0.000000 0.000000 0.000000 0.000000 0.000000 0.000000 0.000000 0.000000 0.000000 0.000000 0.000000 0.000000 0.000000 0.000000 0.000000 0.000000 0.000000 
0.000000 0.000000 0.000000 0.000000 0.000000 0.000000 0.000000 0.000000 0.000000 0.000000 0.000000 0.000000 0.000000 0.000000 0.000000 0.000000 0.000000 0.000000 0.000000 0.000000 0.000000 0.000000 0.000000 0.000000 0.000000 0.000000 0.000000 0.000000 0.000000 0.000000 0.000000 0.000000 0.000000 0.000000 0.000000 0.000000 0.000000 0.000000 0.000000 0.000000 0.000000 0.000000 0.000000 0.000000 0.000000 0.000000 0.000000 0.000000 0.000000 0.000000 0.000000 0.000000 0.000000 0.000000 0.000000 0.000000 0.000000 0.000000 0.000000 0.000000 0.000000 0.000000 0.000000 0.000000 0.000000 0.000000 0.000000 0.000000 0.000000 0.000000 0.000000 0.000000 35.179920 34.877769 34.579048 34.775116 31.818115 26.525789 23.723652 22.290327 21.102835 19.032181 17.925825 16.568666 15.206582 13.858317 11.712192 10.066918 9.723392 9.295200 8.751883 8.294489 7.765815 7.392941 7.764347 8.570352 8.004201 8.026823 8.504109 7.582706 7.038010 7.899723 8.124047 7.639185 7.441324 7.855546 8.235740 8.416182 8.532208 8.387733 8.411702 8.277515 8.232986 8.098678 8.008257 7.944945 7.850046 7.801442 7.741911 7.836130 8.072467 8.201272 8.630247 10.772142 14.206483 16.594135 20.108747 21.166113 21.942829 22.345394 23.154989 24.051743 24.770552 25.257214 25.350697 25.782631 26.361261 26.870407 27.211197 26.993151 27.066732 28.009527 28.008045 27.267714 25.848753 24.930439 24.398865 24.824400 24.058502 24.172825 0.000000 0.000000 0.000000 0.000000 0.000000 0.000000 0.000000 0.000000 0.000000 0.000000 0.000000 0.000000 0.000000 0.000000 0.000000 0.000000 0.000000 0.000000 0.000000 0.000000 0.000000 0.000000 0.000000 0.000000 0.000000 0.000000 0.000000 0.000000 0.000000 0.000000 0.000000 0.000000 0.000000 0.000000 0.000000 0.000000 0.000000 0.000000 0.000000 0.000000 0.000000 0.000000 0.000000 0.000000 0.000000 0.000000 0.000000 0.000000 0.000000 0.000000 0.000000 0.000000 0.000000 0.000000 0.000000 0.000000 0.000000 0.000000 0.000000 0.000000 0.000000 0.000000 0.000000 0.000000 0.000000 0.000000 0.000000 0.000000 0.000000 0.000000 0.000000 0.000000 0.000000 0.000000 0.000000 0.000000 0.000000 0.000000 0.000000 0.000000 0.000000 0.000000 0.000000 0.000000 0.000000 0.000000 0.000000 0.000000 0.000000 
0.000000 0.000000 0.000000 0.000000 0.000000 0.000000 0.000000 0.000000 0.000000 0.000000 0.000000 0.000000 0.000000 0.000000 0.000000 0.000000 0.000000 0.000000 0.000000 0.000000 0.000000 0.000000 0.000000 0.000000 0.000000 0.000000 0.000000 0.000000 0.000000 0.000000 0.000000 0.000000 0.000000 0.000000 0.000000 0.000000 0.000000 0.000000 0.000000 0.000000 0.000000 0.000000 0.000000 0.000000 0.000000 0.000000 0.000000 0.000000 0.000000 0.000000 0.000000 0.000000 0.000000 0.000000 0.000000 0.000000 0.000000 0.000000 0.000000 0.000000 0.000000 0.000000 0.000000 0.000000 0.000000 0.000000 0.000000 0.000000 0.000000 0.000000 0.000000 0.000000 35.339836 35.021877 34.713905 34.679577 33.095051 29.314756 26.065666 23.205822 21.574642 19.948484 18.758083 16.855507 15.343031 13.911988 12.083061 10.598963 9.987164 9.487926 8.937113 8.251714 7.695186 7.326805 7.675424 8.782755 8.293721 7.906761 7.983067 7.154196 6.478814 7.918159 8.044908 7.391617 7.524578 7.971101 8.308670 8.511297 8.665773 8.547461 8.420074 8.275808 8.229300 8.153031 8.074198 7.923329 7.909786 7.859768 7.851341 7.944225 8.171405 8.502775 10.586704 13.605467 16.579498 19.072832 20.431145 21.307940 21.993851 22.696594 23.611322 24.422125 25.226940 25.817999 26.129560 26.937565 27.654652 28.050928 28.306866 28.245279 28.773407 29.120895 28.870340 28.064688 26.076527 24.932827 25.211975 24.788273 24.168926 0.000000 0.000000 0.000000 0.000000 0.000000 0.000000 0.000000 0.000000 0.000000 0.000000 0.000000 0.000000 0.000000 0.000000 0.000000 0.000000 0.000000 0.000000 0.000000 0.000000 0.000000 0.000000 0.000000 0.000000 0.000000 0.000000 0.000000 0.000000 0.000000 0.000000 0.000000 0.000000 0.000000 0.000000 0.000000 0.000000 0.000000 0.000000 0.000000 0.000000 0.000000 0.000000 0.000000 0.000000 0.000000 0.000000 0.000000 0.000000 0.000000 0.000000 0.000000 0.000000 0.000000 0.000000 0.000000 0.000000 0.000000 0.000000 0.000000 0.000000 0.000000 0.000000 0.000000 0.000000 0.000000 0.000000 0.000000 0.000000 0.000000 0.000000 0.000000 0.000000 0.000000 0.000000 0.000000 0.000000 0.000000 0.000000 0.000000 0.000000 0.000000 0.000000 0.000000 0.000000 0.000000 0.000000 0.000000 0.000000 0.000000 0.000000 
0.000000 0.000000 0.000000 0.000000 0.000000 0.000000 0.000000 0.000000 0.000000 0.000000 0.000000 0.000000 0.000000 0.000000 0.000000 0.000000 0.000000 0.000000 0.000000 0.000000 0.000000 0.000000 0.000000 0.000000 0.000000 0.000000 0.000000 0.000000 0.000000 0.000000 0.000000 0.000000 0.000000 0.000000 0.000000 0.000000 0.000000 0.000000 0.000000 0.000000 0.000000 0.000000 0.000000 0.000000 0.000000 0.000000 0.000000 0.000000 0.000000 0.000000 0.000000 0.000000 0.000000 0.000000 0.000000 0.000000 0.000000 0.000000 0.000000 0.000000 0.000000 0.000000 0.000000 0.000000 0.000000 0.000000 0.000000 0.000000 0.000000 0.000000 0.000000 0.000000 35.516682 35.182503 34.849232 34.527802 34.388214 32.937630 29.604099 24.867374 22.800657 20.806967 19.193693 17.194420 15.313635 14.071118 12.604526 11.355748 10.670362 9.961207 9.142435 8.443644 7.826008 7.550976 7.868040 8.474448 8.092773 7.592335 6.888741 6.476750 7.633714 8.044820 8.756108 7.656101 7.916303 8.308106 8.482641 8.656311 8.785534 8.594282 8.510612 8.430116 8.367858 8.283635 8.126437 8.039157 8.154337 8.102852 8.138626 8.229224 8.391729 10.263647 13.687603 16.199480 18.875566 19.767176 21.006512 21.733767 22.422922 23.389572 23.878387 24.635925 25.261101 26.017345 26.704430 27.372936 28.196930 28.789299 29.108986 29.296175 29.686316 29.812757 29.503599 28.373812 26.283648 25.644859 25.704632 25.419950 25.540819 0.000000 0.000000 0.000000 0.000000 0.000000 0.000000 0.000000 0.000000 0.000000 0.000000 0.000000 0.000000 0.000000 0.000000 0.000000 0.000000 0.000000 0.000000 0.000000 0.000000 0.000000 0.000000 0.000000 0.000000 0.000000 0.000000 0.000000 0.000000 0.000000 0.000000 0.000000 0.000000 0.000000 0.000000 0.000000 0.000000 0.000000 0.000000 0.000000 0.000000 0.000000 0.000000 0.000000 0.000000 0.000000 0.000000 0.000000 0.000000 0.000000 0.000000 0.000000 0.000000 0.000000 0.000000 0.000000 0.000000 0.000000 0.000000 0.000000 0.000000 0.000000 0.000000 0.000000 0.000000 0.000000 0.000000 0.000000 0.000000 0.000000 0.000000 0.000000 0.000000 0.000000 0.000000 0.000000 0.000000 0.000000 0.000000 0.000000 0.000000 0.000000 0.000000 0.000000 0.000000 0.000000 0.000000 0.000000 0.000000 0.000000 0.000000 
0.000000 0.000000 0.000000 0.000000 0.000000 0.000000 0.000000 0.000000 0.000000 0.000000 0.000000 0.000000 0.000000 0.000000 0.000000 0.000000 0.000000 0.000000 0.000000 0.000000 0.000000 0.000000 0.000000 0.000000 0.000000 0.000000 0.000000 0.000000 0.000000 0.000000 0.000000 0.000000 0.000000 0.000000 0.000000 0.000000 0.000000 0.000000 0.000000 0.000000 0.000000 0.000000 0.000000 0.000000 0.000000 0.000000 0.000000 0.000000 0.000000 0.000000 0.000000 0.000000 0.000000 0.000000 0.000000 0.000000 0.000000 0.000000 0.000000 0.000000 0.000000 0.000000 0.000000 0.000000 0.000000 0.000000 0.000000 0.000000 0.000000 0.000000 0.000000 0.000000 35.609146 35.298359 34.961456 34.572876 34.184265 34.340199 31.338579 27.882151 24.485819 20.972071 19.179979 17.436687 15.213423 14.145586 12.992357 11.751607 10.967560 10.305024 9.410265 8.570298 7.929277 7.685804 7.851441 8.213957 8.240010 7.726599 6.954397 6.861543 8.934931 8.682988 8.872153 7.568184 7.752662 8.455743 8.652534 8.826140 8.897747 8.732987 8.681024 8.611629 8.539034 8.403543 8.281635 8.198933 8.338921 8.336749 8.302741 8.531199 9.440821 12.465055 14.715858 18.068281 19.019186 20.014778 20.928598 21.738869 22.737947 23.562862 23.947826 24.693003 25.642103 26.471956 27.344837 27.647669 28.490288 29.151131 29.810673 29.584288 29.999619 30.153475 29.825790 27.934694 26.645908 26.589542 26.893036 27.236210 0.000000 0.000000 0.000000 0.000000 0.000000 0.000000 0.000000 0.000000 0.000000 0.000000 0.000000 0.000000 0.000000 0.000000 0.000000 0.000000 0.000000 0.000000 0.000000 0.000000 0.000000 0.000000 0.000000 0.000000 0.000000 0.000000 0.000000 0.000000 0.000000 0.000000 0.000000 0.000000 0.000000 0.000000 0.000000 0.000000 0.000000 0.000000 0.000000 0.000000 0.000000 0.000000 0.000000 0.000000 0.000000 0.000000 0.000000 0.000000 0.000000 0.000000 0.000000 0.000000 0.000000 0.000000 0.000000 0.000000 0.000000 0.000000 0.000000 0.000000 0.000000 0.000000 0.000000 0.000000 0.000000 0.000000 0.000000 0.000000 0.000000 0.000000 0.000000 0.000000 0.000000 0.000000 0.000000 0.000000 0.000000 0.000000 0.000000 0.000000 0.000000 0.000000 0.000000 0.000000 0.000000 0.000000 0.000000 0.000000 0.000000 0.000000 0.000000 
0.000000 0.000000 0.000000 0.000000 0.000000 0.000000 0.000000 0.000000 0.000000 0.000000 0.000000 0.000000 0.000000 0.000000 0.000000 0.000000 0.000000 0.000000 0.000000 0.000000 0.000000 0.000000 0.000000 0.000000 0.000000 0.000000 0.000000 0.000000 0.000000 0.000000 0.000000 0.000000 0.000000 0.000000 0.000000 0.000000 0.000000 0.000000 0.000000 0.000000 0.000000 0.000000 0.000000 0.000000 0.000000 0.000000 0.000000 0.000000 0.000000 0.000000 0.000000 0.000000 0.000000 0.000000 0.000000 0.000000 0.000000 0.000000 0.000000 0.000000 0.000000 0.000000 0.000000 0.000000 0.000000 0.000000 0.000000 0.000000 0.000000 0.000000 0.000000 0.000000 35.663071 35.401390 35.055950 34.700508 34.331593 33.712063 32.575199 31.346619 26.458284 22.262182 19.846889 18.001431 15.023888 13.778033 12.582685 11.692991 10.995022 10.464382 9.733356 8.790819 8.246775 7.883712 7.915998 8.239315 8.496280 8.456900 7.162528 7.510960 9.035201 8.958896 8.268813 7.667778 7.804850 8.510043 8.644946 8.880345 8.990986 8.746233 8.755698 8.683633 8.628698 8.549512 8.440678 8.340378 8.556712 8.670940 8.704698 8.770728 11.417919 13.515583 16.307100 18.442560 19.316051 20.558769 21.369745 21.707159 22.543131 23.441257 24.558847 24.752172 26.132269 26.997389 27.627844 28.144730 29.017590 29.627993 29.932663 30.109468 30.328096 30.204683 29.366909 27.724953 27.301373 27.649815 0.000000 0.000000 0.000000 0.000000 0.000000 0.000000 0.000000 0.000000 0.000000 0.000000 0.000000 0.000000 0.000000 0.000000 0.000000 0.000000 0.000000 0.000000 0.000000 0.000000 0.000000 0.000000 0.000000 0.000000 0.000000 0.000000 0.000000 0.000000 0.000000 0.000000 0.000000 0.000000 0.000000 0.000000 0.000000 0.000000 0.000000 0.000000 0.000000 0.000000 0.000000 0.000000 0.000000 0.000000 0.000000 0.000000 0.000000 0.000000 0.000000 0.000000 0.000000 0.000000 0.000000 0.000000 0.000000 0.000000 0.000000 0.000000 0.000000 0.000000 0.000000 0.000000 0.000000 0.000000 0.000000 0.000000 0.000000 0.000000 0.000000 0.000000 0.000000 0.000000 0.000000 0.000000 0.000000 0.000000 0.000000 0.000000 0.000000 0.000000 0.000000 0.000000 0.000000 0.000000 0.000000 0.000000 0.000000 0.000000 0.000000 0.000000 0.000000 0.000000 0.000000 
0.000000 0.000000 0.000000 0.000000 0.000000 0.000000 0.000000 0.000000 0.000000 0.000000 0.000000 0.000000 0.000000 0.000000 0.000000 0.000000 0.000000 0.000000 0.000000 0.000000 0.000000 0.000000 0.000000 0.000000 0.000000 0.000000 0.000000 0.000000 0.000000 0.000000 0.000000 0.000000 0.000000 0.000000 0.000000 0.000000 0.000000 0.000000 0.000000 0.000000 0.000000 0.000000 0.000000 0.000000 0.000000 0.000000 0.000000 0.000000 0.000000 0.000000 0.000000 0.000000 0.000000 0.000000 0.000000 0.000000 0.000000 0.000000 0.000000 0.000000 0.000000 0.000000 0.000000 0.000000 0.000000 0.000000 0.000000 0.000000 0.000000 0.000000 0.000000 0.000000 35.729191 35.469048 35.174755 34.816021 34.433842 34.026955 34.028114 33.658440 29.681812 25.030834 21.390781 18.549837 15.152118 13.604639 12.347511 11.019067 10.637907 10.370552 9.897022 9.111514 8.390181 8.020659 7.985535 8.372848 8.499911 8.502095 7.118845 7.401240 9.062745 9.193238 8.355106 7.629457 7.887360 8.439541 8.693551 8.931040 8.940082 8.815331 8.805841 8.765556 8.720834 8.610664 8.562775 8.444671 8.424286 8.548342 8.784684 9.386410 12.373832 14.591866 17.792313 18.940409 19.918663 20.763153 21.298857 22.223320 23.057562 23.828472 25.237675 26.097622 26.884171 27.451723 28.387888 29.129034 29.931700 29.742996 29.937504 30.360104 30.242247 30.059053 28.706955 27.788673 28.152369 0.000000 0.000000 0.000000 0.000000 0.000000 0.000000 0.000000 0.000000 0.000000 0.000000 0.000000 0.000000 0.000000 0.000000 0.000000 0.000000 0.000000 0.000000 0.000000 0.000000 0.000000 0.000000 0.000000 0.000000 0.000000 0.000000 0.000000 0.000000 0.000000 0.000000 0.000000 0.000000 0.000000 0.000000 0.000000 0.000000 0.000000 0.000000 0.000000 0.000000 0.000000 0.000000 0.000000 0.000000 0.000000 0.000000 0.000000 0.000000 0.000000 0.000000 0.000000 0.000000 0.000000 0.000000 0.000000 0.000000 0.000000 0.000000 0.000000 0.000000 0.000000 0.000000 0.000000 0.000000 0.000000 0.000000 0.000000 0.000000 0.000000 0.000000 0.000000 0.000000 0.000000 0.000000 0.000000 0.000000 0.000000 0.000000 0.000000 0.000000 0.000000 0.000000 0.000000 0.000000 0.000000 0.000000 0.000000 0.000000 0.000000 0.000000 0.000000 0.000000 0.000000 0.000000 
0.000000 0.000000 0.000000 0.000000 0.000000 0.000000 0.000000 0.000000 0.000000 0.000000 0.000000 0.000000 0.000000 0.000000 0.000000 0.000000 0.000000 0.000000 0.000000 0.000000 0.000000 0.000000 0.000000 0.000000 0.000000 0.000000 0.000000 0.000000 0.000000 0.000000 0.000000 0.000000 0.000000 0.000000 0.000000 0.000000 0.000000 0.000000 0.000000 0.000000 0.000000 0.000000 0.000000 0.000000 0.000000 0.000000 0.000000 0.000000 0.000000 0.000000 0.000000 0.000000 0.000000 0.000000 0.000000 0.000000 0.000000 0.000000 0.000000 0.000000 0.000000 0.000000 0.000000 0.000000 0.000000 0.000000 0.000000 0.000000 0.000000 0.000000 0.000000 0.000000 35.840694 35.523186 35.275333 34.871113 34.473606 34.158886 33.962376 34.004738 31.237381 27.778053 22.297575 19.183092 15.268028 13.491895 12.096844 10.927712 10.653801 10.407385 9.902968 9.237812 8.559196 8.180747 8.092849 9.302750 9.178787 8.494157 8.006947 8.073213 9.160363 8.679757 8.003356 7.620968 7.920136 8.391817 8.629251 8.898991 8.997463 9.005122 9.005149 8.926223 8.885159 8.774661 8.665221 8.654909 8.729164 8.883145 9.193611 11.178041 14.098367 17.111963 18.212297 19.237169 20.192167 20.749968 21.220573 22.422050 23.594049 24.532000 25.562767 26.838961 27.561647 28.213440 28.902143 29.536869 30.009926 30.120981 30.317804 30.120241 30.024300 29.336357 28.436028 0.000000 0.000000 0.000000 0.000000 0.000000 0.000000 0.000000 0.000000 0.000000 0.000000 0.000000 0.000000 0.000000 0.000000 0.000000 0.000000 0.000000 0.000000 0.000000 0.000000 0.000000 0.000000 0.000000 0.000000 0.000000 0.000000 0.000000 0.000000 0.000000 0.000000 0.000000 0.000000 0.000000 0.000000 0.000000 0.000000 0.000000 0.000000 0.000000 0.000000 0.000000 0.000000 0.000000 0.000000 0.000000 0.000000 0.000000 0.000000 0.000000 0.000000 0.000000 0.000000 0.000000 0.000000 0.000000 0.000000 0.000000 0.000000 0.000000 0.000000 0.000000 0.000000 0.000000 0.000000 0.000000 0.000000 0.000000 0.000000 0.000000 0.000000 0.000000 0.000000 0.000000 0.000000 0.000000 0.000000 0.000000 0.000000 0.000000 0.000000 0.000000 0.000000 0.000000 0.000000 0.000000 0.000000 0.000000 0.000000 0.000000 0.000000 0.000000 0.000000 0.000000 0.000000 0.000000 0.000000 
0.000000 0.000000 0.000000 0.000000 0.000000 0.000000 0.000000 0.000000 0.000000 0.000000 0.000000 0.000000 0.000000 0.000000 0.000000 0.000000 0.000000 0.000000 0.000000 0.000000 0.000000 0.000000 0.000000 0.000000 0.000000 0.000000 0.000000 0.000000 0.000000 0.000000 0.000000 0.000000 0.000000 0.000000 0.000000 0.000000 0.000000 0.000000 0.000000 0.000000 0.000000 0.000000 0.000000 0.000000 0.000000 0.000000 0.000000 0.000000 0.000000 0.000000 0.000000 0.000000 0.000000 0.000000 0.000000 0.000000 0.000000 0.000000 0.000000 0.000000 0.000000 0.000000 0.000000 0.000000 0.000000 0.000000 0.000000 0.000000 0.000000 0.000000 0.000000 0.000000 35.924194 35.658463 35.251240 34.858528 34.473366 34.159054 34.024773 33.386730 30.410423 26.657249 22.104448 19.881859 15.308684 13.960110 11.874081 10.786873 10.628243 10.429187 10.004271 9.378617 8.767742 8.290195 8.169077 8.873372 9.787800 8.568998 7.979838 8.500140 9.629292 8.375482 7.969172 7.576286 7.905882 8.284050 8.634799 8.891583 9.046631 9.142673 9.084624 8.963338 8.854739 8.875403 8.839270 8.957428 9.434461 9.709995 10.727701 14.144476 17.344433 18.112209 18.905117 19.537539 20.357983 20.728798 21.449759 22.669930 24.034836 25.355637 26.327961 27.542669 28.244356 29.089268 29.450260 30.254320 30.075348 30.268766 30.314564 30.195133 29.923752 29.165922 0.000000 0.000000 0.000000 0.000000 0.000000 0.000000 0.000000 0.000000 0.000000 0.000000 0.000000 0.000000 0.000000 0.000000 0.000000 0.000000 0.000000 0.000000 0.000000 0.000000 0.000000 0.000000 0.000000 0.000000 0.000000 0.000000 0.000000 0.000000 0.000000 0.000000 0.000000 0.000000 0.000000 0.000000 0.000000 0.000000 0.000000 0.000000 0.000000 0.000000 0.000000 0.000000 0.000000 0.000000 0.000000 0.000000 0.000000 0.000000 0.000000 0.000000 0.000000 0.000000 0.000000 0.000000 0.000000 0.000000 0.000000 0.000000 0.000000 0.000000 0.000000 0.000000 0.000000 0.000000 0.000000 0.000000 0.000000 0.000000 0.000000 0.000000 0.000000 0.000000 0.000000 0.000000 0.000000 0.000000 0.000000 0.000000 0.000000 0.000000 0.000000 0.000000 0.000000 0.000000 0.000000 0.000000 0.000000 0.000000 0.000000 0.000000 0.000000 0.000000 0.000000 0.000000 0.000000 0.000000 0.000000 
0.000000 0.000000 0.000000 0.000000 0.000000 0.000000 0.000000 0.000000 0.000000 0.000000 0.000000 0.000000 0.000000 0.000000 0.000000 0.000000 0.000000 0.000000 0.000000 0.000000 0.000000 0.000000 0.000000 0.000000 0.000000 0.000000 0.000000 0.000000 0.000000 0.000000 0.000000 0.000000 0.000000 0.000000 0.000000 0.000000 0.000000 0.000000 0.000000 0.000000 0.000000 0.000000 0.000000 0.000000 0.000000 0.000000 0.000000 0.000000 0.000000 0.000000 0.000000 0.000000 0.000000 0.000000 0.000000 0.000000 0.000000 0.000000 0.000000 0.000000 0.000000 0.000000 0.000000 0.000000 0.000000 0.000000 0.000000 0.000000 0.000000 0.000000 0.000000 0.000000 35.997757 35.680031 35.338902 34.894917 34.524654 34.196800 34.206532 32.626369 28.746475 24.426229 21.548805 19.634558 15.010913 13.992575 11.704253 10.915675 10.640379 10.256594 9.849208 9.286623 8.655011 8.334888 8.196105 8.607287 9.463194 7.508280 6.239458 8.319058 9.209926 8.673325 7.915030 7.561899 7.951515 8.357296 8.698256 8.912528 9.121535 9.177203 8.968162 8.868087 8.828870 8.885118 9.510781 9.490632 9.852872 10.744254 13.687058 16.062038 17.539560 17.968536 19.333851 20.038731 20.457205 20.098331 21.186249 23.089291 24.536234 25.980003 27.096729 28.203808 29.167387 29.487539 29.926907 30.156748 29.914616 29.988493 30.088928 30.010807 0.000000 0.000000 0.000000 0.000000 0.000000 0.000000 0.000000 0.000000 0.000000 0.000000 0.000000 0.000000 0.000000 0.000000 0.000000 0.000000 0.000000 0.000000 0.000000 0.000000 0.000000 0.000000 0.000000 0.000000 0.000000 0.000000 0.000000 0.000000 0.000000 0.000000 0.000000 0.000000 0.000000 0.000000 0.000000 0.000000 0.000000 0.000000 0.000000 0.000000 0.000000 0.000000 0.000000 0.000000 0.000000 0.000000 0.000000 0.000000 0.000000 0.000000 0.000000 0.000000 0.000000 0.000000 0.000000 0.000000 0.000000 0.000000 0.000000 0.000000 0.000000 0.000000 0.000000 0.000000 0.000000 0.000000 0.000000 0.000000 0.000000 0.000000 0.000000 0.000000 0.000000 0.000000 0.000000 0.000000 0.000000 0.000000 0.000000 0.000000 0.000000 0.000000 0.000000 0.000000 0.000000 0.000000 0.000000 0.000000 0.000000 0.000000 0.000000 0.000000 0.000000 0.000000 0.000000 0.000000 0.000000 0.000000 0.000000 
0.000000 0.000000 0.000000 0.000000 0.000000 0.000000 0.000000 0.000000 0.000000 0.000000 0.000000 0.000000 0.000000 0.000000 0.000000 0.000000 0.000000 0.000000 0.000000 0.000000 0.000000 0.000000 0.000000 0.000000 0.000000 0.000000 0.000000 0.000000 0.000000 0.000000 0.000000 0.000000 0.000000 0.000000 0.000000 0.000000 0.000000 0.000000 0.000000 0.000000 0.000000 0.000000 0.000000 0.000000 0.000000 0.000000 0.000000 0.000000 0.000000 0.000000 0.000000 0.000000 0.000000 0.000000 0.000000 0.000000 0.000000 0.000000 0.000000 0.000000 0.000000 0.000000 0.000000 0.000000 0.000000 0.000000 0.000000 0.000000 0.000000 0.000000 0.000000 0.000000 0.000000 35.743504 35.440262 35.041893 34.657917 34.350220 33.379993 30.524242 26.351006 22.806242 20.656963 19.171528 14.693039 13.972684 11.466121 10.759452 10.393678 10.065341 9.608286 9.130619 8.620988 8.358628 8.136409 8.562482 9.724776 7.112152 6.385339 8.815564 9.077681 8.621499 7.872790 7.569892 8.080053 8.428138 8.791171 8.996141 9.180591 9.253917 9.065661 8.947365 9.032882 9.245909 10.202031 10.478938 11.203445 12.549710 14.692442 16.248760 17.020710 17.546219 18.204023 18.821728 19.348295 19.556976 20.865757 23.532415 25.073448 26.434254 27.780722 28.822456 29.691238 29.726057 29.884790 30.214905 30.418926 30.593777 30.270094 0.000000 0.000000 0.000000 0.000000 0.000000 0.000000 0.000000 0.000000 0.000000 0.000000 0.000000 0.000000 0.000000 0.000000 0.000000 0.000000 0.000000 0.000000 0.000000 0.000000 0.000000 0.000000 0.000000 0.000000 0.000000 0.000000 0.000000 0.000000 0.000000 0.000000 0.000000 0.000000 0.000000 0.000000 0.000000 0.000000 0.000000 0.000000 0.000000 0.000000 0.000000 0.000000 0.000000 0.000000 0.000000 0.000000 0.000000 0.000000 0.000000 0.000000 0.000000 0.000000 0.000000 0.000000 0.000000 0.000000 0.000000 0.000000 0.000000 0.000000 0.000000 0.000000 0.000000 0.000000 0.000000 0.000000 0.000000 0.000000 0.000000 0.000000 0.000000 0.000000 0.000000 0.000000 0.000000 0.000000 0.000000 0.000000 0.000000 0.000000 0.000000 0.000000 0.000000 0.000000 0.000000 0.000000 0.000000 0.000000 0.000000 0.000000 0.000000 0.000000 0.000000 0.000000 0.000000 0.000000 0.000000 0.000000 0.000000 0.000000 
0.000000 0.000000 0.000000 0.000000 0.000000 0.000000 0.000000 0.000000 0.000000 0.000000 0.000000 0.000000 0.000000 0.000000 0.000000 0.000000 0.000000 0.000000 0.000000 0.000000 0.000000 0.000000 0.000000 0.000000 0.000000 0.000000 0.000000 0.000000 0.000000 0.000000 0.000000 0.000000 0.000000 0.000000 0.000000 0.000000 0.000000 0.000000 0.000000 0.000000 0.000000 0.000000 0.000000 0.000000 0.000000 0.000000 0.000000 0.000000 0.000000 0.000000 0.000000 0.000000 0.000000 0.000000 0.000000 0.000000 0.000000 0.000000 0.000000 0.000000 0.000000 0.000000 0.000000 0.000000 0.000000 0.000000 0.000000 0.000000 0.000000 0.000000 0.000000 0.000000 0.000000 35.875095 35.493942 35.136158 34.765198 35.183781 33.358421 29.781164 25.285725 22.087849 20.297739 17.798532 14.420617 13.519513 11.260568 10.696651 10.408802 10.063457 9.616785 9.163183 8.754145 8.498677 8.244436 8.405302 9.669216 6.954953 6.688354 8.799525 9.100251 8.460364 7.823664 7.615119 8.157827 8.567162 8.858146 9.036404 9.262527 9.321959 9.203008 9.146242 9.306339 9.633672 10.364312 10.972172 12.138647 13.779111 15.320825 16.507000 17.294203 17.867285 18.488180 18.862785 19.319742 19.587345 21.140987 23.838213 25.691427 26.967434 28.263582 29.431505 29.982264 30.391565 30.273819 30.661556 30.927729 0.000000 0.000000 0.000000 0.000000 0.000000 0.000000 0.000000 0.000000 0.000000 0.000000 0.000000 0.000000 0.000000 0.000000 0.000000 0.000000 0.000000 0.000000 0.000000 0.000000 0.000000 0.000000 0.000000 0.000000 0.000000 0.000000 0.000000 0.000000 0.000000 0.000000 0.000000 0.000000 0.000000 0.000000 0.000000 0.000000 0.000000 0.000000 0.000000 0.000000 0.000000 0.000000 0.000000 0.000000 0.000000 0.000000 0.000000 0.000000 0.000000 0.000000 0.000000 0.000000 0.000000 0.000000 0.000000 0.000000 0.000000 0.000000 0.000000 0.000000 0.000000 0.000000 0.000000 0.000000 0.000000 0.000000 0.000000 0.000000 0.000000 0.000000 0.000000 0.000000 0.000000 0.000000 0.000000 0.000000 0.000000 0.000000 0.000000 0.000000 0.000000 0.000000 0.000000 0.000000 0.000000 0.000000 0.000000 0.000000 0.000000 0.000000 0.000000 0.000000 0.000000 0.000000 0.000000 0.000000 0.000000 0.000000 0.000000 0.000000 0.000000 0.000000 
0.000000 0.000000 0.000000 0.000000 0.000000 0.000000 0.000000 0.000000 0.000000 0.000000 0.000000 0.000000 0.000000 0.000000 0.000000 0.000000 0.000000 0.000000 0.000000 0.000000 0.000000 0.000000 0.000000 0.000000 0.000000 0.000000 0.000000 0.000000 0.000000 0.000000 0.000000 0.000000 0.000000 0.000000 0.000000 0.000000 0.000000 0.000000 0.000000 0.000000 0.000000 0.000000 0.000000 0.000000 0.000000 0.000000 0.000000 0.000000 0.000000 0.000000 0.000000 0.000000 0.000000 0.000000 0.000000 0.000000 0.000000 0.000000 0.000000 0.000000 0.000000 0.000000 0.000000 0.000000 0.000000 0.000000 0.000000 0.000000 0.000000 0.000000 0.000000 0.000000 0.000000 35.839413 35.570740 35.316177 35.034103 35.275894 32.964451 28.151310 23.313602 20.495670 19.906096 17.670504 14.254406 13.273132 11.119504 10.589008 10.315222 10.053285 9.642357 9.127265 8.739387 8.483642 8.254794 8.460556 9.852347 7.359363 6.888205 8.419881 9.192554 8.371073 7.813590 7.825566 8.321929 8.687672 8.895175 9.105346 9.292359 9.393193 9.335513 9.350533 9.605680 10.134136 10.805780 11.751022 13.237926 14.804586 15.948637 16.872904 17.529106 18.046345 18.503466 18.902456 19.295200 19.755301 21.646740 23.788498 25.610197 27.309834 28.779148 29.777882 30.228155 30.727343 30.990429 31.299685 0.000000 0.000000 0.000000 0.000000 0.000000 0.000000 0.000000 0.000000 0.000000 0.000000 0.000000 0.000000 0.000000 0.000000 0.000000 0.000000 0.000000 0.000000 0.000000 0.000000 0.000000 0.000000 0.000000 0.000000 0.000000 0.000000 0.000000 0.000000 0.000000 0.000000 0.000000 0.000000 0.000000 0.000000 0.000000 0.000000 0.000000 0.000000 0.000000 0.000000 0.000000 0.000000 0.000000 0.000000 0.000000 0.000000 0.000000 0.000000 0.000000 0.000000 0.000000 0.000000 0.000000 0.000000 0.000000 0.000000 0.000000 0.000000 0.000000 0.000000 0.000000 0.000000 0.000000 0.000000 0.000000 0.000000 0.000000 0.000000 0.000000 0.000000 0.000000 0.000000 0.000000 0.000000 0.000000 0.000000 0.000000 0.000000 0.000000 0.000000 0.000000 0.000000 0.000000 0.000000 0.000000 0.000000 0.000000 0.000000 0.000000 0.000000 0.000000 0.000000 0.000000 0.000000 0.000000 0.000000 0.000000 0.000000 0.000000 0.000000 0.000000 0.000000 0.000000 
0.000000 0.000000 0.000000 0.000000 0.000000 0.000000 0.000000 0.000000 0.000000 0.000000 0.000000 0.000000 0.000000 0.000000 0.000000 0.000000 0.000000 0.000000 0.000000 0.000000 0.000000 0.000000 0.000000 0.000000 0.000000 0.000000 0.000000 0.000000 0.000000 0.000000 0.000000 0.000000 0.000000 0.000000 0.000000 0.000000 0.000000 0.000000 0.000000 0.000000 0.000000 0.000000 0.000000 0.000000 0.000000 0.000000 0.000000 0.000000 0.000000 0.000000 0.000000 0.000000 0.000000 0.000000 0.000000 0.000000 0.000000 0.000000 0.000000 0.000000 0.000000 0.000000 0.000000 0.000000 0.000000 0.000000 0.000000 0.000000 0.000000 0.000000 0.000000 0.000000 0.000000 36.038158 35.768318 35.474915 35.440361 34.786839 31.486444 26.420486 21.749882 19.156078 18.722477 17.031282 13.980536 12.915862 11.087766 10.695156 10.409122 10.206824 9.825199 9.324097 8.951442 8.801596 8.621603 8.564882 9.860071 7.299638 6.850185 8.954858 10.278050 8.786118 7.810028 7.993521 8.588759 8.821698 8.992560 9.181421 9.364981 9.500160 9.496867 9.633894 10.017081 10.847894 11.594593 12.830811 14.296021 15.529828 16.350723 17.090246 17.704082 18.251247 18.732525 19.131037 19.558290 20.076548 21.948488 23.860167 25.846247 27.581766 29.271496 30.586708 30.940891 31.534544 0.000000 0.000000 0.000000 0.000000 0.000000 0.000000 0.000000 0.000000 0.000000 0.000000 0.000000 0.000000 0.000000 0.000000 0.000000 0.000000 0.000000 0.000000 0.000000 0.000000 0.000000 0.000000 0.000000 0.000000 0.000000 0.000000 0.000000 0.000000 0.000000 0.000000 0.000000 0.000000 0.000000 0.000000 0.000000 0.000000 0.000000 0.000000 0.000000 0.000000 0.000000 0.000000 0.000000 0.000000 0.000000 0.000000 0.000000 0.000000 0.000000 0.000000 0.000000 0.000000 0.000000 0.000000 0.000000 0.000000 0.000000 0.000000 0.000000 0.000000 0.000000 0.000000 0.000000 0.000000 0.000000 0.000000 0.000000 0.000000 0.000000 0.000000 0.000000 0.000000 0.000000 0.000000 0.000000 0.000000 0.000000 0.000000 0.000000 0.000000 0.000000 0.000000 0.000000 0.000000 0.000000 0.000000 0.000000 0.000000 0.000000 0.000000 0.000000 0.000000 0.000000 0.000000 0.000000 0.000000 0.000000 0.000000 0.000000 0.000000 0.000000 0.000000 0.000000 0.000000 0.000000 
0.000000 0.000000 0.000000 0.000000 0.000000 0.000000 0.000000 0.000000 0.000000 0.000000 0.000000 0.000000 0.000000 0.000000 0.000000 0.000000 0.000000 0.000000 0.000000 0.000000 0.000000 0.000000 0.000000 0.000000 0.000000 0.000000 0.000000 0.000000 0.000000 0.000000 0.000000 0.000000 0.000000 0.000000 0.000000 0.000000 0.000000 0.000000 0.000000 0.000000 0.000000 0.000000 0.000000 0.000000 0.000000 0.000000 0.000000 0.000000 0.000000 0.000000 0.000000 0.000000 0.000000 0.000000 0.000000 0.000000 0.000000 0.000000 0.000000 0.000000 0.000000 0.000000 0.000000 0.000000 0.000000 0.000000 0.000000 0.000000 0.000000 0.000000 0.000000 0.000000 0.000000 36.249409 35.961288 35.695213 35.886215 34.685093 30.708588 25.459822 21.124231 19.233900 18.315405 14.971463 14.009857 12.694560 11.069113 10.841424 10.605186 10.355485 9.955370 9.452200 9.090217 8.855670 8.722163 8.717174 9.181102 7.429156 6.951734 9.440619 10.256936 8.567474 7.769224 8.175649 8.746393 9.031235 9.196936 9.317101 9.563757 9.726184 9.910628 10.217772 10.723339 11.887048 12.736257 14.020376 15.100189 15.915793 16.578152 17.255836 17.793592 18.302361 18.834150 19.257605 19.767431 20.422504 22.426958 24.224621 26.056318 27.673668 29.107719 30.677135 0.000000 0.000000 0.000000 0.000000 0.000000 0.000000 0.000000 0.000000 0.000000 0.000000 0.000000 0.000000 0.000000 0.000000 0.000000 0.000000 0.000000 0.000000 0.000000 0.000000 0.000000 0.000000 0.000000 0.000000 0.000000 0.000000 0.000000 0.000000 0.000000 0.000000 0.000000 0.000000 0.000000 0.000000 0.000000 0.000000 0.000000 0.000000 0.000000 0.000000 0.000000 0.000000 0.000000 0.000000 0.000000 0.000000 0.000000 0.000000 0.000000 0.000000 0.000000 0.000000 0.000000 0.000000 0.000000 0.000000 0.000000 0.000000 0.000000 0.000000 0.000000 0.000000 0.000000 0.000000 0.000000 0.000000 0.000000 0.000000 0.000000 0.000000 0.000000 0.000000 0.000000 0.000000 0.000000 0.000000 0.000000 0.000000 0.000000 0.000000 0.000000 0.000000 0.000000 0.000000 0.000000 0.000000 0.000000 0.000000 0.000000 0.000000 0.000000 0.000000 0.000000 0.000000 0.000000 0.000000 0.000000 0.000000 0.000000 0.000000 0.000000 0.000000 0.000000 0.000000 0.000000 0.000000 0.000000 
0.000000 0.000000 0.000000 0.000000 0.000000 0.000000 0.000000 0.000000 0.000000 0.000000 0.000000 0.000000 0.000000 0.000000 0.000000 0.000000 0.000000 0.000000 0.000000 0.000000 0.000000 0.000000 0.000000 0.000000 0.000000 0.000000 0.000000 0.000000 0.000000 0.000000 0.000000 0.000000 0.000000 0.000000 0.000000 0.000000 0.000000 0.000000 0.000000 0.000000 0.000000 0.000000 0.000000 0.000000 0.000000 0.000000 0.000000 0.000000 0.000000 0.000000 0.000000 0.000000 0.000000 0.000000 0.000000 0.000000 0.000000 0.000000 0.000000 0.000000 0.000000 0.000000 0.000000 0.000000 0.000000 0.000000 0.000000 0.000000 0.000000 0.000000 0.000000 0.000000 0.000000 36.534340 36.164108 35.890732 36.097763 33.558556 29.500183 24.837631 20.212393 19.147152 17.909042 15.762936 13.984406 12.546496 11.214951 10.932100 10.642258 10.376973 9.999915 9.600553 9.245433 8.891262 8.854819 8.849300 9.446663 7.500831 7.108776 9.954879 10.072582 8.421311 7.805085 8.486809 8.980795 9.422977 9.479364 9.636591 10.018891 10.277515 10.596055 11.354799 11.994273 12.929324 13.950634 14.874899 15.576688 16.174576 16.773146 17.382618 17.923697 18.408783 18.946642 19.390690 20.000792 20.736628 23.018950 24.763515 26.661644 28.395208 29.935457 0.000000 0.000000 0.000000 0.000000 0.000000 0.000000 0.000000 0.000000 0.000000 0.000000 0.000000 0.000000 0.000000 0.000000 0.000000 0.000000 0.000000 0.000000 0.000000 0.000000 0.000000 0.000000 0.000000 0.000000 0.000000 0.000000 0.000000 0.000000 0.000000 0.000000 0.000000 0.000000 0.000000 0.000000 0.000000 0.000000 0.000000 0.000000 0.000000 0.000000 0.000000 0.000000 0.000000 0.000000 0.000000 0.000000 0.000000 0.000000 0.000000 0.000000 0.000000 0.000000 0.000000 0.000000 0.000000 0.000000 0.000000 0.000000 0.000000 0.000000 0.000000 0.000000 0.000000 0.000000 0.000000 0.000000 0.000000 0.000000 0.000000 0.000000 0.000000 0.000000 0.000000 0.000000 0.000000 0.000000 0.000000 0.000000 0.000000 0.000000 0.000000 0.000000 0.000000 0.000000 0.000000 0.000000 0.000000 0.000000 0.000000 0.000000 0.000000 0.000000 0.000000 0.000000 0.000000 0.000000 0.000000 0.000000 0.000000 0.000000 0.000000 0.000000 0.000000 0.000000 0.000000 0.000000 0.000000 0.000000 
0.000000 0.000000 0.000000 0.000000 0.000000 0.000000 0.000000 0.000000 0.000000 0.000000 0.000000 0.000000 0.000000 0.000000 0.000000 0.000000 0.000000 0.000000 0.000000 0.000000 0.000000 0.000000 0.000000 0.000000 0.000000 0.000000 0.000000 0.000000 0.000000 0.000000 0.000000 0.000000 0.000000 0.000000 0.000000 0.000000 0.000000 0.000000 0.000000 0.000000 0.000000 0.000000 0.000000 0.000000 0.000000 0.000000 0.000000 0.000000 0.000000 0.000000 0.000000 0.000000 0.000000 0.000000 0.000000 0.000000 0.000000 0.000000 0.000000 0.000000 0.000000 0.000000 0.000000 0.000000 0.000000 0.000000 0.000000 0.000000 0.000000 0.000000 0.000000 0.000000 0.000000 36.723797 36.391865 36.101303 36.247181 33.216450 28.763401 24.722002 20.008541 18.986423 17.936104 16.086685 13.881389 12.471187 11.203443 10.837910 10.590240 10.321701 9.944554 9.430459 9.034089 8.898856 8.902298 8.931245 8.980616 7.348566 7.226903 9.286716 9.500295 8.235732 7.944590 8.754027 9.202384 9.744985 9.850865 10.267831 10.561108 11.027431 11.710285 12.519024 13.160967 14.022107 14.849604 15.519136 16.030832 16.583889 17.141273 17.591127 18.079185 18.540985 19.062435 19.584110 20.244280 21.119844 23.592173 25.078962 27.241369 0.000000 0.000000 0.000000 0.000000 0.000000 0.000000 0.000000 0.000000 0.000000 0.000000 0.000000 0.000000 0.000000 0.000000 0.000000 0.000000 0.000000 0.000000 0.000000 0.000000 0.000000 0.000000 0.000000 0.000000 0.000000 0.000000 0.000000 0.000000 0.000000 0.000000 0.000000 0.000000 0.000000 0.000000 0.000000 0.000000 0.000000 0.000000 0.000000 0.000000 0.000000 0.000000 0.000000 0.000000 0.000000 0.000000 0.000000 0.000000 0.000000 0.000000 0.000000 0.000000 0.000000 0.000000 0.000000 0.000000 0.000000 0.000000 0.000000 0.000000 0.000000 0.000000 0.000000 0.000000 0.000000 0.000000 0.000000 0.000000 0.000000 0.000000 0.000000 0.000000 0.000000 0.000000 0.000000 0.000000 0.000000 0.000000 0.000000 0.000000 0.000000 0.000000 0.000000 0.000000 0.000000 0.000000 0.000000 0.000000 0.000000 0.000000 0.000000 0.000000 0.000000 0.000000 0.000000 0.000000 0.000000 0.000000 0.000000 0.000000 0.000000 0.000000 0.000000 0.000000 0.000000 0.000000 0.000000 0.000000 0.000000 0.000000 
0.000000 0.000000 0.000000 0.000000 0.000000 0.000000 0.000000 0.000000 0.000000 0.000000 0.000000 0.000000 0.000000 0.000000 0.000000 0.000000 0.000000 0.000000 0.000000 0.000000 0.000000 0.000000 0.000000 0.000000 0.000000 0.000000 0.000000 0.000000 0.000000 0.000000 0.000000 0.000000 0.000000 0.000000 0.000000 0.000000 0.000000 0.000000 0.000000 0.000000 0.000000 0.000000 0.000000 0.000000 0.000000 0.000000 0.000000 0.000000 0.000000 0.000000 0.000000 0.000000 0.000000 0.000000 0.000000 0.000000 0.000000 0.000000 0.000000 0.000000 0.000000 0.000000 0.000000 0.000000 0.000000 0.000000 0.000000 0.000000 0.000000 0.000000 0.000000 0.000000 0.000000 0.000000 36.600647 36.325649 36.366604 33.388878 28.181936 24.829296 21.090698 20.645737 17.835440 15.657178 13.923627 12.244426 11.408698 10.996437 10.778857 10.444733 9.983064 9.562021 9.299089 9.023785 9.047041 9.023258 9.276237 7.302570 7.180897 9.110221 9.260827 7.988021 8.164217 8.978311 9.372824 10.006205 10.363823 10.911084 11.506594 12.060256 13.058846 13.609506 14.135224 14.798707 15.423113 15.834550 16.262943 16.869781 17.401976 17.884392 18.341042 18.761978 19.214067 19.663027 20.303196 21.517372 23.975677 25.668932 0.000000 0.000000 0.000000 0.000000 0.000000 0.000000 0.000000 0.000000 0.000000 0.000000 0.000000 0.000000 0.000000 0.000000 0.000000 0.000000 0.000000 0.000000 0.000000 0.000000 0.000000 0.000000 0.000000 0.000000 0.000000 0.000000 0.000000 0.000000 0.000000 0.000000 0.000000 0.000000 0.000000 0.000000 0.000000 0.000000 0.000000 0.000000 0.000000 0.000000 0.000000 0.000000 0.000000 0.000000 0.000000 0.000000 0.000000 0.000000 0.000000 0.000000 0.000000 0.000000 0.000000 0.000000 0.000000 0.000000 0.000000 0.000000 0.000000 0.000000 0.000000 0.000000 0.000000 0.000000 0.000000 0.000000 0.000000 0.000000 0.000000 0.000000 0.000000 0.000000 0.000000 0.000000 0.000000 0.000000 0.000000 0.000000 0.000000 0.000000 0.000000 0.000000 0.000000 0.000000 0.000000 0.000000 0.000000 0.000000 0.000000 0.000000 0.000000 0.000000 0.000000 0.000000 0.000000 0.000000 0.000000 0.000000 0.000000 0.000000 0.000000 0.000000 0.000000 0.000000 0.000000 0.000000 0.000000 0.000000 0.000000 0.000000 0.000000 
0.000000 0.000000 0.000000 0.000000 0.000000 0.000000 0.000000 0.000000 0.000000 0.000000 0.000000 0.000000 0.000000 0.000000 0.000000 0.000000 0.000000 0.000000 0.000000 0.000000 0.000000 0.000000 0.000000 0.000000 0.000000 0.000000 0.000000 0.000000 0.000000 0.000000 0.000000 0.000000 0.000000 0.000000 0.000000 0.000000 0.000000 0.000000 0.000000 0.000000 0.000000 0.000000 0.000000 0.000000 0.000000 0.000000 0.000000 0.000000 0.000000 0.000000 0.000000 0.000000 0.000000 0.000000 0.000000 0.000000 0.000000 0.000000 0.000000 0.000000 0.000000 0.000000 0.000000 0.000000 0.000000 0.000000 0.000000 0.000000 0.000000 0.000000 0.000000 0.000000 0.000000 0.000000 36.839169 36.568771 37.031517 34.406284 29.223698 24.839533 20.051493 18.688425 17.610020 14.882948 13.951761 12.592461 11.715519 11.377056 11.076435 10.550422 10.037353 9.634333 9.434384 9.157810 9.129395 9.198442 9.600521 7.633668 7.533585 9.083705 8.624897 7.974221 8.458613 9.162704 9.550452 10.153275 10.678749 11.547819 12.175575 13.369886 14.156603 14.440351 14.794708 15.242968 15.664052 16.112225 16.503550 17.075758 17.608747 18.006025 18.536114 18.933069 19.368629 19.879646 20.444683 22.017071 0.000000 0.000000 0.000000 0.000000 0.000000 0.000000 0.000000 0.000000 0.000000 0.000000 0.000000 0.000000 0.000000 0.000000 0.000000 0.000000 0.000000 0.000000 0.000000 0.000000 0.000000 0.000000 0.000000 0.000000 0.000000 0.000000 0.000000 0.000000 0.000000 0.000000 0.000000 0.000000 0.000000 0.000000 0.000000 0.000000 0.000000 0.000000 0.000000 0.000000 0.000000 0.000000 0.000000 0.000000 0.000000 0.000000 0.000000 0.000000 0.000000 0.000000 0.000000 0.000000 0.000000 0.000000 0.000000 0.000000 0.000000 0.000000 0.000000 0.000000 0.000000 0.000000 0.000000 0.000000 0.000000 0.000000 0.000000 0.000000 0.000000 0.000000 0.000000 0.000000 0.000000 0.000000 0.000000 0.000000 0.000000 0.000000 0.000000 0.000000 0.000000 0.000000 0.000000 0.000000 0.000000 0.000000 0.000000 0.000000 0.000000 0.000000 0.000000 0.000000 0.000000 0.000000 0.000000 0.000000 0.000000 0.000000 0.000000 0.000000 0.000000 0.000000 0.000000 0.000000 0.000000 0.000000 0.000000 0.000000 0.000000 0.000000 0.000000 0.000000 0.000000 
0.000000 0.000000 0.000000 0.000000 0.000000 0.000000 0.000000 0.000000 0.000000 0.000000 0.000000 0.000000 0.000000 0.000000 0.000000 0.000000 0.000000 0.000000 0.000000 0.000000 0.000000 0.000000 0.000000 0.000000 0.000000 0.000000 0.000000 0.000000 0.000000 0.000000 0.000000 0.000000 0.000000 0.000000 0.000000 0.000000 0.000000 0.000000 0.000000 0.000000 0.000000 0.000000 0.000000 0.000000 0.000000 0.000000 0.000000 0.000000 0.000000 0.000000 0.000000 0.000000 0.000000 0.000000 0.000000 0.000000 0.000000 0.000000 0.000000 0.000000 0.000000 0.000000 0.000000 0.000000 0.000000 0.000000 0.000000 0.000000 0.000000 0.000000 0.000000 0.000000 0.000000 0.000000 0.000000 0.000000 0.000000 0.000000 31.586819 26.412594 20.302597 18.121807 16.864973 14.165852 13.827942 12.497514 11.883067 11.443830 11.014342 10.456273 9.975067 9.639717 9.417341 9.187580 9.167514 9.432358 9.311926 7.707987 7.613459 9.701523 8.776617 7.978187 8.696873 9.405102 9.854944 10.424841 10.837906 11.725185 12.488118 14.223571 14.734585 14.969481 15.253578 15.533984 15.875626 16.249891 16.691521 17.403749 17.781605 18.246708 18.655905 19.091156 19.573586 20.088350 20.787992 0.000000 0.000000 0.000000 0.000000 0.000000 0.000000 0.000000 0.000000 0.000000 0.000000 0.000000 0.000000 0.000000 0.000000 0.000000 0.000000 0.000000 0.000000 0.000000 0.000000 0.000000 0.000000 0.000000 0.000000 0.000000 0.000000 0.000000 0.000000 0.000000 0.000000 0.000000 0.000000 0.000000 0.000000 0.000000 0.000000 0.000000 0.000000 0.000000 0.000000 0.000000 0.000000 0.000000 0.000000 0.000000 0.000000 0.000000 0.000000 0.000000 0.000000 0.000000 0.000000 0.000000 0.000000 0.000000 0.000000 0.000000 0.000000 0.000000 0.000000 0.000000 0.000000 0.000000 0.000000 0.000000 0.000000 0.000000 0.000000 0.000000 0.000000 0.000000 0.000000 0.000000 0.000000 0.000000 0.000000 0.000000 0.000000 0.000000 0.000000 0.000000 0.000000 0.000000 0.000000 0.000000 0.000000 0.000000 0.000000 0.000000 0.000000 0.000000 0.000000 0.000000 0.000000 0.000000 0.000000 0.000000 0.000000 0.000000 0.000000 0.000000 0.000000 0.000000 0.000000 0.000000 0.000000 0.000000 0.000000 0.000000 0.000000 0.000000 0.000000 0.000000 0.000000 
0.000000 0.000000 0.000000 0.000000 0.000000 0.000000 0.000000 0.000000 0.000000 0.000000 0.000000 0.000000 0.000000 0.000000 0.000000 0.000000 0.000000 0.000000 0.000000 0.000000 0.000000 0.000000 0.000000 0.000000 0.000000 0.000000 0.000000 0.000000 0.000000 0.000000 0.000000 0.000000 0.000000 0.000000 0.000000 0.000000 0.000000 0.000000 0.000000 0.000000 0.000000 0.000000 0.000000 0.000000 0.000000 0.000000 0.000000 0.000000 0.000000 0.000000 0.000000 0.000000 0.000000 0.000000 0.000000 0.000000 0.000000 0.000000 0.000000 0.000000 0.000000 0.000000 0.000000 0.000000 0.000000 0.000000 0.000000 0.000000 0.000000 0.000000 0.000000 0.000000 0.000000 0.000000 0.000000 0.000000 0.000000 0.000000 0.000000 0.000000 0.000000 0.000000 0.000000 0.000000 13.792585 12.485648 11.787044 11.330463 10.866324 10.365425 9.961953 9.630110 9.458633 9.251651 9.453203 10.100618 9.430656 7.795623 7.311455 9.345399 9.784280 8.371142 9.049544 9.821178 10.293010 10.712575 11.166570 12.270561 13.204929 14.330352 14.918881 15.190946 15.521441 15.799778 16.088915 16.465645 16.875179 17.519976 17.990974 0.000000 0.000000 0.000000 0.000000 0.000000 0.000000 0.000000 0.000000 0.000000 0.000000 0.000000 0.000000 0.000000 0.000000 0.000000 0.000000 0.000000 0.000000 0.000000 0.000000 0.000000 0.000000 0.000000 0.000000 0.000000 0.000000 0.000000 0.000000 0.000000 0.000000 0.000000 0.000000 0.000000 0.000000 0.000000 0.000000 0.000000 0.000000 0.000000 0.000000 0.000000 0.000000 0.000000 0.000000 0.000000 0.000000 0.000000 0.000000 0.000000 0.000000 0.000000 0.000000 0.000000 0.000000 0.000000 0.000000 0.000000 0.000000 0.000000 0.000000 0.000000 0.000000 0.000000 0.000000 0.000000 0.000000 0.000000 0.000000 0.000000 0.000000 0.000000 0.000000 0.000000 0.000000 0.000000 0.000000 0.000000 0.000000 0.000000 0.000000 0.000000 0.000000 0.000000 0.000000 0.000000 0.000000 0.000000 0.000000 0.000000 0.000000 0.000000 0.000000 0.000000 0.000000 0.000000 0.000000 0.000000 0.000000 0.000000 0.000000 0.000000 0.000000 0.000000 0.000000 0.000000 0.000000 0.000000 0.000000 0.000000 0.000000 0.000000 0.000000 0.000000 0.000000 0.000000 0.000000 0.000000 0.000000 0.000000 0.000000 
0.000000 0.000000 0.000000 0.000000 0.000000 0.000000 0.000000 0.000000 0.000000 0.000000 0.000000 0.000000 0.000000 0.000000 0.000000 0.000000 0.000000 0.000000 0.000000 0.000000 0.000000 0.000000 0.000000 0.000000 0.000000 0.000000 0.000000 0.000000 0.000000 0.000000 0.000000 0.000000 0.000000 0.000000 0.000000 0.000000 0.000000 0.000000 0.000000 0.000000 0.000000 0.000000 0.000000 0.000000 0.000000 0.000000 0.000000 0.000000 0.000000 0.000000 0.000000 0.000000 0.000000 0.000000 0.000000 0.000000 0.000000 0.000000 0.000000 0.000000 0.000000 0.000000 0.000000 0.000000 0.000000 0.000000 0.000000 0.000000 0.000000 0.000000 0.000000 0.000000 0.000000 0.000000 0.000000 0.000000 0.000000 0.000000 0.000000 0.000000 0.000000 0.000000 0.000000 0.000000 0.000000 0.000000 0.000000 0.000000 0.000000 0.000000 9.939165 9.622111 9.395865 9.458959 9.968878 10.323677 9.303745 8.143126 7.458240 8.041091 9.080989 8.962567 9.426869 0.000000 0.000000 0.000000 0.000000 0.000000 0.000000 0.000000 0.000000 0.000000 0.000000 0.000000 0.000000 0.000000 0.000000 0.000000 0.000000 0.000000 0.000000 0.000000 0.000000 0.000000 0.000000 0.000000 0.000000 0.000000 0.000000 0.000000 0.000000 0.000000 0.000000 0.000000 0.000000 0.000000 0.000000 0.000000 0.000000 0.000000 0.000000 0.000000 0.000000 0.000000 0.000000 0.000000 0.000000 0.000000 0.000000 0.000000 0.000000 0.000000 0.000000 0.000000 0.000000 0.000000 0.000000 0.000000 0.000000 0.000000 0.000000 0.000000 0.000000 0.000000 0.000000 0.000000 0.000000 0.000000 0.000000 0.000000 0.000000 0.000000 0.000000 0.000000 0.000000 0.000000 0.000000 0.000000 0.000000 0.000000 0.000000 0.000000 0.000000 0.000000 0.000000 0.000000 0.000000 0.000000 0.000000 0.000000 0.000000 0.000000 0.000000 0.000000 0.000000 0.000000 0.000000 0.000000 0.000000 0.000000 0.000000 0.000000 0.000000 0.000000 0.000000 0.000000 0.000000 0.000000 0.000000 0.000000 0.000000 0.000000 0.000000 0.000000 0.000000 0.000000 0.000000 0.000000 0.000000 0.000000 0.000000 0.000000 0.000000 0.000000 0.000000 0.000000 0.000000 0.000000 0.000000 0.000000 0.000000 0.000000 0.000000 0.000000 0.000000 0.000000 0.000000 0.000000 0.000000 
